nodes,area_width_m,area_height_m,channel_model,ai_compute_scale,baseline,paired_runs,energy_mj_full_mean,energy_mj_baseline_mean,energy_mj_diff_mean,energy_mj_diff_ci95_low,energy_mj_diff_ci95_high,energy_mj_wilcoxon_p,f1_full_mean,f1_baseline_mean,f1_diff_mean,f1_diff_ci95_low,f1_diff_ci95_high,f1_wilcoxon_p,dcr_full_mean,dcr_baseline_mean,dcr_diff_mean,dcr_diff_ci95_low,dcr_diff_ci95_high,dcr_wilcoxon_p,tx_packets_full_mean,tx_packets_baseline_mean,tx_packets_diff_mean,tx_packets_diff_ci95_low,tx_packets_diff_ci95_high,tx_packets_wilcoxon_p,collisions_full_mean,collisions_baseline_mean,collisions_diff_mean,collisions_diff_ci95_low,collisions_diff_ci95_high,collisions_wilcoxon_p
20,100,100,log_normal,0.1,periodic,10,141.60158,403.88,-262.27842,-266.32463528537716,-258.2322047146228,0.001953125,1.0,1.0,0.0,0.0,0.0,1.0,1.0,1.0,0.0,0.0,0.0,1.0,39.9,600.0,-560.1,-561.5739871852301,-558.62601281477,0.001953125,377.9,10796.0,-10418.1,-10434.043073675493,-10402.156926324507,0.001953125
20,100,100,log_normal,0.1,event_driven,10,141.60158,277.28906,-135.68748,-141.58087746799285,-129.79408253200714,0.001953125,1.0,1.0,0.0,0.0,0.0,1.0,1.0,1.0,0.0,0.0,0.0,1.0,39.9,340.7,-300.8,-309.9690393050623,-291.6309606949377,0.001953125,377.9,5975.0,-5597.1,-5765.707461276844,-5428.492538723157,0.001953125
20,100,100,log_normal,0.1,distributed_edge,10,141.60158,286.58906,-144.98748,-150.88087746799286,-139.09408253200715,0.001953125,1.0,1.0,0.0,0.0,0.0,1.0,1.0,1.0,0.0,0.0,0.0,1.0,39.9,340.7,-300.8,-309.9690393050623,-291.6309606949377,0.001953125,377.9,5975.0,-5597.1,-5765.707461276844,-5428.492538723157,0.001953125
20,100,100,log_normal,0.25,periodic,10,173.65622,403.88,-230.22378,-234.57632106507012,-225.8712389349299,0.001953125,1.0,1.0,0.0,0.0,0.0,1.0,1.0,1.0,0.0,0.0,0.0,1.0,39.9,600.0,-560.1,-561.5739871852301,-558.62601281477,0.001953125,377.9,10796.0,-10418.1,-10434.043073675493,-10402.156926324507,0.001953125
20,100,100,log_normal,0.25,event_driven,10,173.65622,277.28906,-103.63283999999999,-109.66557310782225,-97.60010689217772,0.001953125,1.0,1.0,0.0,0.0,0.0,1.0,1.0,1.0,0.0,0.0,0.0,1.0,39.9,340.7,-300.8,-309.9690393050623,-291.6309606949377,0.001953125,377.9,5975.0,-5597.1,-5765.707461276844,-5428.492538723157,0.001953125
20,100,100,log_normal,0.25,distributed_edge,10,173.65622,300.53906,-126.88283999999999,-132.91557310782224,-120.85010689217772,0.001953125,1.0,1.0,0.0,0.0,0.0,1.0,1.0,1.0,0.0,0.0,0.0,1.0,39.9,340.7,-300.8,-309.9690393050623,-291.6309606949377,0.001953125,377.9,5975.0,-5597.1,-5765.707461276844,-5428.492538723157,0.001953125
20,100,100,log_normal,0.5,periodic,10,227.08058,403.88,-176.79942,-181.6627698243197,-171.9360701756803,0.001953125,1.0,1.0,0.0,0.0,0.0,1.0,1.0,1.0,0.0,0.0,0.0,1.0,39.9,600.0,-560.1,-561.5739871852301,-558.62601281477,0.001953125,377.9,10796.0,-10418.1,-10434.043073675493,-10402.156926324507,0.001953125
20,100,100,log_normal,0.5,event_driven,10,227.08058,277.28906,-50.208479999999994,-56.49996069136887,-43.91699930863112,0.001953125,1.0,1.0,0.0,0.0,0.0,1.0,1.0,1.0,0.0,0.0,0.0,1.0,39.9,340.7,-300.8,-309.9690393050623,-291.6309606949377,0.001953125,377.9,5975.0,-5597.1,-5765.707461276844,-5428.492538723157,0.001953125
20,100,100,log_normal,0.5,distributed_edge,10,227.08058,323.78906,-96.70848,-102.99996069136887,-90.41699930863112,0.001953125,1.0,1.0,0.0,0.0,0.0,1.0,1.0,1.0,0.0,0.0,0.0,1.0,39.9,340.7,-300.8,-309.9690393050623,-291.6309606949377,0.001953125,377.9,5975.0,-5597.1,-5765.707461276844,-5428.492538723157,0.001953125
20,100,100,log_normal,0.75,periodic,10,280.50497,403.88,-123.37503,-128.7494521104433,-118.0006078895567,0.001953125,1.0,1.0,0.0,0.0,0.0,1.0,1.0,1.0,0.0,0.0,0.0,1.0,39.9,600.0,-560.1,-561.5739871852301,-558.62601281477,0.001953125,377.9,10796.0,-10418.1,-10434.043073675493,-10402.156926324507,0.001953125
20,100,100,log_normal,0.75,event_driven,10,280.50497,277.28906,3.215910000000008,-3.3640991788199495,9.795919178819965,0.322265625,1.0,1.0,0.0,0.0,0.0,1.0,1.0,1.0,0.0,0.0,0.0,1.0,39.9,340.7,-300.8,-309.9690393050623,-291.6309606949377,0.001953125,377.9,5975.0,-5597.1,-5765.707461276844,-5428.492538723157,0.001953125
20,100,100,log_normal,0.75,distributed_edge,10,280.50497,347.03906,-66.53408999999999,-73.11409917881996,-59.954080821180035,0.001953125,1.0,1.0,0.0,0.0,0.0,1.0,1.0,1.0,0.0,0.0,0.0,1.0,39.9,340.7,-300.8,-309.9690393050623,-291.6309606949377,0.001953125,377.9,5975.0,-5597.1,-5765.707461276844,-5428.492538723157,0.001953125
20,100,100,log_normal,1.0,periodic,10,333.92933,403.88,-69.95066999999999,-75.83634905411293,-64.06499094588705,0.001953125,1.0,1.0,0.0,0.0,0.0,1.0,1.0,1.0,0.0,0.0,0.0,1.0,39.9,600.0,-560.1,-561.5739871852301,-558.62601281477,0.001953125,377.9,10796.0,-10418.1,-10434.043073675493,-10402.156926324507,0.001953125
20,100,100,log_normal,1.0,event_driven,10,333.92933,277.28906,56.64027000000001,49.74573386990244,63.53480613009758,0.001953125,1.0,1.0,0.0,0.0,0.0,1.0,1.0,1.0,0.0,0.0,0.0,1.0,39.9,340.7,-300.8,-309.9690393050623,-291.6309606949377,0.001953125,377.9,5975.0,-5597.1,-5765.707461276844,-5428.492538723157,0.001953125
20,100,100,log_normal,1.0,distributed_edge,10,333.92933,370.28906,-36.35972999999999,-43.25426613009756,-29.465193869902425,0.001953125,1.0,1.0,0.0,0.0,0.0,1.0,1.0,1.0,0.0,0.0,0.0,1.0,39.9,340.7,-300.8,-309.9690393050623,-291.6309606949377,0.001953125,377.9,5975.0,-5597.1,-5765.707461276844,-5428.492538723157,0.001953125
20,100,100,log_normal,1.25,periodic,10,387.35366,403.88,-16.526339999999998,-22.923430050643493,-10.129249949356502,0.00390625,1.0,1.0,0.0,0.0,0.0,1.0,1.0,1.0,0.0,0.0,0.0,1.0,39.9,600.0,-560.1,-561.5739871852301,-558.62601281477,0.001953125,377.9,10796.0,-10418.1,-10434.043073675493,-10402.156926324507,0.001953125
20,100,100,log_normal,1.25,event_driven,10,387.35366,277.28906,110.0646,102.83288900238747,117.29631099761252,0.001953125,1.0,1.0,0.0,0.0,0.0,1.0,1.0,1.0,0.0,0.0,0.0,1.0,39.9,340.7,-300.8,-309.9690393050623,-291.6309606949377,0.001953125,377.9,5975.0,-5597.1,-5765.707461276844,-5428.492538723157,0.001953125
20,100,100,log_normal,1.25,distributed_edge,10,387.35366,393.53906,-6.185399999999999,-13.417110997612518,1.0463109976125216,0.16015625,1.0,1.0,0.0,0.0,0.0,1.0,1.0,1.0,0.0,0.0,0.0,1.0,39.9,340.7,-300.8,-309.9690393050623,-291.6309606949377,0.001953125,377.9,5975.0,-5597.1,-5765.707461276844,-5428.492538723157,0.001953125
20,100,100,log_normal,1.5,periodic,10,440.77806,403.88,36.89806,29.9894423231308,43.8066776768692,0.001953125,1.0,1.0,0.0,0.0,0.0,1.0,1.0,1.0,0.0,0.0,0.0,1.0,39.9,600.0,-560.1,-561.5739871852301,-558.62601281477,0.001953125,377.9,10796.0,-10418.1,-10434.043073675493,-10402.156926324507,0.001953125
20,100,100,log_normal,1.5,event_driven,10,440.77806,277.28906,163.489,155.90050044798517,171.07749955201484,0.001953125,1.0,1.0,0.0,0.0,0.0,1.0,1.0,1.0,0.0,0.0,0.0,1.0,39.9,340.7,-300.8,-309.9690393050623,-291.6309606949377,0.001953125,377.9,5975.0,-5597.1,-5765.707461276844,-5428.492538723157,0.001953125
20,100,100,log_normal,1.5,distributed_edge,10,440.77806,416.78906,23.989000000000004,16.400500447985163,31.577499552014846,0.00390625,1.0,1.0,0.0,0.0,0.0,1.0,1.0,1.0,0.0,0.0,0.0,1.0,39.9,340.7,-300.8,-309.9690393050623,-291.6309606949377,0.001953125,377.9,5975.0,-5597.1,-5765.707461276844,-5428.492538723157,0.001953125
20,100,100,log_normal,2.0,periodic,10,547.62683,403.88,143.74683000000002,135.81494331424545,151.67871668575458,0.001953125,1.0,1.0,0.0,0.0,0.0,1.0,1.0,1.0,0.0,0.0,0.0,1.0,39.9,600.0,-560.1,-561.5739871852301,-558.62601281477,0.001953125,377.9,10796.0,-10418.1,-10434.043073675493,-10402.156926324507,0.001953125
20,100,100,log_normal,2.0,event_driven,10,547.62683,277.28906,270.33777000000003,261.9870848540418,278.68845514595824,0.001953125,1.0,1.0,0.0,0.0,0.0,1.0,1.0,1.0,0.0,0.0,0.0,1.0,39.9,340.7,-300.8,-309.9690393050623,-291.6309606949377,0.001953125,377.9,5975.0,-5597.1,-5765.707461276844,-5428.492538723157,0.001953125
20,100,100,log_normal,2.0,distributed_edge,10,547.62683,463.28906,84.33777,75.98708485404178,92.68845514595823,0.001953125,1.0,1.0,0.0,0.0,0.0,1.0,1.0,1.0,0.0,0.0,0.0,1.0,39.9,340.7,-300.8,-309.9690393050623,-291.6309606949377,0.001953125,377.9,5975.0,-5597.1,-5765.707461276844,-5428.492538723157,0.001953125
20,100,100,log_normal,3.0,periodic,10,761.32433,403.88,357.44433,347.46522905275646,367.4234309472435,0.001953125,1.0,1.0,0.0,0.0,0.0,1.0,1.0,1.0,0.0,0.0,0.0,1.0,39.9,600.0,-560.1,-561.5739871852301,-558.62601281477,0.001953125,377.9,10796.0,-10418.1,-10434.043073675493,-10402.156926324507,0.001953125
20,100,100,log_normal,3.0,event_driven,10,761.32433,277.28906,484.03527,474.0189195061009,494.0516204938992,0.001953125,1.0,1.0,0.0,0.0,0.0,1.0,1.0,1.0,0.0,0.0,0.0,1.0,39.9,340.7,-300.8,-309.9690393050623,-291.6309606949377,0.001953125,377.9,5975.0,-5597.1,-5765.707461276844,-5428.492538723157,0.001953125
20,100,100,log_normal,3.0,distributed_edge,10,761.32433,556.28906,205.03527,195.01891950610084,215.05162049389915,0.001953125,1.0,1.0,0.0,0.0,0.0,1.0,1.0,1.0,0.0,0.0,0.0,1.0,39.9,340.7,-300.8,-309.9690393050623,-291.6309606949377,0.001953125,377.9,5975.0,-5597.1,-5765.707461276844,-5428.492538723157,0.001953125
20,100,100,log_normal,4.0,periodic,10,975.02183,403.88,571.14183,559.1150221988042,583.1686378011958,0.001953125,1.0,1.0,0.0,0.0,0.0,1.0,1.0,1.0,0.0,0.0,0.0,1.0,39.9,600.0,-560.1,-561.5739871852301,-558.62601281477,0.001953125,377.9,10796.0,-10418.1,-10434.043073675493,-10402.156926324507,0.001953125
20,100,100,log_normal,4.0,event_driven,10,975.02183,277.28906,697.73277,685.9296080135516,709.5359319864483,0.001953125,1.0,1.0,0.0,0.0,0.0,1.0,1.0,1.0,0.0,0.0,0.0,1.0,39.9,340.7,-300.8,-309.9690393050623,-291.6309606949377,0.001953125,377.9,5975.0,-5597.1,-5765.707461276844,-5428.492538723157,0.001953125
20,100,100,log_normal,4.0,distributed_edge,10,975.02183,649.28906,325.73277,313.9296080135516,337.5359319864484,0.001953125,1.0,1.0,0.0,0.0,0.0,1.0,1.0,1.0,0.0,0.0,0.0,1.0,39.9,340.7,-300.8,-309.9690393050623,-291.6309606949377,0.001953125,377.9,5975.0,-5597.1,-5765.707461276844,-5428.492538723157,0.001953125
20,100,100,rician,0.1,periodic,10,140.34602999999998,403.88,-263.53397,-267.38077096333456,-259.68716903666547,0.001953125,1.0,1.0,0.0,0.0,0.0,1.0,1.0,1.0,0.0,0.0,0.0,1.0,39.9,600.0,-560.1,-561.5739871852301,-558.62601281477,0.001953125,362.3,10754.3,-10392.0,-10409.906578307055,-10374.093421692945,0.001953125
20,100,100,rician,0.1,event_driven,10,140.34602999999998,277.16306,-136.81703,-142.4099932371656,-131.22406676283438,0.001953125,1.0,1.0,0.0,0.0,0.0,1.0,1.0,1.0,0.0,0.0,0.0,1.0,39.9,340.7,-300.8,-309.9690393050623,-291.6309606949377,0.001953125,362.3,5950.1,-5587.8,-5754.108640390223,-5421.491359609778,0.001953125
20,100,100,rician,0.1,distributed_edge,10,140.34602999999998,286.46306,-146.11703,-151.7099932371656,-140.5240667628344,0.001953125,1.0,1.0,0.0,0.0,0.0,1.0,1.0,1.0,0.0,0.0,0.0,1.0,39.9,340.7,-300.8,-309.9690393050623,-291.6309606949377,0.001953125,362.3,5950.1,-5587.8,-5754.108640390223,-5421.491359609778,0.001953125
20,100,100,rician,0.25,periodic,10,172.29514,403.88,-231.58486,-235.72006868107934,-227.44965131892064,0.001953125,1.0,1.0,0.0,0.0,0.0,1.0,1.0,1.0,0.0,0.0,0.0,1.0,39.9,600.0,-560.1,-561.5739871852301,-558.62601281477,0.001953125,362.3,10754.3,-10392.0,-10409.906578307055,-10374.093421692945,0.001953125
20,100,100,rician,0.25,event_driven,10,172.29514,277.16306,-104.86792,-110.57139939240363,-99.16444060759636,0.001953125,1.0,1.0,0.0,0.0,0.0,1.0,1.0,1.0,0.0,0.0,0.0,1.0,39.9,340.7,-300.8,-309.9690393050623,-291.6309606949377,0.001953125,362.3,5950.1,-5587.8,-5754.108640390223,-5421.491359609778,0.001953125
20,100,100,rician,0.25,distributed_edge,10,172.29514,300.41306,-128.11792,-133.82139939240363,-122.41444060759636,0.001953125,1.0,1.0,0.0,0.0,0.0,1.0,1.0,1.0,0.0,0.0,0.0,1.0,39.9,340.7,-300.8,-309.9690393050623,-291.6309606949377,0.001953125,362.3,5950.1,-5587.8,-5754.108640390223,-5421.491359609778,0.001953125
20,100,100,rician,0.5,periodic,10,225.54363,403.88,-178.33637,-182.9525043491917,-173.72023565080826,0.001953125,1.0,1.0,0.0,0.0,0.0,1.0,1.0,1.0,0.0,0.0,0.0,1.0,39.9,600.0,-560.1,-561.5739871852301,-558.62601281477,0.001953125,362.3,10754.3,-10392.0,-10409.906578307055,-10374.093421692945,0.001953125
20,100,100,rician,0.5,event_driven,10,225.54363,277.16306,-51.619429999999994,-57.53401875849326,-45.70484124150673,0.001953125,1.0,1.0,0.0,0.0,0.0,1.0,1.0,1.0,0.0,0.0,0.0,1.0,39.9,340.7,-300.8,-309.9690393050623,-291.6309606949377,0.001953125,362.3,5950.1,-5587.8,-5754.108640390223,-5421.491359609778,0.001953125
20,100,100,rician,0.5,distributed_edge,10,225.54363,323.66306,-98.11943,-104.03401875849326,-92.20484124150673,0.001953125,1.0,1.0,0.0,0.0,0.0,1.0,1.0,1.0,0.0,0.0,0.0,1.0,39.9,340.7,-300.8,-309.9690393050623,-291.6309606949377,0.001953125,362.3,5950.1,-5587.8,-5754.108640390223,-5421.491359609778,0.001953125
20,100,100,rician,0.75,periodic,10,278.79214,403.88,-125.08786,-130.18516808798887,-119.99055191201114,0.001953125,1.0,1.0,0.0,0.0,0.0,1.0,1.0,1.0,0.0,0.0,0.0,1.0,39.9,600.0,-560.1,-561.5739871852301,-558.62601281477,0.001953125,362.3,10754.3,-10392.0,-10409.906578307055,-10374.093421692945,0.001953125
20,100,100,rician,0.75,event_driven,10,278.79214,277.16306,1.6290799999999934,-4.52723023842948,7.785390238429466,0.4921875,1.0,1.0,0.0,0.0,0.0,1.0,1.0,1.0,0.0,0.0,0.0,1.0,39.9,340.7,-300.8,-309.9690393050623,-291.6309606949377,0.001953125,362.3,5950.1,-5587.8,-5754.108640390223,-5421.491359609778,0.001953125
20,100,100,rician,0.75,distributed_edge,10,278.79214,346.91306,-68.12092000000001,-74.27723023842948,-61.96460976157054,0.001953125,1.0,1.0,0.0,0.0,0.0,1.0,1.0,1.0,0.0,0.0,0.0,1.0,39.9,340.7,-300.8,-309.9690393050623,-291.6309606949377,0.001953125,362.3,5950.1,-5587.8,-5754.108640390223,-5421.491359609778,0.001953125
20,100,100,rician,1.0,periodic,10,332.04063,403.88,-71.83936999999999,-77.41802345397552,-66.26071654602445,0.001953125,1.0,1.0,0.0,0.0,0.0,1.0,1.0,1.0,0.0,0.0,0.0,1.0,39.9,600.0,-560.1,-561.5739871852301,-558.62601281477,0.001953125,362.3,10754.3,-10392.0,-10409.906578307055,-10374.093421692945,0.001953125
20,100,100,rician,1.0,event_driven,10,332.04063,277.16306,54.877570000000006,48.45239156852619,61.30274843147382,0.001953125,1.0,1.0,0.0,0.0,0.0,1.0,1.0,1.0,0.0,0.0,0.0,1.0,39.9,340.7,-300.8,-309.9690393050623,-291.6309606949377,0.001953125,362.3,5950.1,-5587.8,-5754.108640390223,-5421.491359609778,0.001953125
20,100,100,rician,1.0,distributed_edge,10,332.04063,370.16306,-38.122429999999994,-44.54760843147381,-31.697251568526177,0.001953125,1.0,1.0,0.0,0.0,0.0,1.0,1.0,1.0,0.0,0.0,0.0,1.0,39.9,340.7,-300.8,-309.9690393050623,-291.6309606949377,0.001953125,362.3,5950.1,-5587.8,-5754.108640390223,-5421.491359609778,0.001953125
20,100,100,rician,1.25,periodic,10,385.28907,403.88,-18.590929999999993,-24.65107612914078,-12.530783870859207,0.001953125,1.0,1.0,0.0,0.0,0.0,1.0,1.0,1.0,0.0,0.0,0.0,1.0,39.9,600.0,-560.1,-561.5739871852301,-558.62601281477,0.001953125,362.3,10754.3,-10392.0,-10409.906578307055,-10374.093421692945,0.001953125
20,100,100,rician,1.25,event_driven,10,385.28907,277.16306,108.12601000000001,101.40804989681406,114.84397010318595,0.001953125,1.0,1.0,0.0,0.0,0.0,1.0,1.0,1.0,0.0,0.0,0.0,1.0,39.9,340.7,-300.8,-309.9690393050623,-291.6309606949377,0.001953125,362.3,5950.1,-5587.8,-5754.108640390223,-5421.491359609778,0.001953125
20,100,100,rician,1.25,distributed_edge,10,385.28907,393.41306,-8.123989999999992,-14.841950103185935,-1.406029896814049,0.037109375,1.0,1.0,0.0,0.0,0.0,1.0,1.0,1.0,0.0,0.0,0.0,1.0,39.9,340.7,-300.8,-309.9690393050623,-291.6309606949377,0.001953125,362.3,5950.1,-5587.8,-5754.108640390223,-5421.491359609778,0.001953125
20,100,100,rician,1.5,periodic,10,438.53761,403.88,34.657610000000005,28.115862774173824,41.19935722582619,0.001953125,1.0,1.0,0.0,0.0,0.0,1.0,1.0,1.0,0.0,0.0,0.0,1.0,39.9,600.0,-560.1,-561.5739871852301,-558.62601281477,0.001953125,362.3,10754.3,-10392.0,-10409.906578307055,-10374.093421692945,0.001953125
20,100,100,rician,1.5,event_driven,10,438.53761,277.16306,161.37455,154.34291891488908,168.40618108511092,0.001953125,1.0,1.0,0.0,0.0,0.0,1.0,1.0,1.0,0.0,0.0,0.0,1.0,39.9,340.7,-300.8,-309.9690393050623,-291.6309606949377,0.001953125,362.3,5950.1,-5587.8,-5754.108640390223,-5421.491359609778,0.001953125
20,100,100,rician,1.5,distributed_edge,10,438.53761,416.66306,21.874550000000006,14.842918914889104,28.90618108511091,0.00390625,1.0,1.0,0.0,0.0,0.0,1.0,1.0,1.0,0.0,0.0,0.0,1.0,39.9,340.7,-300.8,-309.9690393050623,-291.6309606949377,0.001953125,362.3,5950.1,-5587.8,-5754.108640390223,-5421.491359609778,0.001953125
20,100,100,rician,2.0,periodic,10,545.03463,403.88,141.15463,133.64948203173955,148.65977796826044,0.001953125,1.0,1.0,0.0,0.0,0.0,1.0,1.0,1.0,0.0,0.0,0.0,1.0,39.9,600.0,-560.1,-561.5739871852301,-558.62601281477,0.001953125,362.3,10754.3,-10392.0,-10409.906578307055,-10374.093421692945,0.001953125
20,100,100,rician,2.0,event_driven,10,545.03463,277.16306,267.87157,260.16024398750136,275.5828960124987,0.001953125,1.0,1.0,0.0,0.0,0.0,1.0,1.0,1.0,0.0,0.0,0.0,1.0,39.9,340.7,-300.8,-309.9690393050623,-291.6309606949377,0.001953125,362.3,5950.1,-5587.8,-5754.108640390223,-5421.491359609778,0.001953125
20,100,100,rician,2.0,distributed_edge,10,545.03463,463.16306,81.87157,74.16024398750133,89.58289601249868,0.001953125,1.0,1.0,0.0,0.0,0.0,1.0,1.0,1.0,0.0,0.0,0.0,1.0,39.9,340.7,-300.8,-309.9690393050623,-291.6309606949377,0.001953125,362.3,5950.1,-5587.8,-5754.108640390223,-5421.491359609778,0.001953125
20,100,100,rician,3.0,periodic,10,758.02861,403.88,354.14861,344.71601010809326,363.5812098919068,0.001953125,1.0,1.0,0.0,0.0,0.0,1.0,1.0,1.0,0.0,0.0,0.0,1.0,39.9,600.0,-560.1,-561.5739871852301,-558.62601281477,0.001953125,362.3,10754.3,-10392.0,-10409.906578307055,-10374.093421692945,0.001953125
20,100,100,rician,3.0,event_driven,10,758.02861,277.16306,480.86555,471.6412807265075,490.0898192734925,0.001953125,1.0,1.0,0.0,0.0,0.0,1.0,1.0,1.0,0.0,0.0,0.0,1.0,39.9,340.7,-300.8,-309.9690393050623,-291.6309606949377,0.001953125,362.3,5950.1,-5587.8,-5754.108640390223,-5421.491359609778,0.001953125
20,100,100,rician,3.0,distributed_edge,10,758.02861,556.16306,201.86554999999998,192.64128072650746,211.0898192734925,0.001953125,1.0,1.0,0.0,0.0,0.0,1.0,1.0,1.0,0.0,0.0,0.0,1.0,39.9,340.7,-300.8,-309.9690393050623,-291.6309606949377,0.001953125,362.3,5950.1,-5587.8,-5754.108640390223,-5421.491359609778,0.001953125
20,100,100,rician,4.0,periodic,10,971.02263,403.88,567.14263,555.7821259714393,578.5031340285608,0.001953125,1.0,1.0,0.0,0.0,0.0,1.0,1.0,1.0,0.0,0.0,0.0,1.0,39.9,600.0,-560.1,-561.5739871852301,-558.62601281477,0.001953125,362.3,10754.3,-10392.0,-10409.906578307055,-10374.093421692945,0.001953125
20,100,100,rician,4.0,event_driven,10,971.02263,277.16306,693.8595700000001,682.9898932207134,704.7292467792868,0.001953125,1.0,1.0,0.0,0.0,0.0,1.0,1.0,1.0,0.0,0.0,0.0,1.0,39.9,340.7,-300.8,-309.9690393050623,-291.6309606949377,0.001953125,362.3,5950.1,-5587.8,-5754.108640390223,-5421.491359609778,0.001953125
20,100,100,rician,4.0,distributed_edge,10,971.02263,649.16306,321.85957,310.9898932207133,332.7292467792867,0.001953125,1.0,1.0,0.0,0.0,0.0,1.0,1.0,1.0,0.0,0.0,0.0,1.0,39.9,340.7,-300.8,-309.9690393050623,-291.6309606949377,0.001953125,362.3,5950.1,-5587.8,-5754.108640390223,-5421.491359609778,0.001953125
20,500,500,log_normal,0.1,periodic,10,118.0904,403.88,-285.7896,-289.7162001273476,-281.86299987265244,0.001953125,0.99744,1.0,-0.0025599999999999954,-0.007577599999999987,0.0024575999999999964,1.0,0.995,1.0,-0.0050000000000000044,-0.014800000000000011,0.004800000000000002,1.0,35.0,600.0,-565.0,-567.3915926817825,-562.6084073182175,0.001953125,161.7,6714.6,-6552.9,-6980.423027827352,-6125.376972172648,0.001953125
20,500,500,log_normal,0.1,event_driven,10,118.0904,274.02386,-155.93346,-162.63430269545154,-149.23261730454846,0.001953125,0.99744,1.0,-0.0025599999999999954,-0.007577599999999987,0.0024575999999999964,1.0,0.995,1.0,-0.0050000000000000044,-0.014800000000000011,0.004800000000000002,1.0,35.0,346.7,-311.7,-321.85528858389665,-301.5447114161033,0.001953125,161.7,3798.5,-3636.8,-3965.6952678312323,-3307.904732168768,0.001953125
20,500,500,log_normal,0.1,distributed_edge,10,118.0904,283.32385999999997,-165.23345999999998,-171.93430269545152,-158.53261730454844,0.001953125,0.99744,1.0,-0.0025599999999999954,-0.007577599999999987,0.0024575999999999964,1.0,0.995,1.0,-0.0050000000000000044,-0.014800000000000011,0.004800000000000002,1.0,35.0,346.7,-311.7,-321.85528858389665,-301.5447114161033,0.001953125,161.7,3798.5,-3636.8,-3965.6952678312323,-3307.904732168768,0.001953125
20,500,500,log_normal,0.25,periodic,10,148.19833,403.88,-255.68167,-259.8575081356874,-251.50583186431257,0.001953125,0.99744,1.0,-0.0025599999999999954,-0.007577599999999987,0.0024575999999999964,1.0,0.995,1.0,-0.0050000000000000044,-0.014800000000000011,0.004800000000000002,1.0,35.0,600.0,-565.0,-567.3915926817825,-562.6084073182175,0.001953125,161.7,6714.6,-6552.9,-6980.423027827352,-6125.376972172648,0.001953125
20,500,500,log_normal,0.25,event_driven,10,148.19833,274.02386,-125.82553,-132.6716535418092,-118.97940645819081,0.001953125,0.99744,1.0,-0.0025599999999999954,-0.007577599999999987,0.0024575999999999964,1.0,0.995,1.0,-0.0050000000000000044,-0.014800000000000011,0.004800000000000002,1.0,35.0,346.7,-311.7,-321.85528858389665,-301.5447114161033,0.001953125,161.7,3798.5,-3636.8,-3965.6952678312323,-3307.904732168768,0.001953125
20,500,500,log_normal,0.25,distributed_edge,10,148.19833,297.27386,-149.07553000000001,-155.9216535418092,-142.22940645819082,0.001953125,0.99744,1.0,-0.0025599999999999954,-0.007577599999999987,0.0024575999999999964,1.0,0.995,1.0,-0.0050000000000000044,-0.014800000000000011,0.004800000000000002,1.0,35.0,346.7,-311.7,-321.85528858389665,-301.5447114161033,0.001953125,161.7,3798.5,-3636.8,-3965.6952678312323,-3307.904732168768,0.001953125
20,500,500,log_normal,0.5,periodic,10,198.3782,403.88,-205.5018,-210.09350993356108,-200.91009006643893,0.001953125,0.99744,1.0,-0.0025599999999999954,-0.007577599999999987,0.0024575999999999964,1.0,0.995,1.0,-0.0050000000000000044,-0.014800000000000011,0.004800000000000002,1.0,35.0,600.0,-565.0,-567.3915926817825,-562.6084073182175,0.001953125,161.7,6714.6,-6552.9,-6980.423027827352,-6125.376972172648,0.001953125
20,500,500,log_normal,0.5,event_driven,10,198.3782,274.02386,-75.64566,-82.74708148839498,-68.54423851160503,0.001953125,0.99744,1.0,-0.0025599999999999954,-0.007577599999999987,0.0024575999999999964,1.0,0.995,1.0,-0.0050000000000000044,-0.014800000000000011,0.004800000000000002,1.0,35.0,346.7,-311.7,-321.85528858389665,-301.5447114161033,0.001953125,161.7,3798.5,-3636.8,-3965.6952678312323,-3307.904732168768,0.001953125
20,500,500,log_normal,0.5,distributed_edge,10,198.3782,320.52386,-122.14566,-129.24708148839497,-115.04423851160503,0.001953125,0.99744,1.0,-0.0025599999999999954,-0.007577599999999987,0.0024575999999999964,1.0,0.995,1.0,-0.0050000000000000044,-0.014800000000000011,0.004800000000000002,1.0,35.0,346.7,-311.7,-321.85528858389665,-301.5447114161033,0.001953125,161.7,3798.5,-3636.8,-3965.6952678312323,-3307.904732168768,0.001953125
20,500,500,log_normal,0.75,periodic,10,248.55808,403.88,-155.32192,-160.32996192598705,-150.31387807401296,0.001953125,0.99744,1.0,-0.0025599999999999954,-0.007577599999999987,0.0024575999999999964,1.0,0.995,1.0,-0.0050000000000000044,-0.014800000000000011,0.004800000000000002,1.0,35.0,600.0,-565.0,-567.3915926817825,-562.6084073182175,0.001953125,161.7,6714.6,-6552.9,-6980.423027827352,-6125.376972172648,0.001953125
20,500,500,log_normal,0.75,event_driven,10,248.55808,274.02386,-25.465780000000002,-32.837439976739624,-18.09412002326038,0.001953125,0.99744,1.0,-0.0025599999999999954,-0.007577599999999987,0.0024575999999999964,1.0,0.995,1.0,-0.0050000000000000044,-0.014800000000000011,0.004800000000000002,1.0,35.0,346.7,-311.7,-321.85528858389665,-301.5447114161033,0.001953125,161.7,3798.5,-3636.8,-3965.6952678312323,-3307.904732168768,0.001953125
20,500,500,log_normal,0.75,distributed_edge,10,248.55808,343.77386,-95.21578,-102.58743997673962,-87.84412002326037,0.001953125,0.99744,1.0,-0.0025599999999999954,-0.007577599999999987,0.0024575999999999964,1.0,0.995,1.0,-0.0050000000000000044,-0.014800000000000011,0.004800000000000002,1.0,35.0,346.7,-311.7,-321.85528858389665,-301.5447114161033,0.001953125,161.7,3798.5,-3636.8,-3965.6952678312323,-3307.904732168768,0.001953125
20,500,500,log_normal,1.0,periodic,10,298.73795,403.88,-105.14204999999998,-110.56678225913407,-99.7173177408659,0.001953125,0.99744,1.0,-0.0025599999999999954,-0.007577599999999987,0.0024575999999999964,1.0,0.995,1.0,-0.0050000000000000044,-0.014800000000000011,0.004800000000000002,1.0,35.0,600.0,-565.0,-567.3915926817825,-562.6084073182175,0.001953125,161.7,6714.6,-6552.9,-6980.423027827352,-6125.376972172648,0.001953125
20,500,500,log_normal,1.0,event_driven,10,298.73795,274.02386,24.714090000000006,17.0588166155197,32.36936338448031,0.001953125,0.99744,1.0,-0.0025599999999999954,-0.007577599999999987,0.0024575999999999964,1.0,0.995,1.0,-0.0050000000000000044,-0.014800000000000011,0.004800000000000002,1.0,35.0,346.7,-311.7,-321.85528858389665,-301.5447114161033,0.001953125,161.7,3798.5,-3636.8,-3965.6952678312323,-3307.904732168768,0.001953125
20,500,500,log_normal,1.0,distributed_edge,10,298.73795,367.02386,-68.28591,-75.94118338448031,-60.6306366155197,0.001953125,0.99744,1.0,-0.0025599999999999954,-0.007577599999999987,0.0024575999999999964,1.0,0.995,1.0,-0.0050000000000000044,-0.014800000000000011,0.004800000000000002,1.0,35.0,346.7,-311.7,-321.85528858389665,-301.5447114161033,0.001953125,161.7,3798.5,-3636.8,-3965.6952678312323,-3307.904732168768,0.001953125
20,500,500,log_normal,1.25,periodic,10,348.91783,403.88,-54.96216999999999,-60.803870179025495,-49.12046982097449,0.001953125,0.99744,1.0,-0.0025599999999999954,-0.007577599999999987,0.0024575999999999964,1.0,0.995,1.0,-0.0050000000000000044,-0.014800000000000011,0.004800000000000002,1.0,35.0,600.0,-565.0,-567.3915926817825,-562.6084073182175,0.001953125,161.7,6714.6,-6552.9,-6980.423027827352,-6125.376972172648,0.001953125
20,500,500,log_normal,1.25,event_driven,10,348.91783,274.02386,74.89397,66.94315549280545,82.84478450719455,0.001953125,0.99744,1.0,-0.0025599999999999954,-0.007577599999999987,0.0024575999999999964,1.0,0.995,1.0,-0.0050000000000000044,-0.014800000000000011,0.004800000000000002,1.0,35.0,346.7,-311.7,-321.85528858389665,-301.5447114161033,0.001953125,161.7,3798.5,-3636.8,-3965.6952678312323,-3307.904732168768,0.001953125
20,500,500,log_normal,1.25,distributed_edge,10,348.91783,390.27386,-41.35603,-49.30684450719455,-33.405215492805446,0.001953125,0.99744,1.0,-0.0025599999999999954,-0.007577599999999987,0.0024575999999999964,1.0,0.995,1.0,-0.0050000000000000044,-0.014800000000000011,0.004800000000000002,1.0,35.0,346.7,-311.7,-321.85528858389665,-301.5447114161033,0.001953125,161.7,3798.5,-3636.8,-3965.6952678312323,-3307.904732168768,0.001953125
20,500,500,log_normal,1.5,periodic,10,399.09770000000003,403.88,-4.782299999999992,-11.041194255762482,1.4765942557624978,0.193359375,0.99744,1.0,-0.0025599999999999954,-0.007577599999999987,0.0024575999999999964,1.0,0.995,1.0,-0.0050000000000000044,-0.014800000000000011,0.004800000000000002,1.0,35.0,600.0,-565.0,-567.3915926817825,-562.6084073182175,0.001953125,161.7,6714.6,-6552.9,-6980.423027827352,-6125.376972172648,0.001953125
20,500,500,log_normal,1.5,event_driven,10,399.09770000000003,274.02386,125.07384,116.81682169563449,133.3308583043655,0.001953125,0.99744,1.0,-0.0025599999999999954,-0.007577599999999987,0.0024575999999999964,1.0,0.995,1.0,-0.0050000000000000044,-0.014800000000000011,0.004800000000000002,1.0,35.0,346.7,-311.7,-321.85528858389665,-301.5447114161033,0.001953125,161.7,3798.5,-3636.8,-3965.6952678312323,-3307.904732168768,0.001953125
20,500,500,log_normal,1.5,distributed_edge,10,399.09770000000003,413.52386,-14.42616,-22.683178304365516,-6.169141695634483,0.005859375,0.99744,1.0,-0.0025599999999999954,-0.007577599999999987,0.0024575999999999964,1.0,0.995,1.0,-0.0050000000000000044,-0.014800000000000011,0.004800000000000002,1.0,35.0,346.7,-311.7,-321.85528858389665,-301.5447114161033,0.001953125,161.7,3798.5,-3636.8,-3965.6952678312323,-3307.904732168768,0.001953125
20,500,500,log_normal,2.0,periodic,10,499.45745,403.88,95.57745,88.48365610825608,102.67124389174391,0.001953125,0.99744,1.0,-0.0025599999999999954,-0.007577599999999987,0.0024575999999999964,1.0,0.995,1.0,-0.0050000000000000044,-0.014800000000000011,0.004800000000000002,1.0,35.0,600.0,-565.0,-567.3915926817825,-562.6084073182175,0.001953125,161.7,6714.6,-6552.9,-6980.423027827352,-6125.376972172648,0.001953125
20,500,500,log_normal,2.0,event_driven,10,499.45745,274.02386,225.43359,216.53664618662668,234.33053381337334,0.001953125,0.99744,1.0,-0.0025599999999999954,-0.007577599999999987,0.0024575999999999964,1.0,0.995,1.0,-0.0050000000000000044,-0.014800000000000011,0.004800000000000002,1.0,35.0,346.7,-311.7,-321.85528858389665,-301.5447114161033,0.001953125,161.7,3798.5,-3636.8,-3965.6952678312323,-3307.904732168768,0.001953125
20,500,500,log_normal,2.0,distributed_edge,10,499.45745,460.02386,39.433589999999995,30.536646186626673,48.33053381337332,0.001953125,0.99744,1.0,-0.0025599999999999954,-0.007577599999999987,0.0024575999999999964,1.0,0.995,1.0,-0.0050000000000000044,-0.014800000000000011,0.004800000000000002,1.0,35.0,346.7,-311.7,-321.85528858389665,-301.5447114161033,0.001953125,161.7,3798.5,-3636.8,-3965.6952678312323,-3307.904732168768,0.001953125
20,500,500,log_normal,3.0,periodic,10,700.17695,403.88,296.29695,287.5319872229771,305.0619127770229,0.001953125,0.99744,1.0,-0.0025599999999999954,-0.007577599999999987,0.0024575999999999964,1.0,0.995,1.0,-0.0050000000000000044,-0.014800000000000011,0.004800000000000002,1.0,35.0,600.0,-565.0,-567.3915926817825,-562.6084073182175,0.001953125,161.7,6714.6,-6552.9,-6980.423027827352,-6125.376972172648,0.001953125
20,500,500,log_normal,3.0,event_driven,10,700.17695,274.02386,426.15308999999996,415.8907083634445,436.4154716365554,0.001953125,0.99744,1.0,-0.0025599999999999954,-0.007577599999999987,0.0024575999999999964,1.0,0.995,1.0,-0.0050000000000000044,-0.014800000000000011,0.004800000000000002,1.0,35.0,346.7,-311.7,-321.85528858389665,-301.5447114161033,0.001953125,161.7,3798.5,-3636.8,-3965.6952678312323,-3307.904732168768,0.001953125
20,500,500,log_normal,3.0,distributed_edge,10,700.17695,553.02386,147.15309,136.89070836344453,157.41547163655545,0.001953125,0.99744,1.0,-0.0025599999999999954,-0.007577599999999987,0.0024575999999999964,1.0,0.995,1.0,-0.0050000000000000044,-0.014800000000000011,0.004800000000000002,1.0,35.0,346.7,-311.7,-321.85528858389665,-301.5447114161033,0.001953125,161.7,3798.5,-3636.8,-3965.6952678312323,-3307.904732168768,0.001953125
20,500,500,log_normal,4.0,periodic,10,900.89645,403.88,497.01645,486.57922325169903,507.453676748301,0.001953125,0.99744,1.0,-0.0025599999999999954,-0.007577599999999987,0.0024575999999999964,1.0,0.995,1.0,-0.0050000000000000044,-0.014800000000000011,0.004800000000000002,1.0,35.0,600.0,-565.0,-567.3915926817825,-562.6084073182175,0.001953125,161.7,6714.6,-6552.9,-6980.423027827352,-6125.376972172648,0.001953125
20,500,500,log_normal,4.0,event_driven,10,900.89645,274.02386,626.87259,615.1642248921337,638.5809551078662,0.001953125,0.99744,1.0,-0.0025599999999999954,-0.007577599999999987,0.0024575999999999964,1.0,0.995,1.0,-0.0050000000000000044,-0.014800000000000011,0.004800000000000002,1.0,35.0,346.7,-311.7,-321.85528858389665,-301.5447114161033,0.001953125,161.7,3798.5,-3636.8,-3965.6952678312323,-3307.904732168768,0.001953125
20,500,500,log_normal,4.0,distributed_edge,10,900.89645,646.02386,254.87259,243.16422489213372,266.58095510786626,0.001953125,0.99744,1.0,-0.0025599999999999954,-0.007577599999999987,0.0024575999999999964,1.0,0.995,1.0,-0.0050000000000000044,-0.014800000000000011,0.004800000000000002,1.0,35.0,346.7,-311.7,-321.85528858389665,-301.5447114161033,0.001953125,161.7,3798.5,-3636.8,-3965.6952678312323,-3307.904732168768,0.001953125
20,500,500,rician,0.1,periodic,10,119.4166,403.88,-284.4634,-288.72701643195387,-280.1997835680461,0.001953125,1.0,1.0,0.0,0.0,0.0,1.0,1.0,1.0,0.0,0.0,0.0,1.0,36.8,600.0,-563.2,-565.2824839868666,-561.1175160131335,0.001953125,153.5,6072.8,-5919.3,-6300.834254250156,-5537.765745749844,0.001953125
20,500,500,rician,0.1,event_driven,10,119.4166,273.75386,-154.33726,-159.96471184607293,-148.70980815392704,0.001953125,1.0,1.0,0.0,0.0,0.0,1.0,1.0,1.0,0.0,0.0,0.0,1.0,36.8,346.7,-309.9,-319.96409053130094,-299.835909468699,0.001953125,153.5,3422.2,-3268.7,-3574.8914888460777,-2962.508511153922,0.001953125
20,500,500,rician,0.1,distributed_edge,10,119.4166,283.05386,-163.63726,-169.26471184607294,-158.00980815392705,0.001953125,1.0,1.0,0.0,0.0,0.0,1.0,1.0,1.0,0.0,0.0,0.0,1.0,36.8,346.7,-309.9,-319.96409053130094,-299.835909468699,0.001953125,153.5,3422.2,-3268.7,-3574.8914888460777,-2962.508511153922,0.001953125
20,500,500,rician,0.25,periodic,10,149.56862,403.88,-254.31137999999999,-258.8642419077976,-249.75851809220237,0.001953125,1.0,1.0,0.0,0.0,0.0,1.0,1.0,1.0,0.0,0.0,0.0,1.0,36.8,600.0,-563.2,-565.2824839868666,-561.1175160131335,0.001953125,153.5,6072.8,-5919.3,-6300.834254250156,-5537.765745749844,0.001953125
20,500,500,rician,0.25,event_driven,10,149.56862,273.75386,-124.18524,-129.90708445451116,-118.46339554548882,0.001953125,1.0,1.0,0.0,0.0,0.0,1.0,1.0,1.0,0.0,0.0,0.0,1.0,36.8,346.7,-309.9,-319.96409053130094,-299.835909468699,0.001953125,153.5,3422.2,-3268.7,-3574.8914888460777,-2962.508511153922,0.001953125
20,500,500,rician,0.25,distributed_edge,10,149.56862,297.00386,-147.43524,-153.15708445451116,-141.71339554548882,0.001953125,1.0,1.0,0.0,0.0,0.0,1.0,1.0,1.0,0.0,0.0,0.0,1.0,36.8,346.7,-309.9,-319.96409053130094,-299.835909468699,0.001953125,153.5,3422.2,-3268.7,-3574.8914888460777,-2962.508511153922,0.001953125
20,500,500,rician,0.5,periodic,10,199.822,403.88,-204.058,-209.09344646859765,-199.02255353140234,0.001953125,1.0,1.0,0.0,0.0,0.0,1.0,1.0,1.0,0.0,0.0,0.0,1.0,36.8,600.0,-563.2,-565.2824839868666,-561.1175160131335,0.001953125,153.5,6072.8,-5919.3,-6300.834254250156,-5537.765745749844,0.001953125
20,500,500,rician,0.5,event_driven,10,199.822,273.75386,-73.93186,-79.83963318324852,-68.02408681675148,0.001953125,1.0,1.0,0.0,0.0,0.0,1.0,1.0,1.0,0.0,0.0,0.0,1.0,36.8,346.7,-309.9,-319.96409053130094,-299.835909468699,0.001953125,153.5,3422.2,-3268.7,-3574.8914888460777,-2962.508511153922,0.001953125
20,500,500,rician,0.5,distributed_edge,10,199.822,320.25386,-120.43186,-126.33963318324852,-114.52408681675148,0.001953125,1.0,1.0,0.0,0.0,0.0,1.0,1.0,1.0,0.0,0.0,0.0,1.0,36.8,346.7,-309.9,-319.96409053130094,-299.835909468699,0.001953125,153.5,3422.2,-3268.7,-3574.8914888460777,-2962.508511153922,0.001953125
20,500,500,rician,0.75,periodic,10,250.07537,403.88,-153.80463,-159.32313316803206,-148.28612683196795,0.001953125,1.0,1.0,0.0,0.0,0.0,1.0,1.0,1.0,0.0,0.0,0.0,1.0,36.8,600.0,-563.2,-565.2824839868666,-561.1175160131335,0.001953125,153.5,6072.8,-5919.3,-6300.834254250156,-5537.765745749844,0.001953125
20,500,500,rician,0.75,event_driven,10,250.07537,273.75386,-23.678489999999996,-29.80508543977482,-17.551894560225172,0.001953125,1.0,1.0,0.0,0.0,0.0,1.0,1.0,1.0,0.0,0.0,0.0,1.0,36.8,346.7,-309.9,-319.96409053130094,-299.835909468699,0.001953125,153.5,3422.2,-3268.7,-3574.8914888460777,-2962.508511153922,0.001953125
20,500,500,rician,0.75,distributed_edge,10,250.07537,343.50386,-93.42849,-99.55508543977481,-87.30189456022518,0.001953125,1.0,1.0,0.0,0.0,0.0,1.0,1.0,1.0,0.0,0.0,0.0,1.0,36.8,346.7,-309.9,-319.96409053130094,-299.835909468699,0.001953125,153.5,3422.2,-3268.7,-3574.8914888460777,-2962.508511153922,0.001953125
20,500,500,rician,1.0,periodic,10,300.32875,403.88,-103.55125,-109.5531831997815,-97.54931680021849,0.001953125,1.0,1.0,0.0,0.0,0.0,1.0,1.0,1.0,0.0,0.0,0.0,1.0,36.8,600.0,-563.2,-565.2824839868666,-561.1175160131335,0.001953125,153.5,6072.8,-5919.3,-6300.834254250156,-5537.765745749844,0.001953125
20,500,500,rician,1.0,event_driven,10,300.32875,273.75386,26.574890000000003,20.199969840642623,32.949810159357384,0.001953125,1.0,1.0,0.0,0.0,0.0,1.0,1.0,1.0,0.0,0.0,0.0,1.0,36.8,346.7,-309.9,-319.96409053130094,-299.835909468699,0.001953125,153.5,3422.2,-3268.7,-3574.8914888460777,-2962.508511153922,0.001953125
20,500,500,rician,1.0,distributed_edge,10,300.32875,366.75386,-66.42510999999999,-72.80003015935736,-60.05018984064261,0.001953125,1.0,1.0,0.0,0.0,0.0,1.0,1.0,1.0,0.0,0.0,0.0,1.0,36.8,346.7,-309.9,-319.96409053130094,-299.835909468699,0.001953125,153.5,3422.2,-3268.7,-3574.8914888460777,-2962.508511153922,0.001953125
20,500,500,rician,1.25,periodic,10,350.58212000000003,403.88,-53.29787999999999,-59.783517423837765,-46.81224257616222,0.001953125,1.0,1.0,0.0,0.0,0.0,1.0,1.0,1.0,0.0,0.0,0.0,1.0,36.8,600.0,-563.2,-565.2824839868666,-561.1175160131335,0.001953125,153.5,6072.8,-5919.3,-6300.834254250156,-5537.765745749844,0.001953125
20,500,500,rician,1.25,event_driven,10,350.58212000000003,273.75386,76.82826,70.17881420974658,83.47770579025342,0.001953125,1.0,1.0,0.0,0.0,0.0,1.0,1.0,1.0,0.0,0.0,0.0,1.0,36.8,346.7,-309.9,-319.96409053130094,-299.835909468699,0.001953125,153.5,3422.2,-3268.7,-3574.8914888460777,-2962.508511153922,0.001953125
20,500,500,rician,1.25,distributed_edge,10,350.58212000000003,390.00386,-39.42173999999999,-46.07118579025341,-32.772294209746576,0.001953125,1.0,1.0,0.0,0.0,0.0,1.0,1.0,1.0,0.0,0.0,0.0,1.0,36.8,346.7,-309.9,-319.96409053130094,-299.835909468699,0.001953125,153.5,3422.2,-3268.7,-3574.8914888460777,-2962.508511153922,0.001953125
20,500,500,rician,1.5,periodic,10,400.8355,403.88,-3.0444999999999878,-10.01407481091679,3.925074810916815,0.4921875,1.0,1.0,0.0,0.0,0.0,1.0,1.0,1.0,0.0,0.0,0.0,1.0,36.8,600.0,-563.2,-565.2824839868666,-561.1175160131335,0.001953125,153.5,6072.8,-5919.3,-6300.834254250156,-5537.765745749844,0.001953125
20,500,500,rician,1.5,event_driven,10,400.8355,273.75386,127.08164000000001,120.13457443204604,134.02870556795398,0.001953125,1.0,1.0,0.0,0.0,0.0,1.0,1.0,1.0,0.0,0.0,0.0,1.0,36.8,346.7,-309.9,-319.96409053130094,-299.835909468699,0.001953125,153.5,3422.2,-3268.7,-3574.8914888460777,-2962.508511153922,0.001953125
20,500,500,rician,1.5,distributed_edge,10,400.8355,413.25386,-12.41835999999999,-19.36542556795396,-5.471294432046018,0.009765625,1.0,1.0,0.0,0.0,0.0,1.0,1.0,1.0,0.0,0.0,0.0,1.0,36.8,346.7,-309.9,-319.96409053130094,-299.835909468699,0.001953125,153.5,3422.2,-3268.7,-3574.8914888460777,-2962.508511153922,0.001953125
20,500,500,rician,2.0,periodic,10,501.34225,403.88,97.46225000000001,89.5243010288178,105.40019897118222,0.001953125,1.0,1.0,0.0,0.0,0.0,1.0,1.0,1.0,0.0,0.0,0.0,1.0,36.8,600.0,-563.2,-565.2824839868666,-561.1175160131335,0.001953125,153.5,6072.8,-5919.3,-6300.834254250156,-5537.765745749844,0.001953125
20,500,500,rician,2.0,event_driven,10,501.34225,273.75386,227.58839,219.987855618358,235.188924381642,0.001953125,1.0,1.0,0.0,0.0,0.0,1.0,1.0,1.0,0.0,0.0,0.0,1.0,36.8,346.7,-309.9,-319.96409053130094,-299.835909468699,0.001953125,153.5,3422.2,-3268.7,-3574.8914888460777,-2962.508511153922,0.001953125
20,500,500,rician,2.0,distributed_edge,10,501.34225,459.75386,41.588390000000004,33.98785561835799,49.18892438164202,0.001953125,1.0,1.0,0.0,0.0,0.0,1.0,1.0,1.0,0.0,0.0,0.0,1.0,36.8,346.7,-309.9,-319.96409053130094,-299.835909468699,0.001953125,153.5,3422.2,-3268.7,-3574.8914888460777,-2962.508511153922,0.001953125
20,500,500,rician,3.0,periodic,10,702.35575,403.88,298.47575,288.5997171295228,308.3517828704772,0.001953125,1.0,1.0,0.0,0.0,0.0,1.0,1.0,1.0,0.0,0.0,0.0,1.0,36.8,600.0,-563.2,-565.2824839868666,-561.1175160131335,0.001953125,153.5,6072.8,-5919.3,-6300.834254250156,-5537.765745749844,0.001953125
20,500,500,rician,3.0,event_driven,10,702.35575,273.75386,428.60189,419.5225839477698,437.68119605223023,0.001953125,1.0,1.0,0.0,0.0,0.0,1.0,1.0,1.0,0.0,0.0,0.0,1.0,36.8,346.7,-309.9,-319.96409053130094,-299.835909468699,0.001953125,153.5,3422.2,-3268.7,-3574.8914888460777,-2962.508511153922,0.001953125
20,500,500,rician,3.0,distributed_edge,10,702.35575,552.75386,149.60189,140.52258394776982,158.68119605223018,0.001953125,1.0,1.0,0.0,0.0,0.0,1.0,1.0,1.0,0.0,0.0,0.0,1.0,36.8,346.7,-309.9,-319.96409053130094,-299.835909468699,0.001953125,153.5,3422.2,-3268.7,-3574.8914888460777,-2962.508511153922,0.001953125
20,500,500,rician,4.0,periodic,10,903.36925,403.88,499.48925,487.6740827856268,511.30441721437325,0.001953125,1.0,1.0,0.0,0.0,0.0,1.0,1.0,1.0,0.0,0.0,0.0,1.0,36.8,600.0,-563.2,-565.2824839868666,-561.1175160131335,0.001953125,153.5,6072.8,-5919.3,-6300.834254250156,-5537.765745749844,0.001953125
20,500,500,rician,4.0,event_driven,10,903.36925,273.75386,629.61539,618.9085401575485,640.3222398424516,0.001953125,1.0,1.0,0.0,0.0,0.0,1.0,1.0,1.0,0.0,0.0,0.0,1.0,36.8,346.7,-309.9,-319.96409053130094,-299.835909468699,0.001953125,153.5,3422.2,-3268.7,-3574.8914888460777,-2962.508511153922,0.001953125
20,500,500,rician,4.0,distributed_edge,10,903.36925,645.75386,257.61539,246.90854015754843,268.32223984245155,0.001953125,1.0,1.0,0.0,0.0,0.0,1.0,1.0,1.0,0.0,0.0,0.0,1.0,36.8,346.7,-309.9,-319.96409053130094,-299.835909468699,0.001953125,153.5,3422.2,-3268.7,-3574.8914888460777,-2962.508511153922,0.001953125
50,100,100,log_normal,0.1,periodic,10,475.33944,1009.7,-534.3605600000001,-553.8050255497851,-514.916094450215,0.001953125,1.0,1.0,0.0,0.0,0.0,1.0,1.0,1.0,0.0,0.0,0.0,1.0,99.8,1500.0,-1400.2,-1402.6235056334897,-1397.7764943665104,0.001953125,3183.9,71990.2,-68806.3,-68878.52868154226,-68734.07131845775,0.001953125
50,100,100,log_normal,0.1,event_driven,10,475.33944,722.2745600000001,-246.93512,-265.3930721099733,-228.47716789002675,0.001953125,1.0,1.0,0.0,0.0,0.0,1.0,1.0,1.0,0.0,0.0,0.0,1.0,99.8,873.2,-773.4,-783.0649179107854,-763.7350820892145,0.001953125,3183.9,41428.4,-38244.5,-38718.82506195646,-37770.17493804354,0.001953125
50,100,100,log_normal,0.1,distributed_edge,10,475.33944,745.5245600000001,-270.18512,-288.6430721099732,-251.72716789002672,0.001953125,1.0,1.0,0.0,0.0,0.0,1.0,1.0,1.0,0.0,0.0,0.0,1.0,99.8,873.2,-773.4,-783.0649179107854,-763.7350820892145,0.001953125,3183.9,41428.4,-38244.5,-38718.82506195646,-37770.17493804354,0.001953125
50,100,100,log_normal,0.25,periodic,10,565.50638,1009.7,-444.19362,-465.19843198822105,-423.188808011779,0.001953125,1.0,1.0,0.0,0.0,0.0,1.0,1.0,1.0,0.0,0.0,0.0,1.0,99.8,1500.0,-1400.2,-1402.6235056334897,-1397.7764943665104,0.001953125,3183.9,71990.2,-68806.3,-68878.52868154226,-68734.07131845775,0.001953125
50,100,100,log_normal,0.25,event_driven,10,565.50638,722.2745600000001,-156.76818,-176.67973046832523,-136.85662953167477,0.001953125,1.0,1.0,0.0,0.0,0.0,1.0,1.0,1.0,0.0,0.0,0.0,1.0,99.8,873.2,-773.4,-783.0649179107854,-763.7350820892145,0.001953125,3183.9,41428.4,-38244.5,-38718.82506195646,-37770.17493804354,0.001953125
50,100,100,log_normal,0.25,distributed_edge,10,565.50638,780.3995600000001,-214.89318,-234.80473046832523,-194.98162953167477,0.001953125,1.0,1.0,0.0,0.0,0.0,1.0,1.0,1.0,0.0,0.0,0.0,1.0,99.8,873.2,-773.4,-783.0649179107854,-763.7350820892145,0.001953125,3183.9,41428.4,-38244.5,-38718.82506195646,-37770.17493804354,0.001953125
50,100,100,log_normal,0.5,periodic,10,715.78464,1009.7,-293.9153600000001,-317.5208981956559,-270.30982180434427,0.001953125,1.0,1.0,0.0,0.0,0.0,1.0,1.0,1.0,0.0,0.0,0.0,1.0,99.8,1500.0,-1400.2,-1402.6235056334897,-1397.7764943665104,0.001953125,3183.9,71990.2,-68806.3,-68878.52868154226,-68734.07131845775,0.001953125
50,100,100,log_normal,0.5,event_driven,10,715.78464,722.2745600000001,-6.489920000000029,-28.85628340838213,15.87644340838207,1.0,1.0,1.0,0.0,0.0,0.0,1.0,1.0,1.0,0.0,0.0,0.0,1.0,99.8,873.2,-773.4,-783.0649179107854,-763.7350820892145,0.001953125,3183.9,41428.4,-38244.5,-38718.82506195646,-37770.17493804354,0.001953125
50,100,100,log_normal,0.5,distributed_edge,10,715.78464,838.5245600000001,-122.73992000000003,-145.10628340838213,-100.37355659161793,0.001953125,1.0,1.0,0.0,0.0,0.0,1.0,1.0,1.0,0.0,0.0,0.0,1.0,99.8,873.2,-773.4,-783.0649179107854,-763.7350820892145,0.001953125,3183.9,41428.4,-38244.5,-38718.82506195646,-37770.17493804354,0.001953125
50,100,100,log_normal,0.75,periodic,10,866.0629,1009.7,-143.63710000000003,-169.84350021162132,-117.43069978837875,0.001953125,1.0,1.0,0.0,0.0,0.0,1.0,1.0,1.0,0.0,0.0,0.0,1.0,99.8,1500.0,-1400.2,-1402.6235056334897,-1397.7764943665104,0.001953125,3183.9,71990.2,-68806.3,-68878.52868154226,-68734.07131845775,0.001953125
50,100,100,log_normal,0.75,event_driven,10,866.0629,722.2745600000001,143.78834,118.93732015119097,168.63935984880905,0.001953125,1.0,1.0,0.0,0.0,0.0,1.0,1.0,1.0,0.0,0.0,0.0,1.0,99.8,873.2,-773.4,-783.0649179107854,-763.7350820892145,0.001953125,3183.9,41428.4,-38244.5,-38718.82506195646,-37770.17493804354,0.001953125
50,100,100,log_normal,0.75,distributed_edge,10,866.0629,896.6495600000001,-30.586660000000006,-55.43767984880904,-5.735640151190971,0.02734375,1.0,1.0,0.0,0.0,0.0,1.0,1.0,1.0,0.0,0.0,0.0,1.0,99.8,873.2,-773.4,-783.0649179107854,-763.7350820892145,0.001953125,3183.9,41428.4,-38244.5,-38718.82506195646,-37770.17493804354,0.001953125
50,100,100,log_normal,1.0,periodic,10,1016.34114,1009.7,6.641139999999962,-22.16621555339779,35.44849555339771,0.431640625,1.0,1.0,0.0,0.0,0.0,1.0,1.0,1.0,0.0,0.0,0.0,1.0,99.8,1500.0,-1400.2,-1402.6235056334897,-1397.7764943665104,0.001953125,3183.9,71990.2,-68806.3,-68878.52868154226,-68734.07131845775,0.001953125
50,100,100,log_normal,1.0,event_driven,10,1016.34114,722.2745600000001,294.06658,266.70919450030215,321.42396549969783,0.001953125,1.0,1.0,0.0,0.0,0.0,1.0,1.0,1.0,0.0,0.0,0.0,1.0,99.8,873.2,-773.4,-783.0649179107854,-763.7350820892145,0.001953125,3183.9,41428.4,-38244.5,-38718.82506195646,-37770.17493804354,0.001953125
50,100,100,log_normal,1.0,distributed_edge,10,1016.34114,954.7745600000001,61.56658,34.209194500302175,88.92396549969783,0.009765625,1.0,1.0,0.0,0.0,0.0,1.0,1.0,1.0,0.0,0.0,0.0,1.0,99.8,873.2,-773.4,-783.0649179107854,-763.7350820892145,0.001953125,3183.9,41428.4,-38244.5,-38718.82506195646,-37770.17493804354,0.001953125
50,100,100,log_normal,1.25,periodic,10,1166.61936,1009.7,156.91935999999993,125.51096591694609,188.32775408305378,0.001953125,1.0,1.0,0.0,0.0,0.0,1.0,1.0,1.0,0.0,0.0,0.0,1.0,99.8,1500.0,-1400.2,-1402.6235056334897,-1397.7764943665104,0.001953125,3183.9,71990.2,-68806.3,-68878.52868154226,-68734.07131845775,0.001953125
50,100,100,log_normal,1.25,event_driven,10,1166.61936,722.2745600000001,444.34479999999996,414.4647897083315,474.2248102916684,0.001953125,1.0,1.0,0.0,0.0,0.0,1.0,1.0,1.0,0.0,0.0,0.0,1.0,99.8,873.2,-773.4,-783.0649179107854,-763.7350820892145,0.001953125,3183.9,41428.4,-38244.5,-38718.82506195646,-37770.17493804354,0.001953125
50,100,100,log_normal,1.25,distributed_edge,10,1166.61936,1012.89956,153.7198,123.83978970833152,183.59981029166846,0.001953125,1.0,1.0,0.0,0.0,0.0,1.0,1.0,1.0,0.0,0.0,0.0,1.0,99.8,873.2,-773.4,-783.0649179107854,-763.7350820892145,0.001953125,3183.9,41428.4,-38244.5,-38718.82506195646,-37770.17493804354,0.001953125
50,100,100,log_normal,1.5,periodic,10,1316.89763,1009.7,307.19763,273.1881560715418,341.2071039284582,0.001953125,1.0,1.0,0.0,0.0,0.0,1.0,1.0,1.0,0.0,0.0,0.0,1.0,99.8,1500.0,-1400.2,-1402.6235056334897,-1397.7764943665104,0.001953125,3183.9,71990.2,-68806.3,-68878.52868154226,-68734.07131845775,0.001953125
50,100,100,log_normal,1.5,event_driven,10,1316.89763,722.2745600000001,594.62307,562.2079936000249,627.0381463999751,0.001953125,1.0,1.0,0.0,0.0,0.0,1.0,1.0,1.0,0.0,0.0,0.0,1.0,99.8,873.2,-773.4,-783.0649179107854,-763.7350820892145,0.001953125,3183.9,41428.4,-38244.5,-38718.82506195646,-37770.17493804354,0.001953125
50,100,100,log_normal,1.5,distributed_edge,10,1316.89763,1071.02456,245.87307000000004,213.45799360002493,278.2881463999751,0.001953125,1.0,1.0,0.0,0.0,0.0,1.0,1.0,1.0,0.0,0.0,0.0,1.0,99.8,873.2,-773.4,-783.0649179107854,-763.7350820892145,0.001953125,3183.9,41428.4,-38244.5,-38718.82506195646,-37770.17493804354,0.001953125
50,100,100,log_normal,2.0,periodic,10,1617.45414,1009.7,607.75414,568.542362019652,646.965917980348,0.001953125,1.0,1.0,0.0,0.0,0.0,1.0,1.0,1.0,0.0,0.0,0.0,1.0,99.8,1500.0,-1400.2,-1402.6235056334897,-1397.7764943665104,0.001953125,3183.9,71990.2,-68806.3,-68878.52868154226,-68734.07131845775,0.001953125
50,100,100,log_normal,2.0,event_driven,10,1617.45414,722.2745600000001,895.17958,857.6670967796211,932.6920632203788,0.001953125,1.0,1.0,0.0,0.0,0.0,1.0,1.0,1.0,0.0,0.0,0.0,1.0,99.8,873.2,-773.4,-783.0649179107854,-763.7350820892145,0.001953125,3183.9,41428.4,-38244.5,-38718.82506195646,-37770.17493804354,0.001953125
50,100,100,log_normal,2.0,distributed_edge,10,1617.45414,1187.27456,430.17958,392.66709677962115,467.6920632203788,0.001953125,1.0,1.0,0.0,0.0,0.0,1.0,1.0,1.0,0.0,0.0,0.0,1.0,99.8,873.2,-773.4,-783.0649179107854,-763.7350820892145,0.001953125,3183.9,41428.4,-38244.5,-38718.82506195646,-37770.17493804354,0.001953125
50,100,100,log_normal,3.0,periodic,10,2218.56713,1009.7,1208.8671299999999,1159.2504187844556,1258.483841215544,0.001953125,1.0,1.0,0.0,0.0,0.0,1.0,1.0,1.0,0.0,0.0,0.0,1.0,99.8,1500.0,-1400.2,-1402.6235056334897,-1397.7764943665104,0.001953125,3183.9,71990.2,-68806.3,-68878.52868154226,-68734.07131845775,0.001953125
50,100,100,log_normal,3.0,event_driven,10,2218.56713,722.2745600000001,1496.29257,1448.5170439819774,1544.0680960180227,0.001953125,1.0,1.0,0.0,0.0,0.0,1.0,1.0,1.0,0.0,0.0,0.0,1.0,99.8,873.2,-773.4,-783.0649179107854,-763.7350820892145,0.001953125,3183.9,41428.4,-38244.5,-38718.82506195646,-37770.17493804354,0.001953125
50,100,100,log_normal,3.0,distributed_edge,10,2218.56713,1419.77456,798.79257,751.0170439819773,846.5680960180226,0.001953125,1.0,1.0,0.0,0.0,0.0,1.0,1.0,1.0,0.0,0.0,0.0,1.0,99.8,873.2,-773.4,-783.0649179107854,-763.7350820892145,0.001953125,3183.9,41428.4,-38244.5,-38718.82506195646,-37770.17493804354,0.001953125
50,100,100,log_normal,4.0,periodic,10,2819.68014,1009.7,1809.98014,1749.9582779912705,1870.0020020087293,0.001953125,1.0,1.0,0.0,0.0,0.0,1.0,1.0,1.0,0.0,0.0,0.0,1.0,99.8,1500.0,-1400.2,-1402.6235056334897,-1397.7764943665104,0.001953125,3183.9,71990.2,-68806.3,-68878.52868154226,-68734.07131845775,0.001953125
50,100,100,log_normal,4.0,event_driven,10,2819.68014,722.2745600000001,2097.4055799999996,2039.3162789271355,2155.494881072864,0.001953125,1.0,1.0,0.0,0.0,0.0,1.0,1.0,1.0,0.0,0.0,0.0,1.0,99.8,873.2,-773.4,-783.0649179107854,-763.7350820892145,0.001953125,3183.9,41428.4,-38244.5,-38718.82506195646,-37770.17493804354,0.001953125
50,100,100,log_normal,4.0,distributed_edge,10,2819.68014,1652.27456,1167.4055799999999,1109.3162789271357,1225.494881072864,0.001953125,1.0,1.0,0.0,0.0,0.0,1.0,1.0,1.0,0.0,0.0,0.0,1.0,99.8,873.2,-773.4,-783.0649179107854,-763.7350820892145,0.001953125,3183.9,41428.4,-38244.5,-38718.82506195646,-37770.17493804354,0.001953125
50,100,100,rician,0.1,periodic,10,468.26211,1009.7,-541.43789,-562.6172034414643,-520.2585765585358,0.001953125,0.99899,1.0,-0.0010099999999999998,-0.0029895999999999994,0.0009695999999999995,1.0,1.0,1.0,0.0,0.0,0.0,1.0,99.1,1500.0,-1400.9,-1403.17168425036,-1398.6283157496403,0.001953125,3061.1,71787.8,-68726.7,-68802.91689892522,-68650.48310107477,0.001953125
50,100,100,rician,0.1,event_driven,10,468.26211,722.16656,-253.90445,-272.25344860861526,-235.5554513913847,0.001953125,0.99899,1.0,-0.0010099999999999998,-0.0029895999999999994,0.0009695999999999995,1.0,1.0,1.0,0.0,0.0,0.0,1.0,99.1,873.2,-774.1,-783.1360983714089,-765.0639016285911,0.001953125,3061.1,41310.9,-38249.8,-38727.89474515414,-37771.70525484587,0.001953125
50,100,100,rician,0.1,distributed_edge,10,468.26211,745.41656,-277.15445,-295.50344860861526,-258.80545139138474,0.001953125,0.99899,1.0,-0.0010099999999999998,-0.0029895999999999994,0.0009695999999999995,1.0,1.0,1.0,0.0,0.0,0.0,1.0,99.1,873.2,-774.1,-783.1360983714089,-765.0639016285911,0.001953125,3061.1,41310.9,-38249.8,-38727.89474515414,-37771.70525484587,0.001953125
50,100,100,rician,0.25,periodic,10,557.86049,1009.7,-451.8395100000001,-474.72107504973326,-428.9579449502669,0.001953125,0.99899,1.0,-0.0010099999999999998,-0.0029895999999999994,0.0009695999999999995,1.0,1.0,1.0,0.0,0.0,0.0,1.0,99.1,1500.0,-1400.9,-1403.17168425036,-1398.6283157496403,0.001953125,3061.1,71787.8,-68726.7,-68802.91689892522,-68650.48310107477,0.001953125
50,100,100,rician,0.25,event_driven,10,557.86049,722.16656,-164.30607,-184.26950572896624,-144.34263427103377,0.001953125,0.99899,1.0,-0.0010099999999999998,-0.0029895999999999994,0.0009695999999999995,1.0,1.0,1.0,0.0,0.0,0.0,1.0,99.1,873.2,-774.1,-783.1360983714089,-765.0639016285911,0.001953125,3061.1,41310.9,-38249.8,-38727.89474515414,-37771.70525484587,0.001953125
50,100,100,rician,0.25,distributed_edge,10,557.86049,780.29156,-222.43107,-242.39450572896624,-202.46763427103377,0.001953125,0.99899,1.0,-0.0010099999999999998,-0.0029895999999999994,0.0009695999999999995,1.0,1.0,1.0,0.0,0.0,0.0,1.0,99.1,873.2,-774.1,-783.1360983714089,-765.0639016285911,0.001953125,3061.1,41310.9,-38249.8,-38727.89474515414,-37771.70525484587,0.001953125
50,100,100,rician,0.5,periodic,10,707.19111,1009.7,-302.50889000000006,-328.2276511601041,-276.79012883989606,0.001953125,0.99899,1.0,-0.0010099999999999998,-0.0029895999999999994,0.0009695999999999995,1.0,1.0,1.0,0.0,0.0,0.0,1.0,99.1,1500.0,-1400.9,-1403.17168425036,-1398.6283157496403,0.001953125,3061.1,71787.8,-68726.7,-68802.91689892522,-68650.48310107477,0.001953125
50,100,100,rician,0.5,event_driven,10,707.19111,722.16656,-14.97544999999999,-37.65828999627677,7.70738999627679,0.431640625,0.99899,1.0,-0.0010099999999999998,-0.0029895999999999994,0.0009695999999999995,1.0,1.0,1.0,0.0,0.0,0.0,1.0,99.1,873.2,-774.1,-783.1360983714089,-765.0639016285911,0.001953125,3061.1,41310.9,-38249.8,-38727.89474515414,-37771.70525484587,0.001953125
50,100,100,rician,0.5,distributed_edge,10,707.19111,838.41656,-131.22545,-153.90828999627678,-108.54261000372321,0.001953125,0.99899,1.0,-0.0010099999999999998,-0.0029895999999999994,0.0009695999999999995,1.0,1.0,1.0,0.0,0.0,0.0,1.0,99.1,873.2,-774.1,-783.1360983714089,-765.0639016285911,0.001953125,3061.1,41310.9,-38249.8,-38727.89474515414,-37771.70525484587,0.001953125
50,100,100,rician,0.75,periodic,10,856.52174,1009.7,-153.17826000000002,-181.7342585149214,-124.62226148507864,0.001953125,0.99899,1.0,-0.0010099999999999998,-0.0029895999999999994,0.0009695999999999995,1.0,1.0,1.0,0.0,0.0,0.0,1.0,99.1,1500.0,-1400.9,-1403.17168425036,-1398.6283157496403,0.001953125,3061.1,71787.8,-68726.7,-68802.91689892522,-68650.48310107477,0.001953125
50,100,100,rician,0.75,event_driven,10,856.52174,722.16656,134.35518000000002,108.92713541508579,159.78322458491425,0.001953125,0.99899,1.0,-0.0010099999999999998,-0.0029895999999999994,0.0009695999999999995,1.0,1.0,1.0,0.0,0.0,0.0,1.0,99.1,873.2,-774.1,-783.1360983714089,-765.0639016285911,0.001953125,3061.1,41310.9,-38249.8,-38727.89474515414,-37771.70525484587,0.001953125
50,100,100,rician,0.75,distributed_edge,10,856.52174,896.54156,-40.01981999999997,-65.4478645849142,-14.591775415085738,0.00390625,0.99899,1.0,-0.0010099999999999998,-0.0029895999999999994,0.0009695999999999995,1.0,1.0,1.0,0.0,0.0,0.0,1.0,99.1,873.2,-774.1,-783.1360983714089,-765.0639016285911,0.001953125,3061.1,41310.9,-38249.8,-38727.89474515414,-37771.70525484587,0.001953125
50,100,100,rician,1.0,periodic,10,1005.85236,1009.7,-3.8476400000000694,-35.240952980737475,27.545672980737336,1.0,0.99899,1.0,-0.0010099999999999998,-0.0029895999999999994,0.0009695999999999995,1.0,1.0,1.0,0.0,0.0,0.0,1.0,99.1,1500.0,-1400.9,-1403.17168425036,-1398.6283157496403,0.001953125,3061.1,71787.8,-68726.7,-68802.91689892522,-68650.48310107477,0.001953125
50,100,100,rician,1.0,event_driven,10,1005.85236,722.16656,283.6858,255.494235519795,311.8773644802049,0.001953125,0.99899,1.0,-0.0010099999999999998,-0.0029895999999999994,0.0009695999999999995,1.0,1.0,1.0,0.0,0.0,0.0,1.0,99.1,873.2,-774.1,-783.1360983714089,-765.0639016285911,0.001953125,3061.1,41310.9,-38249.8,-38727.89474515414,-37771.70525484587,0.001953125
50,100,100,rician,1.0,distributed_edge,10,1005.85236,954.66656,51.185799999999986,22.99423551979503,79.37736448020495,0.013671875,0.99899,1.0,-0.0010099999999999998,-0.0029895999999999994,0.0009695999999999995,1.0,1.0,1.0,0.0,0.0,0.0,1.0,99.1,873.2,-774.1,-783.1360983714089,-765.0639016285911,0.001953125,3061.1,41310.9,-38249.8,-38727.89474515414,-37771.70525484587,0.001953125
50,100,100,rician,1.25,periodic,10,1155.18293,1009.7,145.48292999999995,111.25227120339952,179.7135887966004,0.001953125,0.99899,1.0,-0.0010099999999999998,-0.0029895999999999994,0.0009695999999999995,1.0,1.0,1.0,0.0,0.0,0.0,1.0,99.1,1500.0,-1400.9,-1403.17168425036,-1398.6283157496403,0.001953125,3061.1,71787.8,-68726.7,-68802.91689892522,-68650.48310107477,0.001953125
50,100,100,rician,1.25,event_driven,10,1155.18293,722.16656,433.01637,402.0479044926092,463.9848355073908,0.001953125,0.99899,1.0,-0.0010099999999999998,-0.0029895999999999994,0.0009695999999999995,1.0,1.0,1.0,0.0,0.0,0.0,1.0,99.1,873.2,-774.1,-783.1360983714089,-765.0639016285911,0.001953125,3061.1,41310.9,-38249.8,-38727.89474515414,-37771.70525484587,0.001953125
50,100,100,rician,1.25,distributed_edge,10,1155.18293,1012.79156,142.39137,111.42290449260915,173.35983550739084,0.001953125,0.99899,1.0,-0.0010099999999999998,-0.0029895999999999994,0.0009695999999999995,1.0,1.0,1.0,0.0,0.0,0.0,1.0,99.1,873.2,-774.1,-783.1360983714089,-765.0639016285911,0.001953125,3061.1,41310.9,-38249.8,-38727.89474515414,-37771.70525484587,0.001953125
50,100,100,rician,1.5,periodic,10,1304.5136,1009.7,294.81359999999995,257.745582997571,331.8816170024289,0.001953125,0.99899,1.0,-0.0010099999999999998,-0.0029895999999999994,0.0009695999999999995,1.0,1.0,1.0,0.0,0.0,0.0,1.0,99.1,1500.0,-1400.9,-1403.17168425036,-1398.6283157496403,0.001953125,3061.1,71787.8,-68726.7,-68802.91689892522,-68650.48310107477,0.001953125
50,100,100,rician,1.5,event_driven,10,1304.5136,722.16656,582.34704,548.5915980121571,616.1024819878429,0.001953125,0.99899,1.0,-0.0010099999999999998,-0.0029895999999999994,0.0009695999999999995,1.0,1.0,1.0,0.0,0.0,0.0,1.0,99.1,873.2,-774.1,-783.1360983714089,-765.0639016285911,0.001953125,3061.1,41310.9,-38249.8,-38727.89474515414,-37771.70525484587,0.001953125
50,100,100,rician,1.5,distributed_edge,10,1304.5136,1070.9165600000001,233.59703999999994,199.84159801215702,267.35248198784285,0.001953125,0.99899,1.0,-0.0010099999999999998,-0.0029895999999999994,0.0009695999999999995,1.0,1.0,1.0,0.0,0.0,0.0,1.0,99.1,873.2,-774.1,-783.1360983714089,-765.0639016285911,0.001953125,3061.1,41310.9,-38249.8,-38727.89474515414,-37771.70525484587,0.001953125
50,100,100,rician,2.0,periodic,10,1603.17486,1009.7,593.4748599999999,550.7320433853025,636.2176766146973,0.001953125,0.99899,1.0,-0.0010099999999999998,-0.0029895999999999994,0.0009695999999999995,1.0,1.0,1.0,0.0,0.0,0.0,1.0,99.1,1500.0,-1400.9,-1403.17168425036,-1398.6283157496403,0.001953125,3061.1,71787.8,-68726.7,-68802.91689892522,-68650.48310107477,0.001953125
50,100,100,rician,2.0,event_driven,10,1603.17486,722.16656,881.0083,841.6572150519293,920.3593849480707,0.001953125,0.99899,1.0,-0.0010099999999999998,-0.0029895999999999994,0.0009695999999999995,1.0,1.0,1.0,0.0,0.0,0.0,1.0,99.1,873.2,-774.1,-783.1360983714089,-765.0639016285911,0.001953125,3061.1,41310.9,-38249.8,-38727.89474515414,-37771.70525484587,0.001953125
50,100,100,rician,2.0,distributed_edge,10,1603.17486,1187.1665600000001,416.00829999999996,376.6572150519293,455.3593849480706,0.001953125,0.99899,1.0,-0.0010099999999999998,-0.0029895999999999994,0.0009695999999999995,1.0,1.0,1.0,0.0,0.0,0.0,1.0,99.1,873.2,-774.1,-783.1360983714089,-765.0639016285911,0.001953125,3061.1,41310.9,-38249.8,-38727.89474515414,-37771.70525484587,0.001953125
50,100,100,rician,3.0,periodic,10,2200.49734,1009.7,1190.7973399999998,1136.7047614876562,1244.8899185123435,0.001953125,0.99899,1.0,-0.0010099999999999998,-0.0029895999999999994,0.0009695999999999995,1.0,1.0,1.0,0.0,0.0,0.0,1.0,99.1,1500.0,-1400.9,-1403.17168425036,-1398.6283157496403,0.001953125,3061.1,71787.8,-68726.7,-68802.91689892522,-68650.48310107477,0.001953125
50,100,100,rician,3.0,event_driven,10,2200.49734,722.16656,1478.33078,1427.7353085770083,1528.9262514229918,0.001953125,0.99899,1.0,-0.0010099999999999998,-0.0029895999999999994,0.0009695999999999995,1.0,1.0,1.0,0.0,0.0,0.0,1.0,99.1,873.2,-774.1,-783.1360983714089,-765.0639016285911,0.001953125,3061.1,41310.9,-38249.8,-38727.89474515414,-37771.70525484587,0.001953125
50,100,100,rician,3.0,distributed_edge,10,2200.49734,1419.6665600000001,780.8307799999999,730.2353085770081,831.4262514229916,0.001953125,0.99899,1.0,-0.0010099999999999998,-0.0029895999999999994,0.0009695999999999995,1.0,1.0,1.0,0.0,0.0,0.0,1.0,99.1,873.2,-774.1,-783.1360983714089,-765.0639016285911,0.001953125,3061.1,41310.9,-38249.8,-38727.89474515414,-37771.70525484587,0.001953125
50,100,100,rician,4.0,periodic,10,2797.81985,1009.7,1788.11985,1722.6774020062194,1853.5622979937807,0.001953125,0.99899,1.0,-0.0010099999999999998,-0.0029895999999999994,0.0009695999999999995,1.0,1.0,1.0,0.0,0.0,0.0,1.0,99.1,1500.0,-1400.9,-1403.17168425036,-1398.6283157496403,0.001953125,3061.1,71787.8,-68726.7,-68802.91689892522,-68650.48310107477,0.001953125
50,100,100,rician,4.0,event_driven,10,2797.81985,722.16656,2075.65329,2013.77482811579,2137.5317518842103,0.001953125,0.99899,1.0,-0.0010099999999999998,-0.0029895999999999994,0.0009695999999999995,1.0,1.0,1.0,0.0,0.0,0.0,1.0,99.1,873.2,-774.1,-783.1360983714089,-765.0639016285911,0.001953125,3061.1,41310.9,-38249.8,-38727.89474515414,-37771.70525484587,0.001953125
50,100,100,rician,4.0,distributed_edge,10,2797.81985,1652.1665600000001,1145.65329,1083.7748281157897,1207.5317518842103,0.001953125,0.99899,1.0,-0.0010099999999999998,-0.0029895999999999994,0.0009695999999999995,1.0,1.0,1.0,0.0,0.0,0.0,1.0,99.1,873.2,-774.1,-783.1360983714089,-765.0639016285911,0.001953125,3061.1,41310.9,-38249.8,-38727.89474515414,-37771.70525484587,0.001953125
50,500,500,log_normal,0.1,periodic,10,351.14509,1009.7,-658.5549100000001,-672.213996133757,-644.8958238662432,0.001953125,0.99798,1.0,-0.0020199999999999997,-0.004659466666666666,0.0006194666666666663,0.5,1.0,0.998,0.0020000000000000018,-0.0019200000000000016,0.005920000000000005,1.0,94.0,1500.0,-1406.0,-1409.5183076739945,-1402.4816923260055,0.001953125,1372.0,49373.0,-48001.0,-49959.11568666977,-46042.88431333023,0.001953125
50,500,500,log_normal,0.1,event_driven,10,351.14509,706.9697,-355.82461,-367.21769599386704,-344.431524006133,0.001953125,0.99798,1.0,-0.0020199999999999997,-0.004659466666666666,0.0006194666666666663,0.5,1.0,0.998,0.0020000000000000018,-0.0019200000000000016,0.005920000000000005,1.0,94.0,871.5,-777.5,-788.0842016441696,-766.9157983558304,0.001953125,1372.0,28593.5,-27221.5,-28669.678414659065,-25773.321585340935,0.001953125
50,500,500,log_normal,0.1,distributed_edge,10,351.14509,730.2197,-379.07461,-390.46769599386704,-367.681524006133,0.001953125,0.99798,1.0,-0.0020199999999999997,-0.004659466666666666,0.0006194666666666663,0.5,1.0,0.998,0.0020000000000000018,-0.0019200000000000016,0.005920000000000005,1.0,94.0,871.5,-777.5,-788.0842016441696,-766.9157983558304,0.001953125,1372.0,28593.5,-27221.5,-28669.678414659065,-25773.321585340935,0.001953125
50,500,500,log_normal,0.25,periodic,10,431.06511,1009.7,-578.63489,-593.3401636708147,-563.9296163291854,0.001953125,0.99798,1.0,-0.0020199999999999997,-0.004659466666666666,0.0006194666666666663,0.5,1.0,0.998,0.0020000000000000018,-0.0019200000000000016,0.005920000000000005,1.0,94.0,1500.0,-1406.0,-1409.5183076739945,-1402.4816923260055,0.001953125,1372.0,49373.0,-48001.0,-49959.11568666977,-46042.88431333023,0.001953125
50,500,500,log_normal,0.25,event_driven,10,431.06511,706.9697,-275.90459000000004,-288.1961761344958,-263.6130038655043,0.001953125,0.99798,1.0,-0.0020199999999999997,-0.004659466666666666,0.0006194666666666663,0.5,1.0,0.998,0.0020000000000000018,-0.0019200000000000016,0.005920000000000005,1.0,94.0,871.5,-777.5,-788.0842016441696,-766.9157983558304,0.001953125,1372.0,28593.5,-27221.5,-28669.678414659065,-25773.321585340935,0.001953125
50,500,500,log_normal,0.25,distributed_edge,10,431.06511,765.0947,-334.02959000000004,-346.3211761344958,-321.7380038655043,0.001953125,0.99798,1.0,-0.0020199999999999997,-0.004659466666666666,0.0006194666666666663,0.5,1.0,0.998,0.0020000000000000018,-0.0019200000000000016,0.005920000000000005,1.0,94.0,871.5,-777.5,-788.0842016441696,-766.9157983558304,0.001953125,1372.0,28593.5,-27221.5,-28669.678414659065,-25773.321585340935,0.001953125
50,500,500,log_normal,0.5,periodic,10,564.26509,1009.7,-445.43491000000006,-461.8843822243938,-428.98543777560633,0.001953125,0.99798,1.0,-0.0020199999999999997,-0.004659466666666666,0.0006194666666666663,0.5,1.0,0.998,0.0020000000000000018,-0.0019200000000000016,0.005920000000000005,1.0,94.0,1500.0,-1406.0,-1409.5183076739945,-1402.4816923260055,0.001953125,1372.0,49373.0,-48001.0,-49959.11568666977,-46042.88431333023,0.001953125
50,500,500,log_normal,0.5,event_driven,10,564.26509,706.9697,-142.70461,-156.5405711348411,-128.86864886515892,0.001953125,0.99798,1.0,-0.0020199999999999997,-0.004659466666666666,0.0006194666666666663,0.5,1.0,0.998,0.0020000000000000018,-0.0019200000000000016,0.005920000000000005,1.0,94.0,871.5,-777.5,-788.0842016441696,-766.9157983558304,0.001953125,1372.0,28593.5,-27221.5,-28669.678414659065,-25773.321585340935,0.001953125
50,500,500,log_normal,0.5,distributed_edge,10,564.26509,823.2197,-258.95461,-272.79057113484106,-245.11864886515892,0.001953125,0.99798,1.0,-0.0020199999999999997,-0.004659466666666666,0.0006194666666666663,0.5,1.0,0.998,0.0020000000000000018,-0.0019200000000000016,0.005920000000000005,1.0,94.0,871.5,-777.5,-788.0842016441696,-766.9157983558304,0.001953125,1372.0,28593.5,-27221.5,-28669.678414659065,-25773.321585340935,0.001953125
50,500,500,log_normal,0.75,periodic,10,697.46511,1009.7,-312.23489000000006,-330.42911495343645,-294.0406650465637,0.001953125,0.99798,1.0,-0.0020199999999999997,-0.004659466666666666,0.0006194666666666663,0.5,1.0,0.998,0.0020000000000000018,-0.0019200000000000016,0.005920000000000005,1.0,94.0,1500.0,-1406.0,-1409.5183076739945,-1402.4816923260055,0.001953125,1372.0,49373.0,-48001.0,-49959.11568666977,-46042.88431333023,0.001953125
50,500,500,log_normal,0.75,event_driven,10,697.46511,706.9697,-9.504590000000007,-24.928239848082676,5.919059848082661,0.232421875,0.99798,1.0,-0.0020199999999999997,-0.004659466666666666,0.0006194666666666663,0.5,1.0,0.998,0.0020000000000000018,-0.0019200000000000016,0.005920000000000005,1.0,94.0,871.5,-777.5,-788.0842016441696,-766.9157983558304,0.001953125,1372.0,28593.5,-27221.5,-28669.678414659065,-25773.321585340935,0.001953125
50,500,500,log_normal,0.75,distributed_edge,10,697.46511,881.3447,-183.87959,-199.30323984808268,-168.45594015191733,0.001953125,0.99798,1.0,-0.0020199999999999997,-0.004659466666666666,0.0006194666666666663,0.5,1.0,0.998,0.0020000000000000018,-0.0019200000000000016,0.005920000000000005,1.0,94.0,871.5,-777.5,-788.0842016441696,-766.9157983558304,0.001953125,1372.0,28593.5,-27221.5,-28669.678414659065,-25773.321585340935,0.001953125
50,500,500,log_normal,1.0,periodic,10,830.66509,1009.7,-179.03491000000005,-198.97426874353394,-159.09555125646617,0.001953125,0.99798,1.0,-0.0020199999999999997,-0.004659466666666666,0.0006194666666666663,0.5,1.0,0.998,0.0020000000000000018,-0.0019200000000000016,0.005920000000000005,1.0,94.0,1500.0,-1406.0,-1409.5183076739945,-1402.4816923260055,0.001953125,1372.0,49373.0,-48001.0,-49959.11568666977,-46042.88431333023,0.001953125
50,500,500,log_normal,1.0,event_driven,10,830.66509,706.9697,123.69538999999999,106.65285943148075,140.73792056851923,0.001953125,0.99798,1.0,-0.0020199999999999997,-0.004659466666666666,0.0006194666666666663,0.5,1.0,0.998,0.0020000000000000018,-0.0019200000000000016,0.005920000000000005,1.0,94.0,871.5,-777.5,-788.0842016441696,-766.9157983558304,0.001953125,1372.0,28593.5,-27221.5,-28669.678414659065,-25773.321585340935,0.001953125
50,500,500,log_normal,1.0,distributed_edge,10,830.66509,939.4697,-108.80461000000001,-125.84714056851925,-91.76207943148077,0.001953125,0.99798,1.0,-0.0020199999999999997,-0.004659466666666666,0.0006194666666666663,0.5,1.0,0.998,0.0020000000000000018,-0.0019200000000000016,0.005920000000000005,1.0,94.0,871.5,-777.5,-788.0842016441696,-766.9157983558304,0.001953125,1372.0,28593.5,-27221.5,-28669.678414659065,-25773.321585340935,0.001953125
50,500,500,log_normal,1.25,periodic,10,963.8650299999999,1009.7,-45.834970000000055,-67.51976003041584,-24.15017996958427,0.005859375,0.99798,1.0,-0.0020199999999999997,-0.004659466666666666,0.0006194666666666663,0.5,1.0,0.998,0.0020000000000000018,-0.0019200000000000016,0.005920000000000005,1.0,94.0,1500.0,-1406.0,-1409.5183076739945,-1402.4816923260055,0.001953125,1372.0,49373.0,-48001.0,-49959.11568666977,-46042.88431333023,0.001953125
50,500,500,log_normal,1.25,event_driven,10,963.8650299999999,706.9697,256.89533,238.21083042757724,275.57982957242274,0.001953125,0.99798,1.0,-0.0020199999999999997,-0.004659466666666666,0.0006194666666666663,0.5,1.0,0.998,0.0020000000000000018,-0.0019200000000000016,0.005920000000000005,1.0,94.0,871.5,-777.5,-788.0842016441696,-766.9157983558304,0.001953125,1372.0,28593.5,-27221.5,-28669.678414659065,-25773.321585340935,0.001953125
50,500,500,log_normal,1.25,distributed_edge,10,963.8650299999999,997.5947,-33.72967000000002,-52.41416957242278,-15.045170427577265,0.009765625,0.99798,1.0,-0.0020199999999999997,-0.004659466666666666,0.0006194666666666663,0.5,1.0,0.998,0.0020000000000000018,-0.0019200000000000016,0.005920000000000005,1.0,94.0,871.5,-777.5,-788.0842016441696,-766.9157983558304,0.001953125,1372.0,28593.5,-27221.5,-28669.678414659065,-25773.321585340935,0.001953125
50,500,500,log_normal,1.5,periodic,10,1097.06507,1009.7,87.36506999999995,63.93459337805406,110.79554662194583,0.001953125,0.99798,1.0,-0.0020199999999999997,-0.004659466666666666,0.0006194666666666663,0.5,1.0,0.998,0.0020000000000000018,-0.0019200000000000016,0.005920000000000005,1.0,94.0,1500.0,-1406.0,-1409.5183076739945,-1402.4816923260055,0.001953125,1372.0,49373.0,-48001.0,-49959.11568666977,-46042.88431333023,0.001953125
50,500,500,log_normal,1.5,event_driven,10,1097.06507,706.9697,390.09537,369.75137325236847,410.43936674763154,0.001953125,0.99798,1.0,-0.0020199999999999997,-0.004659466666666666,0.0006194666666666663,0.5,1.0,0.998,0.0020000000000000018,-0.0019200000000000016,0.005920000000000005,1.0,94.0,871.5,-777.5,-788.0842016441696,-766.9157983558304,0.001953125,1372.0,28593.5,-27221.5,-28669.678414659065,-25773.321585340935,0.001953125
50,500,500,log_normal,1.5,distributed_edge,10,1097.06507,1055.7197,41.34537,21.001373252368452,61.68936674763155,0.005859375,0.99798,1.0,-0.0020199999999999997,-0.004659466666666666,0.0006194666666666663,0.5,1.0,0.998,0.0020000000000000018,-0.0019200000000000016,0.005920000000000005,1.0,94.0,871.5,-777.5,-788.0842016441696,-766.9157983558304,0.001953125,1372.0,28593.5,-27221.5,-28669.678414659065,-25773.321585340935,0.001953125
50,500,500,log_normal,2.0,periodic,10,1363.46509,1009.7,353.76509,326.8427383757488,380.68744162425116,0.001953125,0.99798,1.0,-0.0020199999999999997,-0.004659466666666666,0.0006194666666666663,0.5,1.0,0.998,0.0020000000000000018,-0.0019200000000000016,0.005920000000000005,1.0,94.0,1500.0,-1406.0,-1409.5183076739945,-1402.4816923260055,0.001953125,1372.0,49373.0,-48001.0,-49959.11568666977,-46042.88431333023,0.001953125
50,500,500,log_normal,2.0,event_driven,10,1363.46509,706.9697,656.49539,632.7946492504144,680.1961307495857,0.001953125,0.99798,1.0,-0.0020199999999999997,-0.004659466666666666,0.0006194666666666663,0.5,1.0,0.998,0.0020000000000000018,-0.0019200000000000016,0.005920000000000005,1.0,94.0,871.5,-777.5,-788.0842016441696,-766.9157983558304,0.001953125,1372.0,28593.5,-27221.5,-28669.678414659065,-25773.321585340935,0.001953125
50,500,500,log_normal,2.0,distributed_edge,10,1363.46509,1171.9697,191.49539000000001,167.79464925041432,215.1961307495857,0.001953125,0.99798,1.0,-0.0020199999999999997,-0.004659466666666666,0.0006194666666666663,0.5,1.0,0.998,0.0020000000000000018,-0.0019200000000000016,0.005920000000000005,1.0,94.0,871.5,-777.5,-788.0842016441696,-766.9157983558304,0.001953125,1372.0,28593.5,-27221.5,-28669.678414659065,-25773.321585340935,0.001953125
50,500,500,log_normal,3.0,periodic,10,1896.2650800000001,1009.7,886.56508,852.6576480212321,920.4725119787678,0.001953125,0.99798,1.0,-0.0020199999999999997,-0.004659466666666666,0.0006194666666666663,0.5,1.0,0.998,0.0020000000000000018,-0.0019200000000000016,0.005920000000000005,1.0,94.0,1500.0,-1406.0,-1409.5183076739945,-1402.4816923260055,0.001953125,1372.0,49373.0,-48001.0,-49959.11568666977,-46042.88431333023,0.001953125
50,500,500,log_normal,3.0,event_driven,10,1896.2650800000001,706.9697,1189.29538,1158.78852622041,1219.80223377959,0.001953125,0.99798,1.0,-0.0020199999999999997,-0.004659466666666666,0.0006194666666666663,0.5,1.0,0.998,0.0020000000000000018,-0.0019200000000000016,0.005920000000000005,1.0,94.0,871.5,-777.5,-788.0842016441696,-766.9157983558304,0.001953125,1372.0,28593.5,-27221.5,-28669.678414659065,-25773.321585340935,0.001953125
50,500,500,log_normal,3.0,distributed_edge,10,1896.2650800000001,1404.4697,491.79538,461.2885262204099,522.3022337795902,0.001953125,0.99798,1.0,-0.0020199999999999997,-0.004659466666666666,0.0006194666666666663,0.5,1.0,0.998,0.0020000000000000018,-0.0019200000000000016,0.005920000000000005,1.0,94.0,871.5,-777.5,-788.0842016441696,-766.9157983558304,0.001953125,1372.0,28593.5,-27221.5,-28669.678414659065,-25773.321585340935,0.001953125
50,500,500,log_normal,4.0,periodic,10,2429.06509,1009.7,1419.36509,1378.4715717960012,1460.2586082039988,0.001953125,0.99798,1.0,-0.0020199999999999997,-0.004659466666666666,0.0006194666666666663,0.5,1.0,0.998,0.0020000000000000018,-0.0019200000000000016,0.005920000000000005,1.0,94.0,1500.0,-1406.0,-1409.5183076739945,-1402.4816923260055,0.001953125,1372.0,49373.0,-48001.0,-49959.11568666977,-46042.88431333023,0.001953125
50,500,500,log_normal,4.0,event_driven,10,2429.06509,706.9697,1722.09539,1684.7152284935619,1759.475551506438,0.001953125,0.99798,1.0,-0.0020199999999999997,-0.004659466666666666,0.0006194666666666663,0.5,1.0,0.998,0.0020000000000000018,-0.0019200000000000016,0.005920000000000005,1.0,94.0,871.5,-777.5,-788.0842016441696,-766.9157983558304,0.001953125,1372.0,28593.5,-27221.5,-28669.678414659065,-25773.321585340935,0.001953125
50,500,500,log_normal,4.0,distributed_edge,10,2429.06509,1636.9697,792.0953900000001,754.715228493562,829.4755515064381,0.001953125,0.99798,1.0,-0.0020199999999999997,-0.004659466666666666,0.0006194666666666663,0.5,1.0,0.998,0.0020000000000000018,-0.0019200000000000016,0.005920000000000005,1.0,94.0,871.5,-777.5,-788.0842016441696,-766.9157983558304,0.001953125,1372.0,28593.5,-27221.5,-28669.678414659065,-25773.321585340935,0.001953125
50,500,500,rician,0.1,periodic,10,352.18207,1009.7,-657.51793,-671.1468107539089,-643.8890492460911,0.001953125,1.0,1.0,0.0,0.0,0.0,1.0,1.0,0.998,0.0020000000000000018,-0.0019200000000000016,0.005920000000000005,1.0,92.2,1500.0,-1407.8,-1412.0622176804518,-1403.5377823195481,0.001953125,1262.9,44929.7,-43666.8,-45528.4608959987,-41805.139104001304,0.001953125
50,500,500,rician,0.1,event_driven,10,352.18207,704.8457,-352.66363,-366.48649599441904,-338.840764005581,0.001953125,1.0,1.0,0.0,0.0,0.0,1.0,1.0,0.998,0.0020000000000000018,-0.0019200000000000016,0.005920000000000005,1.0,92.2,871.5,-779.3,-791.1469709959034,-767.4530290040965,0.001953125,1262.9,26032.2,-24769.3,-26139.106501450155,-23399.493498549844,0.001953125
50,500,500,rician,0.1,distributed_edge,10,352.18207,728.0957,-375.91363,-389.73649599441904,-362.090764005581,0.001953125,1.0,1.0,0.0,0.0,0.0,1.0,1.0,0.998,0.0020000000000000018,-0.0019200000000000016,0.005920000000000005,1.0,92.2,871.5,-779.3,-791.1469709959034,-767.4530290040965,0.001953125,1262.9,26032.2,-24769.3,-26139.106501450155,-23399.493498549844,0.001953125
50,500,500,rician,0.25,periodic,10,432.19973,1009.7,-577.50027,-592.1346283257574,-562.8659116742426,0.001953125,1.0,1.0,0.0,0.0,0.0,1.0,1.0,0.998,0.0020000000000000018,-0.0019200000000000016,0.005920000000000005,1.0,92.2,1500.0,-1407.8,-1412.0622176804518,-1403.5377823195481,0.001953125,1262.9,44929.7,-43666.8,-45528.4608959987,-41805.139104001304,0.001953125
50,500,500,rician,0.25,event_driven,10,432.19973,704.8457,-272.64597,-287.335849815904,-257.95609018409596,0.001953125,1.0,1.0,0.0,0.0,0.0,1.0,1.0,0.998,0.0020000000000000018,-0.0019200000000000016,0.005920000000000005,1.0,92.2,871.5,-779.3,-791.1469709959034,-767.4530290040965,0.001953125,1262.9,26032.2,-24769.3,-26139.106501450155,-23399.493498549844,0.001953125
50,500,500,rician,0.25,distributed_edge,10,432.19973,762.9707,-330.77097,-345.460849815904,-316.08109018409596,0.001953125,1.0,1.0,0.0,0.0,0.0,1.0,1.0,0.998,0.0020000000000000018,-0.0019200000000000016,0.005920000000000005,1.0,92.2,871.5,-779.3,-791.1469709959034,-767.4530290040965,0.001953125,1262.9,26032.2,-24769.3,-26139.106501450155,-23399.493498549844,0.001953125
50,500,500,rician,0.5,periodic,10,565.56247,1009.7,-444.13753,-460.4481522740405,-427.82690772595953,0.001953125,1.0,1.0,0.0,0.0,0.0,1.0,1.0,0.998,0.0020000000000000018,-0.0019200000000000016,0.005920000000000005,1.0,92.2,1500.0,-1407.8,-1412.0622176804518,-1403.5377823195481,0.001953125,1262.9,44929.7,-43666.8,-45528.4608959987,-41805.139104001304,0.001953125
50,500,500,rician,0.5,event_driven,10,565.56247,704.8457,-139.28322999999997,-155.45428147147186,-123.11217852852808,0.001953125,1.0,1.0,0.0,0.0,0.0,1.0,1.0,0.998,0.0020000000000000018,-0.0019200000000000016,0.005920000000000005,1.0,92.2,871.5,-779.3,-791.1469709959034,-767.4530290040965,0.001953125,1262.9,26032.2,-24769.3,-26139.106501450155,-23399.493498549844,0.001953125
50,500,500,rician,0.5,distributed_edge,10,565.56247,821.0957,-255.53322999999997,-271.70428147147186,-239.3621785285281,0.001953125,1.0,1.0,0.0,0.0,0.0,1.0,1.0,0.998,0.0020000000000000018,-0.0019200000000000016,0.005920000000000005,1.0,92.2,871.5,-779.3,-791.1469709959034,-767.4530290040965,0.001953125,1262.9,26032.2,-24769.3,-26139.106501450155,-23399.493498549844,0.001953125
50,500,500,rician,0.75,periodic,10,698.92523,1009.7,-310.77477000000005,-328.7621398865048,-292.78740011349527,0.001953125,1.0,1.0,0.0,0.0,0.0,1.0,1.0,0.998,0.0020000000000000018,-0.0019200000000000016,0.005920000000000005,1.0,92.2,1500.0,-1407.8,-1412.0622176804518,-1403.5377823195481,0.001953125,1262.9,44929.7,-43666.8,-45528.4608959987,-41805.139104001304,0.001953125
50,500,500,rician,0.75,event_driven,10,698.92523,704.8457,-5.920469999999989,-23.60804168528057,11.767101685280592,0.6953125,1.0,1.0,0.0,0.0,0.0,1.0,1.0,0.998,0.0020000000000000018,-0.0019200000000000016,0.005920000000000005,1.0,92.2,871.5,-779.3,-791.1469709959034,-767.4530290040965,0.001953125,1262.9,26032.2,-24769.3,-26139.106501450155,-23399.493498549844,0.001953125
50,500,500,rician,0.75,distributed_edge,10,698.92523,879.2207,-180.29547,-197.98304168528057,-162.60789831471942,0.001953125,1.0,1.0,0.0,0.0,0.0,1.0,1.0,0.998,0.0020000000000000018,-0.0019200000000000016,0.005920000000000005,1.0,92.2,871.5,-779.3,-791.1469709959034,-767.4530290040965,0.001953125,1262.9,26032.2,-24769.3,-26139.106501450155,-23399.493498549844,0.001953125
50,500,500,rician,1.0,periodic,10,832.28797,1009.7,-177.41203000000004,-197.076476436039,-157.7475835639611,0.001953125,1.0,1.0,0.0,0.0,0.0,1.0,1.0,0.998,0.0020000000000000018,-0.0019200000000000016,0.005920000000000005,1.0,92.2,1500.0,-1407.8,-1412.0622176804518,-1403.5377823195481,0.001953125,1262.9,44929.7,-43666.8,-45528.4608959987,-41805.139104001304,0.001953125
50,500,500,rician,1.0,event_driven,10,832.28797,704.8457,127.44227000000001,108.21121304383215,146.67332695616787,0.001953125,1.0,1.0,0.0,0.0,0.0,1.0,1.0,0.998,0.0020000000000000018,-0.0019200000000000016,0.005920000000000005,1.0,92.2,871.5,-779.3,-791.1469709959034,-767.4530290040965,0.001953125,1262.9,26032.2,-24769.3,-26139.106501450155,-23399.493498549844,0.001953125
50,500,500,rician,1.0,distributed_edge,10,832.28797,937.3457,-105.05772999999999,-124.28878695616785,-85.82667304383213,0.001953125,1.0,1.0,0.0,0.0,0.0,1.0,1.0,0.998,0.0020000000000000018,-0.0019200000000000016,0.005920000000000005,1.0,92.2,871.5,-779.3,-791.1469709959034,-767.4530290040965,0.001953125,1262.9,26032.2,-24769.3,-26139.106501450155,-23399.493498549844,0.001953125
50,500,500,rician,1.25,periodic,10,965.6507,1009.7,-44.04930000000006,-65.39110180015021,-22.70749819984991,0.009765625,1.0,1.0,0.0,0.0,0.0,1.0,1.0,0.998,0.0020000000000000018,-0.0019200000000000016,0.005920000000000005,1.0,92.2,1500.0,-1407.8,-1412.0622176804518,-1403.5377823195481,0.001953125,1262.9,44929.7,-43666.8,-45528.4608959987,-41805.139104001304,0.001953125
50,500,500,rician,1.25,event_driven,10,965.6507,704.8457,260.805,240.009471519782,281.60052848021803,0.001953125,1.0,1.0,0.0,0.0,0.0,1.0,1.0,0.998,0.0020000000000000018,-0.0019200000000000016,0.005920000000000005,1.0,92.2,871.5,-779.3,-791.1469709959034,-767.4530290040965,0.001953125,1262.9,26032.2,-24769.3,-26139.106501450155,-23399.493498549844,0.001953125
50,500,500,rician,1.25,distributed_edge,10,965.6507,995.4707,-29.820000000000004,-50.615528480218,-9.024471519782004,0.013671875,1.0,1.0,0.0,0.0,0.0,1.0,1.0,0.998,0.0020000000000000018,-0.0019200000000000016,0.005920000000000005,1.0,92.2,871.5,-779.3,-791.1469709959034,-767.4530290040965,0.001953125,1262.9,26032.2,-24769.3,-26139.106501450155,-23399.493498549844,0.001953125
50,500,500,rician,1.5,periodic,10,1099.0134600000001,1009.7,89.31345999999996,66.29410809021672,112.3328119097832,0.001953125,1.0,1.0,0.0,0.0,0.0,1.0,1.0,0.998,0.0020000000000000018,-0.0019200000000000016,0.005920000000000005,1.0,92.2,1500.0,-1407.8,-1412.0622176804518,-1403.5377823195481,0.001953125,1262.9,44929.7,-43666.8,-45528.4608959987,-41805.139104001304,0.001953125
50,500,500,rician,1.5,event_driven,10,1099.0134600000001,704.8457,394.16776000000004,371.79120384139725,416.54431615860284,0.001953125,1.0,1.0,0.0,0.0,0.0,1.0,1.0,0.998,0.0020000000000000018,-0.0019200000000000016,0.005920000000000005,1.0,92.2,871.5,-779.3,-791.1469709959034,-767.4530290040965,0.001953125,1262.9,26032.2,-24769.3,-26139.106501450155,-23399.493498549844,0.001953125
50,500,500,rician,1.5,distributed_edge,10,1099.0134600000001,1053.5957,45.41776,23.041203841397223,67.79431615860278,0.009765625,1.0,1.0,0.0,0.0,0.0,1.0,1.0,0.998,0.0020000000000000018,-0.0019200000000000016,0.005920000000000005,1.0,92.2,871.5,-779.3,-791.1469709959034,-767.4530290040965,0.001953125,1262.9,26032.2,-24769.3,-26139.106501450155,-23399.493498549844,0.001953125
50,500,500,rician,2.0,periodic,10,1365.73897,1009.7,356.03896999999995,329.6640378920858,382.4139021079141,0.001953125,1.0,1.0,0.0,0.0,0.0,1.0,1.0,0.998,0.0020000000000000018,-0.0019200000000000016,0.005920000000000005,1.0,92.2,1500.0,-1407.8,-1412.0622176804518,-1403.5377823195481,0.001953125,1262.9,44929.7,-43666.8,-45528.4608959987,-41805.139104001304,0.001953125
50,500,500,rician,2.0,event_driven,10,1365.73897,704.8457,660.89327,635.3172397315919,686.4693002684081,0.001953125,1.0,1.0,0.0,0.0,0.0,1.0,1.0,0.998,0.0020000000000000018,-0.0019200000000000016,0.005920000000000005,1.0,92.2,871.5,-779.3,-791.1469709959034,-767.4530290040965,0.001953125,1262.9,26032.2,-24769.3,-26139.106501450155,-23399.493498549844,0.001953125
50,500,500,rician,2.0,distributed_edge,10,1365.73897,1169.8457,195.89327,170.31723973159188,221.46930026840812,0.001953125,1.0,1.0,0.0,0.0,0.0,1.0,1.0,0.998,0.0020000000000000018,-0.0019200000000000016,0.005920000000000005,1.0,92.2,871.5,-779.3,-791.1469709959034,-767.4530290040965,0.001953125,1262.9,26032.2,-24769.3,-26139.106501450155,-23399.493498549844,0.001953125
50,500,500,rician,3.0,periodic,10,1899.18996,1009.7,889.48996,856.4026685154773,922.5772514845227,0.001953125,1.0,1.0,0.0,0.0,0.0,1.0,1.0,0.998,0.0020000000000000018,-0.0019200000000000016,0.005920000000000005,1.0,92.2,1500.0,-1407.8,-1412.0622176804518,-1403.5377823195481,0.001953125,1262.9,44929.7,-43666.8,-45528.4608959987,-41805.139104001304,0.001953125
50,500,500,rician,3.0,event_driven,10,1899.18996,704.8457,1194.34426,1162.272177575492,1226.4163424245082,0.001953125,1.0,1.0,0.0,0.0,0.0,1.0,1.0,0.998,0.0020000000000000018,-0.0019200000000000016,0.005920000000000005,1.0,92.2,871.5,-779.3,-791.1469709959034,-767.4530290040965,0.001953125,1262.9,26032.2,-24769.3,-26139.106501450155,-23399.493498549844,0.001953125
50,500,500,rician,3.0,distributed_edge,10,1899.18996,1402.3457,496.84426,464.7721775754918,528.9163424245082,0.001953125,1.0,1.0,0.0,0.0,0.0,1.0,1.0,0.998,0.0020000000000000018,-0.0019200000000000016,0.005920000000000005,1.0,92.2,871.5,-779.3,-791.1469709959034,-767.4530290040965,0.001953125,1262.9,26032.2,-24769.3,-26139.106501450155,-23399.493498549844,0.001953125
50,500,500,rician,4.0,periodic,10,2432.64097,1009.7,1422.9409699999999,1383.140415396965,1462.7415246030348,0.001953125,1.0,1.0,0.0,0.0,0.0,1.0,1.0,0.998,0.0020000000000000018,-0.0019200000000000016,0.005920000000000005,1.0,92.2,1500.0,-1407.8,-1412.0622176804518,-1403.5377823195481,0.001953125,1262.9,44929.7,-43666.8,-45528.4608959987,-41805.139104001304,0.001953125
50,500,500,rician,4.0,event_driven,10,2432.64097,704.8457,1727.79527,1689.1522008612988,1766.4383391387014,0.001953125,1.0,1.0,0.0,0.0,0.0,1.0,1.0,0.998,0.0020000000000000018,-0.0019200000000000016,0.005920000000000005,1.0,92.2,871.5,-779.3,-791.1469709959034,-767.4530290040965,0.001953125,1262.9,26032.2,-24769.3,-26139.106501450155,-23399.493498549844,0.001953125
50,500,500,rician,4.0,distributed_edge,10,2432.64097,1634.8457,797.79527,759.1522008612988,836.4383391387012,0.001953125,1.0,1.0,0.0,0.0,0.0,1.0,1.0,0.998,0.0020000000000000018,-0.0019200000000000016,0.005920000000000005,1.0,92.2,871.5,-779.3,-791.1469709959034,-767.4530290040965,0.001953125,1262.9,26032.2,-24769.3,-26139.106501450155,-23399.493498549844,0.001953125
100,100,100,log_normal,0.1,periodic,10,1185.13268,2019.4,-834.2673200000002,-866.9920009196176,-801.5426390803827,0.001953125,1.0,1.0,0.0,0.0,0.0,1.0,1.0,0.998,0.0020000000000000018,-0.0006133333333333338,0.004613333333333337,0.5,202.0,3000.0,-2798.0,-2799.401243891849,-2796.598756108151,0.001953125,14920.2,293981.7,-279061.5,-279247.89984713873,-278875.10015286127,0.001953125
100,100,100,log_normal,0.1,event_driven,10,1185.13268,1470.68368,-285.55100000000004,-318.5731787870605,-252.5288212129396,0.001953125,1.0,1.0,0.0,0.0,0.0,1.0,1.0,0.998,0.0020000000000000018,-0.0006133333333333338,0.004613333333333337,0.5,202.0,1729.6,-1527.6,-1542.9114350296327,-1512.2885649703671,0.001953125,14920.2,168326.7,-153406.5,-154873.62912863184,-151939.37087136816,0.001953125
100,100,100,log_normal,0.1,distributed_edge,10,1185.13268,1517.18368,-332.05100000000004,-365.0731787870605,-299.0288212129396,0.001953125,1.0,1.0,0.0,0.0,0.0,1.0,1.0,0.998,0.0020000000000000018,-0.0006133333333333338,0.004613333333333337,0.5,202.0,1729.6,-1527.6,-1542.9114350296327,-1512.2885649703671,0.001953125,14920.2,168326.7,-153406.5,-154873.62912863184,-151939.37087136816,0.001953125
100,100,100,log_normal,0.25,periodic,10,1384.78868,2019.4,-634.6113200000001,-670.0286199391636,-599.1940200608366,0.001953125,1.0,1.0,0.0,0.0,0.0,1.0,1.0,0.998,0.0020000000000000018,-0.0006133333333333338,0.004613333333333337,0.5,202.0,3000.0,-2798.0,-2799.401243891849,-2796.598756108151,0.001953125,14920.2,293981.7,-279061.5,-279247.89984713873,-278875.10015286127,0.001953125
100,100,100,log_normal,0.25,event_driven,10,1384.78868,1470.68368,-85.89500000000002,-121.48192213666167,-50.308077863338376,0.009765625,1.0,1.0,0.0,0.0,0.0,1.0,1.0,0.998,0.0020000000000000018,-0.0006133333333333338,0.004613333333333337,0.5,202.0,1729.6,-1527.6,-1542.9114350296327,-1512.2885649703671,0.001953125,14920.2,168326.7,-153406.5,-154873.62912863184,-151939.37087136816,0.001953125
100,100,100,log_normal,0.25,distributed_edge,10,1384.78868,1586.93368,-202.14500000000004,-237.7319221366617,-166.55807786333838,0.001953125,1.0,1.0,0.0,0.0,0.0,1.0,1.0,0.998,0.0020000000000000018,-0.0006133333333333338,0.004613333333333337,0.5,202.0,1729.6,-1527.6,-1542.9114350296327,-1512.2885649703671,0.001953125,14920.2,168326.7,-153406.5,-154873.62912863184,-151939.37087136816,0.001953125
100,100,100,log_normal,0.5,periodic,10,1717.54867,2019.4,-301.8513300000001,-341.756332654382,-261.94632734561816,0.001953125,1.0,1.0,0.0,0.0,0.0,1.0,1.0,0.998,0.0020000000000000018,-0.0006133333333333338,0.004613333333333337,0.5,202.0,3000.0,-2798.0,-2799.401243891849,-2796.598756108151,0.001953125,14920.2,293981.7,-279061.5,-279247.89984713873,-278875.10015286127,0.001953125
100,100,100,log_normal,0.5,event_driven,10,1717.54867,1470.68368,246.86498999999998,206.96602590242884,286.7639540975711,0.001953125,1.0,1.0,0.0,0.0,0.0,1.0,1.0,0.998,0.0020000000000000018,-0.0006133333333333338,0.004613333333333337,0.5,202.0,1729.6,-1527.6,-1542.9114350296327,-1512.2885649703671,0.001953125,14920.2,168326.7,-153406.5,-154873.62912863184,-151939.37087136816,0.001953125
100,100,100,log_normal,0.5,distributed_edge,10,1717.54867,1703.18368,14.364989999999967,-25.53397409757117,54.2639540975711,1.0,1.0,1.0,0.0,0.0,0.0,1.0,1.0,0.998,0.0020000000000000018,-0.0006133333333333338,0.004613333333333337,0.5,202.0,1729.6,-1527.6,-1542.9114350296327,-1512.2885649703671,0.001953125,14920.2,168326.7,-153406.5,-154873.62912863184,-151939.37087136816,0.001953125
100,100,100,log_normal,0.75,periodic,10,2050.30869,2019.4,30.908689999999865,-13.484081964359746,75.30146196435948,0.10546875,1.0,1.0,0.0,0.0,0.0,1.0,1.0,0.998,0.0020000000000000018,-0.0006133333333333338,0.004613333333333337,0.5,202.0,3000.0,-2798.0,-2799.401243891849,-2796.598756108151,0.001953125,14920.2,293981.7,-279061.5,-279247.89984713873,-278875.10015286127,0.001953125
100,100,100,log_normal,0.75,event_driven,10,2050.30869,1470.68368,579.62501,535.3789840040431,623.8710359959568,0.001953125,1.0,1.0,0.0,0.0,0.0,1.0,1.0,0.998,0.0020000000000000018,-0.0006133333333333338,0.004613333333333337,0.5,202.0,1729.6,-1527.6,-1542.9114350296327,-1512.2885649703671,0.001953125,14920.2,168326.7,-153406.5,-154873.62912863184,-151939.37087136816,0.001953125
100,100,100,log_normal,0.75,distributed_edge,10,2050.30869,1819.43368,230.87500999999992,186.62898400404308,275.1210359959568,0.001953125,1.0,1.0,0.0,0.0,0.0,1.0,1.0,0.998,0.0020000000000000018,-0.0006133333333333338,0.004613333333333337,0.5,202.0,1729.6,-1527.6,-1542.9114350296327,-1512.2885649703671,0.001953125,14920.2,168326.7,-153406.5,-154873.62912863184,-151939.37087136816,0.001953125
100,100,100,log_normal,1.0,periodic,10,2383.06868,2019.4,363.66867999999994,314.788112420586,412.5492475794139,0.001953125,1.0,1.0,0.0,0.0,0.0,1.0,1.0,0.998,0.0020000000000000018,-0.0006133333333333338,0.004613333333333337,0.5,202.0,3000.0,-2798.0,-2799.401243891849,-2796.598756108151,0.001953125,14920.2,293981.7,-279061.5,-279247.89984713873,-278875.10015286127,0.001953125
100,100,100,log_normal,1.0,event_driven,10,2383.06868,1470.68368,912.385,863.7663131843958,961.0036868156042,0.001953125,1.0,1.0,0.0,0.0,0.0,1.0,1.0,0.998,0.0020000000000000018,-0.0006133333333333338,0.004613333333333337,0.5,202.0,1729.6,-1527.6,-1542.9114350296327,-1512.2885649703671,0.001953125,14920.2,168326.7,-153406.5,-154873.62912863184,-151939.37087136816,0.001953125
100,100,100,log_normal,1.0,distributed_edge,10,2383.06868,1935.68368,447.385,398.7663131843958,496.00368681560417,0.001953125,1.0,1.0,0.0,0.0,0.0,1.0,1.0,0.998,0.0020000000000000018,-0.0006133333333333338,0.004613333333333337,0.5,202.0,1729.6,-1527.6,-1542.9114350296327,-1512.2885649703671,0.001953125,14920.2,168326.7,-153406.5,-154873.62912863184,-151939.37087136816,0.001953125
100,100,100,log_normal,1.25,periodic,10,2715.82868,2019.4,696.42868,643.0602501737493,749.7971098262507,0.001953125,1.0,1.0,0.0,0.0,0.0,1.0,1.0,0.998,0.0020000000000000018,-0.0006133333333333338,0.004613333333333337,0.5,202.0,3000.0,-2798.0,-2799.401243891849,-2796.598756108151,0.001953125,14920.2,293981.7,-279061.5,-279247.89984713873,-278875.10015286127,0.001953125
100,100,100,log_normal,1.25,event_driven,10,2715.82868,1470.68368,1245.145,1192.1343391738358,1298.1556608261642,0.001953125,1.0,1.0,0.0,0.0,0.0,1.0,1.0,0.998,0.0020000000000000018,-0.0006133333333333338,0.004613333333333337,0.5,202.0,1729.6,-1527.6,-1542.9114350296327,-1512.2885649703671,0.001953125,14920.2,168326.7,-153406.5,-154873.62912863184,-151939.37087136816,0.001953125
100,100,100,log_normal,1.25,distributed_edge,10,2715.82868,2051.93368,663.895,610.8843391738357,716.9056608261643,0.001953125,1.0,1.0,0.0,0.0,0.0,1.0,1.0,0.998,0.0020000000000000018,-0.0006133333333333338,0.004613333333333337,0.5,202.0,1729.6,-1527.6,-1542.9114350296327,-1512.2885649703671,0.001953125,14920.2,168326.7,-153406.5,-154873.62912863184,-151939.37087136816,0.001953125
100,100,100,log_normal,1.5,periodic,10,3048.58868,2019.4,1029.18868,971.3324153501877,1087.0449446498121,0.001953125,1.0,1.0,0.0,0.0,0.0,1.0,1.0,0.998,0.0020000000000000018,-0.0006133333333333338,0.004613333333333337,0.5,202.0,3000.0,-2798.0,-2799.401243891849,-2796.598756108151,0.001953125,14920.2,293981.7,-279061.5,-279247.89984713873,-278875.10015286127,0.001953125
100,100,100,log_normal,1.5,event_driven,10,3048.58868,1470.68368,1577.905,1520.4875578462365,1635.3224421537634,0.001953125,1.0,1.0,0.0,0.0,0.0,1.0,1.0,0.998,0.0020000000000000018,-0.0006133333333333338,0.004613333333333337,0.5,202.0,1729.6,-1527.6,-1542.9114350296327,-1512.2885649703671,0.001953125,14920.2,168326.7,-153406.5,-154873.62912863184,-151939.37087136816,0.001953125
100,100,100,log_normal,1.5,distributed_edge,10,3048.58868,2168.18368,880.405,822.9875578462364,937.8224421537635,0.001953125,1.0,1.0,0.0,0.0,0.0,1.0,1.0,0.998,0.0020000000000000018,-0.0006133333333333338,0.004613333333333337,0.5,202.0,1729.6,-1527.6,-1542.9114350296327,-1512.2885649703671,0.001953125,14920.2,168326.7,-153406.5,-154873.62912863184,-151939.37087136816,0.001953125
100,100,100,log_normal,2.0,periodic,10,3714.10871,2019.4,1694.7087099999999,1627.876679377336,1761.5407406226639,0.001953125,1.0,1.0,0.0,0.0,0.0,1.0,1.0,0.998,0.0020000000000000018,-0.0006133333333333338,0.004613333333333337,0.5,202.0,3000.0,-2798.0,-2799.401243891849,-2796.598756108151,0.001953125,14920.2,293981.7,-279061.5,-279247.89984713873,-278875.10015286127,0.001953125
100,100,100,log_normal,2.0,event_driven,10,3714.10871,1470.68368,2243.42503,2177.1612856708794,2309.6887743291204,0.001953125,1.0,1.0,0.0,0.0,0.0,1.0,1.0,0.998,0.0020000000000000018,-0.0006133333333333338,0.004613333333333337,0.5,202.0,1729.6,-1527.6,-1542.9114350296327,-1512.2885649703671,0.001953125,14920.2,168326.7,-153406.5,-154873.62912863184,-151939.37087136816,0.001953125
100,100,100,log_normal,2.0,distributed_edge,10,3714.10871,2400.68368,1313.4250299999999,1247.1612856708791,1379.6887743291206,0.001953125,1.0,1.0,0.0,0.0,0.0,1.0,1.0,0.998,0.0020000000000000018,-0.0006133333333333338,0.004613333333333337,0.5,202.0,1729.6,-1527.6,-1542.9114350296327,-1512.2885649703671,0.001953125,14920.2,168326.7,-153406.5,-154873.62912863184,-151939.37087136816,0.001953125
100,100,100,log_normal,3.0,periodic,10,5045.14868,2019.4,3025.7486799999997,2940.9649858880566,3110.5323741119428,0.001953125,1.0,1.0,0.0,0.0,0.0,1.0,1.0,0.998,0.0020000000000000018,-0.0006133333333333338,0.004613333333333337,0.5,202.0,3000.0,-2798.0,-2799.401243891849,-2796.598756108151,0.001953125,14920.2,293981.7,-279061.5,-279247.89984713873,-278875.10015286127,0.001953125
100,100,100,log_normal,3.0,event_driven,10,5045.14868,1470.68368,3574.465,3490.4261069687986,3658.5038930312016,0.001953125,1.0,1.0,0.0,0.0,0.0,1.0,1.0,0.998,0.0020000000000000018,-0.0006133333333333338,0.004613333333333337,0.5,202.0,1729.6,-1527.6,-1542.9114350296327,-1512.2885649703671,0.001953125,14920.2,168326.7,-153406.5,-154873.62912863184,-151939.37087136816,0.001953125
100,100,100,log_normal,3.0,distributed_edge,10,5045.14868,2865.68368,2179.465,2095.426106968798,2263.503893031202,0.001953125,1.0,1.0,0.0,0.0,0.0,1.0,1.0,0.998,0.0020000000000000018,-0.0006133333333333338,0.004613333333333337,0.5,202.0,1729.6,-1527.6,-1542.9114350296327,-1512.2885649703671,0.001953125,14920.2,168326.7,-153406.5,-154873.62912863184,-151939.37087136816,0.001953125
100,100,100,log_normal,4.0,periodic,10,6376.18873,2019.4,4356.788729999999,4254.053263095305,4459.524196904694,0.001953125,1.0,1.0,0.0,0.0,0.0,1.0,1.0,0.998,0.0020000000000000018,-0.0006133333333333338,0.004613333333333337,0.5,202.0,3000.0,-2798.0,-2799.401243891849,-2796.598756108151,0.001953125,14920.2,293981.7,-279061.5,-279247.89984713873,-278875.10015286127,0.001953125
100,100,100,log_normal,4.0,event_driven,10,6376.18873,1470.68368,4905.50505,4803.628979866514,5007.381120133486,0.001953125,1.0,1.0,0.0,0.0,0.0,1.0,1.0,0.998,0.0020000000000000018,-0.0006133333333333338,0.004613333333333337,0.5,202.0,1729.6,-1527.6,-1542.9114350296327,-1512.2885649703671,0.001953125,14920.2,168326.7,-153406.5,-154873.62912863184,-151939.37087136816,0.001953125
100,100,100,log_normal,4.0,distributed_edge,10,6376.18873,3330.68368,3045.5050499999998,2943.628979866514,3147.3811201334856,0.001953125,1.0,1.0,0.0,0.0,0.0,1.0,1.0,0.998,0.0020000000000000018,-0.0006133333333333338,0.004613333333333337,0.5,202.0,1729.6,-1527.6,-1542.9114350296327,-1512.2885649703671,0.001953125,14920.2,168326.7,-153406.5,-154873.62912863184,-151939.37087136816,0.001953125
100,100,100,rician,0.1,periodic,10,1171.17256,2019.4,-848.2274400000001,-883.0816393742737,-813.3732406257266,0.001953125,1.0,1.0,0.0,0.0,0.0,1.0,1.0,0.998,0.0020000000000000018,-0.0006133333333333338,0.004613333333333337,0.5,202.5,3000.0,-2797.5,-2798.9388174156425,-2796.0611825843575,0.001953125,14431.6,293089.2,-278657.6,-278822.97316017083,-278492.2268398291,0.001953125
100,100,100,rician,0.1,event_driven,10,1171.17256,1470.55768,-299.38512,-334.0291748692319,-264.74106513076805,0.001953125,1.0,1.0,0.0,0.0,0.0,1.0,1.0,0.998,0.0020000000000000018,-0.0006133333333333338,0.004613333333333337,0.5,202.5,1729.6,-1527.1,-1542.3953970708692,-1511.8046029291306,0.001953125,14431.6,167837.5,-153405.9,-154876.62741412706,-151935.17258587293,0.001953125
100,100,100,rician,0.1,distributed_edge,10,1171.17256,1517.05768,-345.88512,-380.5291748692319,-311.24106513076805,0.001953125,1.0,1.0,0.0,0.0,0.0,1.0,1.0,0.998,0.0020000000000000018,-0.0006133333333333338,0.004613333333333337,0.5,202.5,1729.6,-1527.1,-1542.3953970708692,-1511.8046029291306,0.001953125,14431.6,167837.5,-153405.9,-154876.62741412706,-151935.17258587293,0.001953125
100,100,100,rician,0.25,periodic,10,1369.66148,2019.4,-649.7385200000001,-687.452576981065,-612.0244630189352,0.001953125,1.0,1.0,0.0,0.0,0.0,1.0,1.0,0.998,0.0020000000000000018,-0.0006133333333333338,0.004613333333333337,0.5,202.5,3000.0,-2797.5,-2798.9388174156425,-2796.0611825843575,0.001953125,14431.6,293089.2,-278657.6,-278822.97316017083,-278492.2268398291,0.001953125
100,100,100,rician,0.25,event_driven,10,1369.66148,1470.55768,-100.89619999999995,-138.27548972376553,-63.51691027623437,0.00390625,1.0,1.0,0.0,0.0,0.0,1.0,1.0,0.998,0.0020000000000000018,-0.0006133333333333338,0.004613333333333337,0.5,202.5,1729.6,-1527.1,-1542.3953970708692,-1511.8046029291306,0.001953125,14431.6,167837.5,-153405.9,-154876.62741412706,-151935.17258587293,0.001953125
100,100,100,rician,0.25,distributed_edge,10,1369.66148,1586.80768,-217.14619999999996,-254.52548972376553,-179.7669102762344,0.001953125,1.0,1.0,0.0,0.0,0.0,1.0,1.0,0.998,0.0020000000000000018,-0.0006133333333333338,0.004613333333333337,0.5,202.5,1729.6,-1527.1,-1542.3953970708692,-1511.8046029291306,0.001953125,14431.6,167837.5,-153405.9,-154876.62741412706,-151935.17258587293,0.001953125
100,100,100,rician,0.5,periodic,10,1700.4763599999999,2019.4,-318.92364000000015,-361.4041314298122,-276.4431485701881,0.001953125,1.0,1.0,0.0,0.0,0.0,1.0,1.0,0.998,0.0020000000000000018,-0.0006133333333333338,0.004613333333333337,0.5,202.5,3000.0,-2797.5,-2798.9388174156425,-2796.0611825843575,0.001953125,14431.6,293089.2,-278657.6,-278822.97316017083,-278492.2268398291,0.001953125
100,100,100,rician,0.5,event_driven,10,1700.4763599999999,1470.55768,229.91868,187.94373707234763,271.89362292765236,0.001953125,1.0,1.0,0.0,0.0,0.0,1.0,1.0,0.998,0.0020000000000000018,-0.0006133333333333338,0.004613333333333337,0.5,202.5,1729.6,-1527.1,-1542.3953970708692,-1511.8046029291306,0.001953125,14431.6,167837.5,-153405.9,-154876.62741412706,-151935.17258587293,0.001953125
100,100,100,rician,0.5,distributed_edge,10,1700.4763599999999,1703.05768,-2.581320000000005,-44.556262927652384,39.39362292765237,0.845703125,1.0,1.0,0.0,0.0,0.0,1.0,1.0,0.998,0.0020000000000000018,-0.0006133333333333338,0.004613333333333337,0.5,202.5,1729.6,-1527.1,-1542.3953970708692,-1511.8046029291306,0.001953125,14431.6,167837.5,-153405.9,-154876.62741412706,-151935.17258587293,0.001953125
100,100,100,rician,0.75,periodic,10,2031.29123,2019.4,11.891229999999974,-35.35576480136261,59.138224801362554,0.4921875,1.0,1.0,0.0,0.0,0.0,1.0,1.0,0.998,0.0020000000000000018,-0.0006133333333333338,0.004613333333333337,0.5,202.5,3000.0,-2797.5,-2798.9388174156425,-2796.0611825843575,0.001953125,14431.6,293089.2,-278657.6,-278822.97316017083,-278492.2268398291,0.001953125
100,100,100,rician,0.75,event_driven,10,2031.29123,1470.55768,560.7335500000002,514.1285591576244,607.3385408423759,0.001953125,1.0,1.0,0.0,0.0,0.0,1.0,1.0,0.998,0.0020000000000000018,-0.0006133333333333338,0.004613333333333337,0.5,202.5,1729.6,-1527.1,-1542.3953970708692,-1511.8046029291306,0.001953125,14431.6,167837.5,-153405.9,-154876.62741412706,-151935.17258587293,0.001953125
100,100,100,rician,0.75,distributed_edge,10,2031.29123,1819.30768,211.9835500000001,165.37855915762438,258.5885408423758,0.001953125,1.0,1.0,0.0,0.0,0.0,1.0,1.0,0.998,0.0020000000000000018,-0.0006133333333333338,0.004613333333333337,0.5,202.5,1729.6,-1527.1,-1542.3953970708692,-1511.8046029291306,0.001953125,14431.6,167837.5,-153405.9,-154876.62741412706,-151935.17258587293,0.001953125
100,100,100,rician,1.0,periodic,10,2362.10611,2019.4,342.7061099999999,290.69261149918543,394.7196085008144,0.001953125,1.0,1.0,0.0,0.0,0.0,1.0,1.0,0.998,0.0020000000000000018,-0.0006133333333333338,0.004613333333333337,0.5,202.5,3000.0,-2797.5,-2798.9388174156425,-2796.0611825843575,0.001953125,14431.6,293089.2,-278657.6,-278822.97316017083,-278492.2268398291,0.001953125
100,100,100,rician,1.0,event_driven,10,2362.10611,1470.55768,891.54843,840.2883758122476,942.8084841877525,0.001953125,1.0,1.0,0.0,0.0,0.0,1.0,1.0,0.998,0.0020000000000000018,-0.0006133333333333338,0.004613333333333337,0.5,202.5,1729.6,-1527.1,-1542.3953970708692,-1511.8046029291306,0.001953125,14431.6,167837.5,-153405.9,-154876.62741412706,-151935.17258587293,0.001953125
100,100,100,rician,1.0,distributed_edge,10,2362.10611,1935.55768,426.54843000000005,375.2883758122477,477.8084841877524,0.001953125,1.0,1.0,0.0,0.0,0.0,1.0,1.0,0.998,0.0020000000000000018,-0.0006133333333333338,0.004613333333333337,0.5,202.5,1729.6,-1527.1,-1542.3953970708692,-1511.8046029291306,0.001953125,14431.6,167837.5,-153405.9,-154876.62741412706,-151935.17258587293,0.001953125
100,100,100,rician,1.25,periodic,10,2692.92098,2019.4,673.5209799999999,616.7409272726455,730.3010327273543,0.001953125,1.0,1.0,0.0,0.0,0.0,1.0,1.0,0.998,0.0020000000000000018,-0.0006133333333333338,0.004613333333333337,0.5,202.5,3000.0,-2797.5,-2798.9388174156425,-2796.0611825843575,0.001953125,14431.6,293089.2,-278657.6,-278822.97316017083,-278492.2268398291,0.001953125
100,100,100,rician,1.25,event_driven,10,2692.92098,1470.55768,1222.3633,1166.4293524479558,1278.2972475520442,0.001953125,1.0,1.0,0.0,0.0,0.0,1.0,1.0,0.998,0.0020000000000000018,-0.0006133333333333338,0.004613333333333337,0.5,202.5,1729.6,-1527.1,-1542.3953970708692,-1511.8046029291306,0.001953125,14431.6,167837.5,-153405.9,-154876.62741412706,-151935.17258587293,0.001953125
100,100,100,rician,1.25,distributed_edge,10,2692.92098,2051.80768,641.1133,585.1793524479558,697.0472475520442,0.001953125,1.0,1.0,0.0,0.0,0.0,1.0,1.0,0.998,0.0020000000000000018,-0.0006133333333333338,0.004613333333333337,0.5,202.5,1729.6,-1527.1,-1542.3953970708692,-1511.8046029291306,0.001953125,14431.6,167837.5,-153405.9,-154876.62741412706,-151935.17258587293,0.001953125
100,100,100,rician,1.5,periodic,10,3023.73586,2019.4,1004.3358599999999,942.7892650767849,1065.882454923215,0.001953125,1.0,1.0,0.0,0.0,0.0,1.0,1.0,0.998,0.0020000000000000018,-0.0006133333333333338,0.004613333333333337,0.5,202.5,3000.0,-2797.5,-2798.9388174156425,-2796.0611825843575,0.001953125,14431.6,293089.2,-278657.6,-278822.97316017083,-278492.2268398291,0.001953125
100,100,100,rician,1.5,event_driven,10,3023.73586,1470.55768,1553.17818,1492.555923995665,1613.8004360043353,0.001953125,1.0,1.0,0.0,0.0,0.0,1.0,1.0,0.998,0.0020000000000000018,-0.0006133333333333338,0.004613333333333337,0.5,202.5,1729.6,-1527.1,-1542.3953970708692,-1511.8046029291306,0.001953125,14431.6,167837.5,-153405.9,-154876.62741412706,-151935.17258587293,0.001953125
100,100,100,rician,1.5,distributed_edge,10,3023.73586,2168.05768,855.67818,795.0559239956648,916.3004360043352,0.001953125,1.0,1.0,0.0,0.0,0.0,1.0,1.0,0.998,0.0020000000000000018,-0.0006133333333333338,0.004613333333333337,0.5,202.5,1729.6,-1527.1,-1542.3953970708692,-1511.8046029291306,0.001953125,14431.6,167837.5,-153405.9,-154876.62741412706,-151935.17258587293,0.001953125
100,100,100,rician,2.0,periodic,10,3685.36564,2019.4,1665.96564,1594.8858739581487,1737.045406041851,0.001953125,1.0,1.0,0.0,0.0,0.0,1.0,1.0,0.998,0.0020000000000000018,-0.0006133333333333338,0.004613333333333337,0.5,202.5,3000.0,-2797.5,-2798.9388174156425,-2796.0611825843575,0.001953125,14431.6,293089.2,-278657.6,-278822.97316017083,-278492.2268398291,0.001953125
100,100,100,rician,2.0,event_driven,10,3685.36564,1470.55768,2214.80796,2144.7773008344816,2284.8386191655186,0.001953125,1.0,1.0,0.0,0.0,0.0,1.0,1.0,0.998,0.0020000000000000018,-0.0006133333333333338,0.004613333333333337,0.5,202.5,1729.6,-1527.1,-1542.3953970708692,-1511.8046029291306,0.001953125,14431.6,167837.5,-153405.9,-154876.62741412706,-151935.17258587293,0.001953125
100,100,100,rician,2.0,distributed_edge,10,3685.36564,2400.55768,1284.80796,1214.7773008344816,1354.8386191655186,0.001953125,1.0,1.0,0.0,0.0,0.0,1.0,1.0,0.998,0.0020000000000000018,-0.0006133333333333338,0.004613333333333337,0.5,202.5,1729.6,-1527.1,-1542.3953970708692,-1511.8046029291306,0.001953125,14431.6,167837.5,-153405.9,-154876.62741412706,-151935.17258587293,0.001953125
100,100,100,rician,3.0,periodic,10,5008.62511,2019.4,2989.22511,2899.0789731736236,3079.371246826376,0.001953125,1.0,1.0,0.0,0.0,0.0,1.0,1.0,0.998,0.0020000000000000018,-0.0006133333333333338,0.004613333333333337,0.5,202.5,3000.0,-2797.5,-2798.9388174156425,-2796.0611825843575,0.001953125,14431.6,293089.2,-278657.6,-278822.97316017083,-278492.2268398291,0.001953125
100,100,100,rician,3.0,event_driven,10,5008.62511,1470.55768,3538.06743,3449.1401737550227,3626.9946862449774,0.001953125,1.0,1.0,0.0,0.0,0.0,1.0,1.0,0.998,0.0020000000000000018,-0.0006133333333333338,0.004613333333333337,0.5,202.5,1729.6,-1527.1,-1542.3953970708692,-1511.8046029291306,0.001953125,14431.6,167837.5,-153405.9,-154876.62741412706,-151935.17258587293,0.001953125
100,100,100,rician,3.0,distributed_edge,10,5008.62511,2865.55768,2143.06743,2054.1401737550227,2231.9946862449774,0.001953125,1.0,1.0,0.0,0.0,0.0,1.0,1.0,0.998,0.0020000000000000018,-0.0006133333333333338,0.004613333333333337,0.5,202.5,1729.6,-1527.1,-1542.3953970708692,-1511.8046029291306,0.001953125,14431.6,167837.5,-153405.9,-154876.62741412706,-151935.17258587293,0.001953125
100,100,100,rician,4.0,periodic,10,6331.88464,2019.4,4312.48464,4203.272020364009,4421.69725963599,0.001953125,1.0,1.0,0.0,0.0,0.0,1.0,1.0,0.998,0.0020000000000000018,-0.0006133333333333338,0.004613333333333337,0.5,202.5,3000.0,-2797.5,-2798.9388174156425,-2796.0611825843575,0.001953125,14431.6,293089.2,-278657.6,-278822.97316017083,-278492.2268398291,0.001953125
100,100,100,rician,4.0,event_driven,10,6331.88464,1470.55768,4861.32696,4753.443234814728,4969.210685185272,0.001953125,1.0,1.0,0.0,0.0,0.0,1.0,1.0,0.998,0.0020000000000000018,-0.0006133333333333338,0.004613333333333337,0.5,202.5,1729.6,-1527.1,-1542.3953970708692,-1511.8046029291306,0.001953125,14431.6,167837.5,-153405.9,-154876.62741412706,-151935.17258587293,0.001953125
100,100,100,rician,4.0,distributed_edge,10,6331.88464,3330.55768,3001.32696,2893.4432348147284,3109.2106851852714,0.001953125,1.0,1.0,0.0,0.0,0.0,1.0,1.0,0.998,0.0020000000000000018,-0.0006133333333333338,0.004613333333333337,0.5,202.5,1729.6,-1527.1,-1542.3953970708692,-1511.8046029291306,0.001953125,14431.6,167837.5,-153405.9,-154876.62741412706,-151935.17258587293,0.001953125
100,500,500,log_normal,0.1,periodic,10,795.07656,2019.4,-1224.3234400000001,-1239.781964698201,-1208.8649153017993,0.001953125,1.0,1.0,0.0,0.0,0.0,1.0,1.0,1.0,0.0,0.0,0.0,1.0,195.4,3000.0,-2804.6,-2808.846164072823,-2800.353835927177,0.001953125,5764.5,198759.5,-192995.0,-197083.2662608875,-188906.7337391125,0.001953125
100,500,500,log_normal,0.1,event_driven,10,795.07656,1449.90106,-654.8245,-673.1374587267718,-636.5115412732281,0.001953125,1.0,1.0,0.0,0.0,0.0,1.0,1.0,1.0,0.0,0.0,0.0,1.0,195.4,1730.7,-1535.3,-1555.0368312665544,-1515.5631687334455,0.001953125,5764.5,114778.0,-109013.5,-112039.23283782807,-105987.76716217193,0.001953125
100,500,500,log_normal,0.1,distributed_edge,10,795.07656,1496.40106,-701.3245,-719.6374587267718,-683.0115412732281,0.001953125,1.0,1.0,0.0,0.0,0.0,1.0,1.0,1.0,0.0,0.0,0.0,1.0,195.4,1730.7,-1535.3,-1555.0368312665544,-1515.5631687334455,0.001953125,5764.5,114778.0,-109013.5,-112039.23283782807,-105987.76716217193,0.001953125
100,500,500,log_normal,0.25,periodic,10,962.58525,2019.4,-1056.81475,-1073.4853401802761,-1040.1441598197239,0.001953125,1.0,1.0,0.0,0.0,0.0,1.0,1.0,1.0,0.0,0.0,0.0,1.0,195.4,3000.0,-2804.6,-2808.846164072823,-2800.353835927177,0.001953125,5764.5,198759.5,-192995.0,-197083.2662608875,-188906.7337391125,0.001953125
100,500,500,log_normal,0.25,event_driven,10,962.58525,1449.90106,-487.31581,-506.53023927081244,-468.10138072918755,0.001953125,1.0,1.0,0.0,0.0,0.0,1.0,1.0,1.0,0.0,0.0,0.0,1.0,195.4,1730.7,-1535.3,-1555.0368312665544,-1515.5631687334455,0.001953125,5764.5,114778.0,-109013.5,-112039.23283782807,-105987.76716217193,0.001953125
100,500,500,log_normal,0.25,distributed_edge,10,962.58525,1566.15106,-603.56581,-622.7802392708124,-584.3513807291877,0.001953125,1.0,1.0,0.0,0.0,0.0,1.0,1.0,1.0,0.0,0.0,0.0,1.0,195.4,1730.7,-1535.3,-1555.0368312665544,-1515.5631687334455,0.001953125,5764.5,114778.0,-109013.5,-112039.23283782807,-105987.76716217193,0.001953125
100,500,500,log_normal,0.5,periodic,10,1241.76636,2019.4,-777.6336400000001,-796.3250849566219,-758.9421950433783,0.001953125,1.0,1.0,0.0,0.0,0.0,1.0,1.0,1.0,0.0,0.0,0.0,1.0,195.4,3000.0,-2804.6,-2808.846164072823,-2800.353835927177,0.001953125,5764.5,198759.5,-192995.0,-197083.2662608875,-188906.7337391125,0.001953125
100,500,500,log_normal,0.5,event_driven,10,1241.76636,1449.90106,-208.13470000000004,-228.92254495527433,-187.34685504472574,0.001953125,1.0,1.0,0.0,0.0,0.0,1.0,1.0,1.0,0.0,0.0,0.0,1.0,195.4,1730.7,-1535.3,-1555.0368312665544,-1515.5631687334455,0.001953125,5764.5,114778.0,-109013.5,-112039.23283782807,-105987.76716217193,0.001953125
100,500,500,log_normal,0.5,distributed_edge,10,1241.76636,1682.40106,-440.63470000000007,-461.42254495527436,-419.84685504472577,0.001953125,1.0,1.0,0.0,0.0,0.0,1.0,1.0,1.0,0.0,0.0,0.0,1.0,195.4,1730.7,-1535.3,-1555.0368312665544,-1515.5631687334455,0.001953125,5764.5,114778.0,-109013.5,-112039.23283782807,-105987.76716217193,0.001953125
100,500,500,log_normal,0.75,periodic,10,1520.9475,2019.4,-498.4525000000001,-519.1654722843293,-477.7395277156709,0.001953125,1.0,1.0,0.0,0.0,0.0,1.0,1.0,1.0,0.0,0.0,0.0,1.0,195.4,3000.0,-2804.6,-2808.846164072823,-2800.353835927177,0.001953125,5764.5,198759.5,-192995.0,-197083.2662608875,-188906.7337391125,0.001953125
100,500,500,log_normal,0.75,event_driven,10,1520.9475,1449.90106,71.04643999999999,48.61275269967203,93.48012730032795,0.001953125,1.0,1.0,0.0,0.0,0.0,1.0,1.0,1.0,0.0,0.0,0.0,1.0,195.4,1730.7,-1535.3,-1555.0368312665544,-1515.5631687334455,0.001953125,5764.5,114778.0,-109013.5,-112039.23283782807,-105987.76716217193,0.001953125
100,500,500,log_normal,0.75,distributed_edge,10,1520.9475,1798.65106,-277.70356000000004,-300.137247300328,-255.26987269967208,0.001953125,1.0,1.0,0.0,0.0,0.0,1.0,1.0,1.0,0.0,0.0,0.0,1.0,195.4,1730.7,-1535.3,-1555.0368312665544,-1515.5631687334455,0.001953125,5764.5,114778.0,-109013.5,-112039.23283782807,-105987.76716217193,0.001953125
100,500,500,log_normal,1.0,periodic,10,1800.12861,2019.4,-219.27139000000005,-242.00640057464742,-196.5363794253527,0.001953125,1.0,1.0,0.0,0.0,0.0,1.0,1.0,1.0,0.0,0.0,0.0,1.0,195.4,3000.0,-2804.6,-2808.846164072823,-2800.353835927177,0.001953125,5764.5,198759.5,-192995.0,-197083.2662608875,-188906.7337391125,0.001953125
100,500,500,log_normal,1.0,event_driven,10,1800.12861,1449.90106,350.22755,326.09039028845575,374.36470971154426,0.001953125,1.0,1.0,0.0,0.0,0.0,1.0,1.0,1.0,0.0,0.0,0.0,1.0,195.4,1730.7,-1535.3,-1555.0368312665544,-1515.5631687334455,0.001953125,5764.5,114778.0,-109013.5,-112039.23283782807,-105987.76716217193,0.001953125
100,500,500,log_normal,1.0,distributed_edge,10,1800.12861,1914.90106,-114.77244999999998,-138.90960971154425,-90.63529028845569,0.001953125,1.0,1.0,0.0,0.0,0.0,1.0,1.0,1.0,0.0,0.0,0.0,1.0,195.4,1730.7,-1535.3,-1555.0368312665544,-1515.5631687334455,0.001953125,5764.5,114778.0,-109013.5,-112039.23283782807,-105987.76716217193,0.001953125
100,500,500,log_normal,1.25,periodic,10,2079.30968,2019.4,59.90967999999996,35.15226120387027,84.66709879612965,0.001953125,1.0,1.0,0.0,0.0,0.0,1.0,1.0,1.0,0.0,0.0,0.0,1.0,195.4,3000.0,-2804.6,-2808.846164072823,-2800.353835927177,0.001953125,5764.5,198759.5,-192995.0,-197083.2662608875,-188906.7337391125,0.001953125
100,500,500,log_normal,1.25,event_driven,10,2079.30968,1449.90106,629.40862,603.5217527679532,655.2954872320469,0.001953125,1.0,1.0,0.0,0.0,0.0,1.0,1.0,1.0,0.0,0.0,0.0,1.0,195.4,1730.7,-1535.3,-1555.0368312665544,-1515.5631687334455,0.001953125,5764.5,114778.0,-109013.5,-112039.23283782807,-105987.76716217193,0.001953125
100,500,500,log_normal,1.25,distributed_edge,10,2079.30968,2031.15106,48.15862000000006,22.27175276795328,74.04548723204684,0.001953125,1.0,1.0,0.0,0.0,0.0,1.0,1.0,1.0,0.0,0.0,0.0,1.0,195.4,1730.7,-1535.3,-1555.0368312665544,-1515.5631687334455,0.001953125,5764.5,114778.0,-109013.5,-112039.23283782807,-105987.76716217193,0.001953125
100,500,500,log_normal,1.5,periodic,10,2358.49086,2019.4,339.0908599999999,312.3107347462892,365.8709852537106,0.001953125,1.0,1.0,0.0,0.0,0.0,1.0,1.0,1.0,0.0,0.0,0.0,1.0,195.4,3000.0,-2804.6,-2808.846164072823,-2800.353835927177,0.001953125,5764.5,198759.5,-192995.0,-197083.2662608875,-188906.7337391125,0.001953125
100,500,500,log_normal,1.5,event_driven,10,2358.49086,1449.90106,908.5898,880.9157278112368,936.2638721887631,0.001953125,1.0,1.0,0.0,0.0,0.0,1.0,1.0,1.0,0.0,0.0,0.0,1.0,195.4,1730.7,-1535.3,-1555.0368312665544,-1515.5631687334455,0.001953125,5764.5,114778.0,-109013.5,-112039.23283782807,-105987.76716217193,0.001953125
100,500,500,log_normal,1.5,distributed_edge,10,2358.49086,2147.40106,211.08979999999997,183.41572781123688,238.76387218876306,0.001953125,1.0,1.0,0.0,0.0,0.0,1.0,1.0,1.0,0.0,0.0,0.0,1.0,195.4,1730.7,-1535.3,-1555.0368312665544,-1515.5631687334455,0.001953125,5764.5,114778.0,-109013.5,-112039.23283782807,-105987.76716217193,0.001953125
100,500,500,log_normal,2.0,periodic,10,2916.85311,2019.4,897.4531099999999,866.6269308191196,928.2792891808803,0.001953125,1.0,1.0,0.0,0.0,0.0,1.0,1.0,1.0,0.0,0.0,0.0,1.0,195.4,3000.0,-2804.6,-2808.846164072823,-2800.353835927177,0.001953125,5764.5,198759.5,-192995.0,-197083.2662608875,-188906.7337391125,0.001953125
100,500,500,log_normal,2.0,event_driven,10,2916.85311,1449.90106,1466.95205,1435.6169279228588,1498.2871720771413,0.001953125,1.0,1.0,0.0,0.0,0.0,1.0,1.0,1.0,0.0,0.0,0.0,1.0,195.4,1730.7,-1535.3,-1555.0368312665544,-1515.5631687334455,0.001953125,5764.5,114778.0,-109013.5,-112039.23283782807,-105987.76716217193,0.001953125
100,500,500,log_normal,2.0,distributed_edge,10,2916.85311,2379.90106,536.95205,505.6169279228588,568.2871720771411,0.001953125,1.0,1.0,0.0,0.0,0.0,1.0,1.0,1.0,0.0,0.0,0.0,1.0,195.4,1730.7,-1535.3,-1555.0368312665544,-1515.5631687334455,0.001953125,5764.5,114778.0,-109013.5,-112039.23283782807,-105987.76716217193,0.001953125
100,500,500,log_normal,3.0,periodic,10,4033.5776,2019.4,2014.1776,1975.257683829536,2053.097516170464,0.001953125,1.0,1.0,0.0,0.0,0.0,1.0,1.0,1.0,0.0,0.0,0.0,1.0,195.4,3000.0,-2804.6,-2808.846164072823,-2800.353835927177,0.001953125,5764.5,198759.5,-192995.0,-197083.2662608875,-188906.7337391125,0.001953125
100,500,500,log_normal,3.0,event_driven,10,4033.5776,1449.90106,2583.67654,2544.7880947438175,2622.5649852561824,0.001953125,1.0,1.0,0.0,0.0,0.0,1.0,1.0,1.0,0.0,0.0,0.0,1.0,195.4,1730.7,-1535.3,-1555.0368312665544,-1515.5631687334455,0.001953125,5764.5,114778.0,-109013.5,-112039.23283782807,-105987.76716217193,0.001953125
100,500,500,log_normal,3.0,distributed_edge,10,4033.5776,2844.90106,1188.6765400000002,1149.7880947438177,1227.5649852561826,0.001953125,1.0,1.0,0.0,0.0,0.0,1.0,1.0,1.0,0.0,0.0,0.0,1.0,195.4,1730.7,-1535.3,-1555.0368312665544,-1515.5631687334455,0.001953125,5764.5,114778.0,-109013.5,-112039.23283782807,-105987.76716217193,0.001953125
100,500,500,log_normal,4.0,periodic,10,5150.30211,2019.4,3130.90211,3083.8871730632886,3177.9170469367114,0.001953125,1.0,1.0,0.0,0.0,0.0,1.0,1.0,1.0,0.0,0.0,0.0,1.0,195.4,3000.0,-2804.6,-2808.846164072823,-2800.353835927177,0.001953125,5764.5,198759.5,-192995.0,-197083.2662608875,-188906.7337391125,0.001953125
100,500,500,log_normal,4.0,event_driven,10,5150.30211,1449.90106,3700.40105,3653.7762668151613,3747.0258331848386,0.001953125,1.0,1.0,0.0,0.0,0.0,1.0,1.0,1.0,0.0,0.0,0.0,1.0,195.4,1730.7,-1535.3,-1555.0368312665544,-1515.5631687334455,0.001953125,5764.5,114778.0,-109013.5,-112039.23283782807,-105987.76716217193,0.001953125
100,500,500,log_normal,4.0,distributed_edge,10,5150.30211,3309.90106,1840.40105,1793.776266815161,1887.0258331848388,0.001953125,1.0,1.0,0.0,0.0,0.0,1.0,1.0,1.0,0.0,0.0,0.0,1.0,195.4,1730.7,-1535.3,-1555.0368312665544,-1515.5631687334455,0.001953125,5764.5,114778.0,-109013.5,-112039.23283782807,-105987.76716217193,0.001953125
100,500,500,rician,0.1,periodic,10,794.99527,2019.4,-1224.4047300000002,-1242.8334701045355,-1205.9759898954649,0.001953125,1.0,1.0,0.0,0.0,0.0,1.0,1.0,1.0,0.0,0.0,0.0,1.0,194.6,3000.0,-2805.4,-2810.7253680519652,-2800.074631948035,0.001953125,5256.2,181147.6,-175891.4,-179600.10423586075,-172182.69576413924,0.001953125
100,500,500,rician,0.1,event_driven,10,794.99527,1444.75306,-649.75779,-672.3890471928747,-627.1265328071253,0.001953125,1.0,1.0,0.0,0.0,0.0,1.0,1.0,1.0,0.0,0.0,0.0,1.0,194.6,1730.7,-1536.1,-1556.4216075042195,-1515.7783924957803,0.001953125,5256.2,104520.3,-99264.1,-102071.11236436623,-96457.08763563378,0.001953125
100,500,500,rician,0.1,distributed_edge,10,794.99527,1491.25306,-696.25779,-718.8890471928747,-673.6265328071253,0.001953125,1.0,1.0,0.0,0.0,0.0,1.0,1.0,1.0,0.0,0.0,0.0,1.0,194.6,1730.7,-1536.1,-1556.4216075042195,-1515.7783924957803,0.001953125,5256.2,104520.3,-99264.1,-102071.11236436623,-96457.08763563378,0.001953125
100,500,500,rician,0.25,periodic,10,962.47405,2019.4,-1056.92595,-1076.800689410389,-1037.0512105896112,0.001953125,1.0,1.0,0.0,0.0,0.0,1.0,1.0,1.0,0.0,0.0,0.0,1.0,194.6,3000.0,-2805.4,-2810.7253680519652,-2800.074631948035,0.001953125,5256.2,181147.6,-175891.4,-179600.10423586075,-172182.69576413924,0.001953125
100,500,500,rician,0.25,event_driven,10,962.47405,1444.75306,-482.27901,-506.08664080709065,-458.4713791929094,0.001953125,1.0,1.0,0.0,0.0,0.0,1.0,1.0,1.0,0.0,0.0,0.0,1.0,194.6,1730.7,-1536.1,-1556.4216075042195,-1515.7783924957803,0.001953125,5256.2,104520.3,-99264.1,-102071.11236436623,-96457.08763563378,0.001953125
100,500,500,rician,0.25,distributed_edge,10,962.47405,1561.00306,-598.52901,-622.3366408070906,-574.7213791929094,0.001953125,1.0,1.0,0.0,0.0,0.0,1.0,1.0,1.0,0.0,0.0,0.0,1.0,194.6,1730.7,-1536.1,-1556.4216075042195,-1515.7783924957803,0.001953125,5256.2,104520.3,-99264.1,-102071.11236436623,-96457.08763563378,0.001953125
100,500,500,rician,0.5,periodic,10,1241.60527,2019.4,-777.7947300000001,-800.0805359447156,-755.5089240552845,0.001953125,1.0,1.0,0.0,0.0,0.0,1.0,1.0,1.0,0.0,0.0,0.0,1.0,194.6,3000.0,-2805.4,-2810.7253680519652,-2800.074631948035,0.001953125,5256.2,181147.6,-175891.4,-179600.10423586075,-172182.69576413924,0.001953125
100,500,500,rician,0.5,event_driven,10,1241.60527,1444.75306,-203.14778999999996,-228.97786288411706,-177.31771711588286,0.001953125,1.0,1.0,0.0,0.0,0.0,1.0,1.0,1.0,0.0,0.0,0.0,1.0,194.6,1730.7,-1536.1,-1556.4216075042195,-1515.7783924957803,0.001953125,5256.2,104520.3,-99264.1,-102071.11236436623,-96457.08763563378,0.001953125
100,500,500,rician,0.5,distributed_edge,10,1241.60527,1677.25306,-435.64779,-461.4778628841171,-409.8177171158829,0.001953125,1.0,1.0,0.0,0.0,0.0,1.0,1.0,1.0,0.0,0.0,0.0,1.0,194.6,1730.7,-1536.1,-1556.4216075042195,-1515.7783924957803,0.001953125,5256.2,104520.3,-99264.1,-102071.11236436623,-96457.08763563378,0.001953125
100,500,500,rician,0.75,periodic,10,1520.73655,2019.4,-498.6634500000001,-523.3612961606559,-473.9656038393443,0.001953125,1.0,1.0,0.0,0.0,0.0,1.0,1.0,1.0,0.0,0.0,0.0,1.0,194.6,3000.0,-2805.4,-2810.7253680519652,-2800.074631948035,0.001953125,5256.2,181147.6,-175891.4,-179600.10423586075,-172182.69576413924,0.001953125
100,500,500,rician,0.75,event_driven,10,1520.73655,1444.75306,75.98348999999999,48.068317676136914,103.89866232386306,0.00390625,1.0,1.0,0.0,0.0,0.0,1.0,1.0,1.0,0.0,0.0,0.0,1.0,194.6,1730.7,-1536.1,-1556.4216075042195,-1515.7783924957803,0.001953125,5256.2,104520.3,-99264.1,-102071.11236436623,-96457.08763563378,0.001953125
100,500,500,rician,0.75,distributed_edge,10,1520.73655,1793.50306,-272.76651000000004,-300.68168232386313,-244.85133767613698,0.001953125,1.0,1.0,0.0,0.0,0.0,1.0,1.0,1.0,0.0,0.0,0.0,1.0,194.6,1730.7,-1536.1,-1556.4216075042195,-1515.7783924957803,0.001953125,5256.2,104520.3,-99264.1,-102071.11236436623,-96457.08763563378,0.001953125
100,500,500,rician,1.0,periodic,10,1799.86777,2019.4,-219.53223000000006,-246.64284712230452,-192.4216128776956,0.001953125,1.0,1.0,0.0,0.0,0.0,1.0,1.0,1.0,0.0,0.0,0.0,1.0,194.6,3000.0,-2805.4,-2810.7253680519652,-2800.074631948035,0.001953125,5256.2,181147.6,-175891.4,-179600.10423586075,-172182.69576413924,0.001953125
100,500,500,rician,1.0,event_driven,10,1799.86777,1444.75306,355.11471000000006,325.0648131245506,385.1646068754495,0.001953125,1.0,1.0,0.0,0.0,0.0,1.0,1.0,1.0,0.0,0.0,0.0,1.0,194.6,1730.7,-1536.1,-1556.4216075042195,-1515.7783924957803,0.001953125,5256.2,104520.3,-99264.1,-102071.11236436623,-96457.08763563378,0.001953125
100,500,500,rician,1.0,distributed_edge,10,1799.86777,1909.75306,-109.88528999999997,-139.93518687544946,-79.83539312455049,0.001953125,1.0,1.0,0.0,0.0,0.0,1.0,1.0,1.0,0.0,0.0,0.0,1.0,194.6,1730.7,-1536.1,-1556.4216075042195,-1515.7783924957803,0.001953125,5256.2,104520.3,-99264.1,-102071.11236436623,-96457.08763563378,0.001953125
100,500,500,rician,1.25,periodic,10,2078.99896,2019.4,59.5989599999999,30.075032199568817,89.12288780043099,0.009765625,1.0,1.0,0.0,0.0,0.0,1.0,1.0,1.0,0.0,0.0,0.0,1.0,194.6,3000.0,-2805.4,-2810.7253680519652,-2800.074631948035,0.001953125,5256.2,181147.6,-175891.4,-179600.10423586075,-172182.69576413924,0.001953125
100,500,500,rician,1.25,event_driven,10,2078.99896,1444.75306,634.2459,602.0215155372637,666.4702844627363,0.001953125,1.0,1.0,0.0,0.0,0.0,1.0,1.0,1.0,0.0,0.0,0.0,1.0,194.6,1730.7,-1536.1,-1556.4216075042195,-1515.7783924957803,0.001953125,5256.2,104520.3,-99264.1,-102071.11236436623,-96457.08763563378,0.001953125
100,500,500,rician,1.25,distributed_edge,10,2078.99896,2026.00306,52.995900000000006,20.771515537263717,85.22028446273629,0.013671875,1.0,1.0,0.0,0.0,0.0,1.0,1.0,1.0,0.0,0.0,0.0,1.0,194.6,1730.7,-1536.1,-1556.4216075042195,-1515.7783924957803,0.001953125,5256.2,104520.3,-99264.1,-102071.11236436623,-96457.08763563378,0.001953125
100,500,500,rician,1.5,periodic,10,2358.13027,2019.4,338.7302699999999,306.7926113576565,370.6679286423433,0.001953125,1.0,1.0,0.0,0.0,0.0,1.0,1.0,1.0,0.0,0.0,0.0,1.0,194.6,3000.0,-2805.4,-2810.7253680519652,-2800.074631948035,0.001953125,5256.2,181147.6,-175891.4,-179600.10423586075,-172182.69576413924,0.001953125
100,500,500,rician,1.5,event_driven,10,2358.13027,1444.75306,913.37721,878.9461193418826,947.8083006581173,0.001953125,1.0,1.0,0.0,0.0,0.0,1.0,1.0,1.0,0.0,0.0,0.0,1.0,194.6,1730.7,-1536.1,-1556.4216075042195,-1515.7783924957803,0.001953125,5256.2,104520.3,-99264.1,-102071.11236436623,-96457.08763563378,0.001953125
100,500,500,rician,1.5,distributed_edge,10,2358.13027,2142.25306,215.87721000000002,181.44611934188273,250.3083006581173,0.001953125,1.0,1.0,0.0,0.0,0.0,1.0,1.0,1.0,0.0,0.0,0.0,1.0,194.6,1730.7,-1536.1,-1556.4216075042195,-1515.7783924957803,0.001953125,5256.2,104520.3,-99264.1,-102071.11236436623,-96457.08763563378,0.001953125
100,500,500,rician,2.0,periodic,10,2916.39277,2019.4,896.99277,860.2267179544849,933.758822045515,0.001953125,1.0,1.0,0.0,0.0,0.0,1.0,1.0,1.0,0.0,0.0,0.0,1.0,194.6,3000.0,-2805.4,-2810.7253680519652,-2800.074631948035,0.001953125,5256.2,181147.6,-175891.4,-179600.10423586075,-172182.69576413924,0.001953125
100,500,500,rician,2.0,event_driven,10,2916.39277,1444.75306,1471.63971,1432.7205146043364,1510.5589053956635,0.001953125,1.0,1.0,0.0,0.0,0.0,1.0,1.0,1.0,0.0,0.0,0.0,1.0,194.6,1730.7,-1536.1,-1556.4216075042195,-1515.7783924957803,0.001953125,5256.2,104520.3,-99264.1,-102071.11236436623,-96457.08763563378,0.001953125
100,500,500,rician,2.0,distributed_edge,10,2916.39277,2374.75306,541.63971,502.7205146043365,580.5589053956636,0.001953125,1.0,1.0,0.0,0.0,0.0,1.0,1.0,1.0,0.0,0.0,0.0,1.0,194.6,1730.7,-1536.1,-1556.4216075042195,-1515.7783924957803,0.001953125,5256.2,104520.3,-99264.1,-102071.11236436623,-96457.08763563378,0.001953125
100,500,500,rician,3.0,periodic,10,4032.9177600000003,2019.4,2013.51776,1967.0925587010868,2059.942961298913,0.001953125,1.0,1.0,0.0,0.0,0.0,1.0,1.0,1.0,0.0,0.0,0.0,1.0,194.6,3000.0,-2805.4,-2810.7253680519652,-2800.074631948035,0.001953125,5256.2,181147.6,-175891.4,-179600.10423586075,-172182.69576413924,0.001953125
100,500,500,rician,3.0,event_driven,10,4032.9177600000003,1444.75306,2588.1647000000003,2540.0688478434654,2636.260552156535,0.001953125,1.0,1.0,0.0,0.0,0.0,1.0,1.0,1.0,0.0,0.0,0.0,1.0,194.6,1730.7,-1536.1,-1556.4216075042195,-1515.7783924957803,0.001953125,5256.2,104520.3,-99264.1,-102071.11236436623,-96457.08763563378,0.001953125
100,500,500,rician,3.0,distributed_edge,10,4032.9177600000003,2839.75306,1193.1647,1145.0688478434652,1241.260552156535,0.001953125,1.0,1.0,0.0,0.0,0.0,1.0,1.0,1.0,0.0,0.0,0.0,1.0,194.6,1730.7,-1536.1,-1556.4216075042195,-1515.7783924957803,0.001953125,5256.2,104520.3,-99264.1,-102071.11236436623,-96457.08763563378,0.001953125
100,500,500,rician,4.0,periodic,10,5149.44277,2019.4,3130.04277,3073.9566094663337,3186.1289305336663,0.001953125,1.0,1.0,0.0,0.0,0.0,1.0,1.0,1.0,0.0,0.0,0.0,1.0,194.6,3000.0,-2805.4,-2810.7253680519652,-2800.074631948035,0.001953125,5256.2,181147.6,-175891.4,-179600.10423586075,-172182.69576413924,0.001953125
100,500,500,rician,4.0,event_driven,10,5149.44277,1444.75306,3704.68971,3647.2569712340382,3762.122448765962,0.001953125,1.0,1.0,0.0,0.0,0.0,1.0,1.0,1.0,0.0,0.0,0.0,1.0,194.6,1730.7,-1536.1,-1556.4216075042195,-1515.7783924957803,0.001953125,5256.2,104520.3,-99264.1,-102071.11236436623,-96457.08763563378,0.001953125
100,500,500,rician,4.0,distributed_edge,10,5149.44277,3304.75306,1844.68971,1787.2569712340382,1902.122448765962,0.001953125,1.0,1.0,0.0,0.0,0.0,1.0,1.0,1.0,0.0,0.0,0.0,1.0,194.6,1730.7,-1536.1,-1556.4216075042195,-1515.7783924957803,0.001953125,5256.2,104520.3,-99264.1,-102071.11236436623,-96457.08763563378,0.001953125
