algorithm_family,algorithm,nodes,area_width_m,area_height_m,channel_model,ai_compute_scale,runs,f1_mean,f1_std,f1_ci95_low,f1_ci95_high,dcr_mean,dcr_std,dcr_ci95_low,dcr_ci95_high,tx_packets_mean,tx_packets_std,tx_packets_ci95_low,tx_packets_ci95_high,energy_mj_mean,energy_mj_std,energy_mj_ci95_low,energy_mj_ci95_high,energy_tx_mj_mean,energy_tx_mj_std,energy_tx_mj_ci95_low,energy_tx_mj_ci95_high,energy_rx_mj_mean,energy_rx_mj_std,energy_rx_mj_ci95_low,energy_rx_mj_ci95_high,energy_infer_mj_mean,energy_infer_mj_std,energy_infer_mj_ci95_low,energy_infer_mj_ci95_high,energy_consensus_mj_mean,energy_consensus_mj_std,energy_consensus_mj_ci95_low,energy_consensus_mj_ci95_high,energy_estimate_mj_mean,energy_estimate_mj_std,energy_estimate_mj_ci95_low,energy_estimate_mj_ci95_high,energy_prediction_mj_mean,energy_prediction_mj_std,energy_prediction_mj_ci95_low,energy_prediction_mj_ci95_high,collisions_mean,collisions_std,collisions_ci95_low,collisions_ci95_high,mean_lead_time_s_mean,mean_lead_time_s_std,mean_lead_time_s_ci95_low,mean_lead_time_s_ci95_high,ai_compute_energy_mj_mean,ai_compute_energy_mj_std
classical_baseline,distributed_edge,20,100,100,log_normal,0.1,10,1.0,0.0,1.0,1.0,1.0,0.0,1.0,1.0,340.7,15.33369564789331,331.19607697374977,350.2039230262502,286.58906,8.932112603186328,281.05287925193977,292.12524074806026,141.66306,6.375750650394038,137.71132880568516,145.61479119431485,89.226,4.1081820797038695,86.67972236674788,91.77227763325212,9.3,0.0,9.3,9.3,0.0,0.0,0.0,0.0,0.0,0.0,0.0,0.0,0.0,0.0,0.0,0.0,5975.0,282.57191808261643,5799.860110667057,6150.139889332943,0.5204799999999999,0.43095208756633,0.2533731288136692,0.7875868711863308,9.3,0.0
intelligent_dstep,dstep_full,20,100,100,log_normal,0.1,10,1.0,0.0,1.0,1.0,1.0,0.0,1.0,1.0,39.9,2.378141197564929,38.42601281477001,41.373987185229986,141.60158,6.528191941418391,137.55536471462284,145.64779528537719,14.52183,0.74161235314235,14.062173901337996,14.981486098662003,59.31,5.666268613470419,55.79801032803341,62.82198967196659,9.3,0.0,9.3,9.3,2.1,0.0,2.1,2.1,7.596,0.2518341605986851,7.439911570134819,7.752088429865181,2.37375,0.07869817518708914,2.3249723656671306,2.422527634332869,377.9,25.58840883420981,362.0401398913273,393.7598601086726,2.39434,1.006060502046362,1.7707772405217972,3.0179027594782033,21.36975,0.33053233578577407
classical_baseline,event_driven,20,100,100,log_normal,0.1,10,1.0,0.0,1.0,1.0,1.0,0.0,1.0,1.0,340.7,15.33369564789331,331.19607697374977,350.2039230262502,277.28906,8.932112603186328,271.75287925193976,282.82524074806025,141.66306,6.375750650394038,137.71132880568516,145.61479119431485,89.226,4.1081820797038695,86.67972236674788,91.77227763325212,0.0,0.0,0.0,0.0,0.0,0.0,0.0,0.0,0.0,0.0,0.0,0.0,0.0,0.0,0.0,0.0,5975.0,282.57191808261643,5799.860110667057,6150.139889332943,0.52448,0.43095208756633,0.2573731288136692,0.7915868711863308,0.0,0.0
classical_baseline,periodic,20,100,100,log_normal,0.1,10,1.0,0.0,1.0,1.0,1.0,0.0,1.0,1.0,600.0,0.0,600.0,600.0,403.88,0.0,403.88,403.88,249.48,0.0,249.48,249.48,108.0,0.0,108.0,108.0,0.0,0.0,0.0,0.0,0.0,0.0,0.0,0.0,0.0,0.0,0.0,0.0,0.0,0.0,0.0,0.0,10796.0,2.8674417556808756,10794.222741186859,10797.777258813141,0.52448,0.43095208756633,0.2573731288136692,0.7915868711863308,0.0,0.0
classical_baseline,distributed_edge,20,100,100,log_normal,0.25,10,1.0,0.0,1.0,1.0,1.0,0.0,1.0,1.0,340.7,15.33369564789331,331.19607697374977,350.2039230262502,300.53906,8.932112603186328,295.00287925193976,306.07524074806025,141.66306,6.375750650394038,137.71132880568516,145.61479119431485,89.226,4.1081820797038695,86.67972236674788,91.77227763325212,23.25,0.0,23.25,23.25,0.0,0.0,0.0,0.0,0.0,0.0,0.0,0.0,0.0,0.0,0.0,0.0,5975.0,282.57191808261643,5799.860110667057,6150.139889332943,0.5204799999999999,0.43095208756633,0.2533731288136692,0.7875868711863308,23.25,0.0
intelligent_dstep,dstep_full,20,100,100,log_normal,0.25,10,1.0,0.0,1.0,1.0,1.0,0.0,1.0,1.0,39.9,2.378141197564929,38.42601281477001,41.373987185229986,173.65622,7.022420089304444,169.30367893492988,178.0087610650701,14.52183,0.74161235314235,14.062173901337996,14.981486098662003,59.31,5.666268613470419,55.79801032803341,62.82198967196659,23.25,0.0,23.25,23.25,5.25,0.0,5.25,5.25,18.99,0.6295854014967132,18.599778925337045,19.380221074662952,5.93435,0.19674623390437626,5.812405420841178,6.0562945791588225,377.9,25.58840883420981,362.0401398913273,393.7598601086726,2.39434,1.006060502046362,1.7707772405217972,3.0179027594782033,53.424350000000004,0.8263316340576868
classical_baseline,event_driven,20,100,100,log_normal,0.25,10,1.0,0.0,1.0,1.0,1.0,0.0,1.0,1.0,340.7,15.33369564789331,331.19607697374977,350.2039230262502,277.28906,8.932112603186328,271.75287925193976,282.82524074806025,141.66306,6.375750650394038,137.71132880568516,145.61479119431485,89.226,4.1081820797038695,86.67972236674788,91.77227763325212,0.0,0.0,0.0,0.0,0.0,0.0,0.0,0.0,0.0,0.0,0.0,0.0,0.0,0.0,0.0,0.0,5975.0,282.57191808261643,5799.860110667057,6150.139889332943,0.52448,0.43095208756633,0.2573731288136692,0.7915868711863308,0.0,0.0
classical_baseline,periodic,20,100,100,log_normal,0.25,10,1.0,0.0,1.0,1.0,1.0,0.0,1.0,1.0,600.0,0.0,600.0,600.0,403.88,0.0,403.88,403.88,249.48,0.0,249.48,249.48,108.0,0.0,108.0,108.0,0.0,0.0,0.0,0.0,0.0,0.0,0.0,0.0,0.0,0.0,0.0,0.0,0.0,0.0,0.0,0.0,10796.0,2.8674417556808756,10794.222741186859,10797.777258813141,0.52448,0.43095208756633,0.2573731288136692,0.7915868711863308,0.0,0.0
classical_baseline,distributed_edge,20,100,100,log_normal,0.5,10,1.0,0.0,1.0,1.0,1.0,0.0,1.0,1.0,340.7,15.33369564789331,331.19607697374977,350.2039230262502,323.78906,8.932112603186328,318.25287925193976,329.32524074806025,141.66306,6.375750650394038,137.71132880568516,145.61479119431485,89.226,4.1081820797038695,86.67972236674788,91.77227763325212,46.5,0.0,46.5,46.5,0.0,0.0,0.0,0.0,0.0,0.0,0.0,0.0,0.0,0.0,0.0,0.0,5975.0,282.57191808261643,5799.860110667057,6150.139889332943,0.5204799999999999,0.43095208756633,0.2533731288136692,0.7875868711863308,46.5,0.0
intelligent_dstep,dstep_full,20,100,100,log_normal,0.5,10,1.0,0.0,1.0,1.0,1.0,0.0,1.0,1.0,39.9,2.378141197564929,38.42601281477001,41.373987185229986,227.08058,7.846562501545931,222.2172301756803,231.9439298243197,14.52183,0.74161235314235,14.062173901337996,14.981486098662003,59.31,5.666268613470419,55.79801032803341,62.82198967196659,46.5,0.0,46.5,46.5,10.5,0.0,10.5,10.5,37.98,1.2591708029934263,37.19955785067409,38.760442149325904,11.86875,0.3934908759354458,11.624861828335654,12.112638171664347,377.9,25.58840883420981,362.0401398913273,393.7598601086726,2.39434,1.006060502046362,1.7707772405217972,3.0179027594782033,106.84875,1.6526616789288733
classical_baseline,event_driven,20,100,100,log_normal,0.5,10,1.0,0.0,1.0,1.0,1.0,0.0,1.0,1.0,340.7,15.33369564789331,331.19607697374977,350.2039230262502,277.28906,8.932112603186328,271.75287925193976,282.82524074806025,141.66306,6.375750650394038,137.71132880568516,145.61479119431485,89.226,4.1081820797038695,86.67972236674788,91.77227763325212,0.0,0.0,0.0,0.0,0.0,0.0,0.0,0.0,0.0,0.0,0.0,0.0,0.0,0.0,0.0,0.0,5975.0,282.57191808261643,5799.860110667057,6150.139889332943,0.52448,0.43095208756633,0.2573731288136692,0.7915868711863308,0.0,0.0
classical_baseline,periodic,20,100,100,log_normal,0.5,10,1.0,0.0,1.0,1.0,1.0,0.0,1.0,1.0,600.0,0.0,600.0,600.0,403.88,0.0,403.88,403.88,249.48,0.0,249.48,249.48,108.0,0.0,108.0,108.0,0.0,0.0,0.0,0.0,0.0,0.0,0.0,0.0,0.0,0.0,0.0,0.0,0.0,0.0,0.0,0.0,10796.0,2.8674417556808756,10794.222741186859,10797.777258813141,0.52448,0.43095208756633,0.2573731288136692,0.7915868711863308,0.0,0.0
classical_baseline,distributed_edge,20,100,100,log_normal,0.75,10,1.0,0.0,1.0,1.0,1.0,0.0,1.0,1.0,340.7,15.33369564789331,331.19607697374977,350.2039230262502,347.03906,8.932112603186328,341.50287925193976,352.57524074806025,141.66306,6.375750650394038,137.71132880568516,145.61479119431485,89.226,4.1081820797038695,86.67972236674788,91.77227763325212,69.75,0.0,69.75,69.75,0.0,0.0,0.0,0.0,0.0,0.0,0.0,0.0,0.0,0.0,0.0,0.0,5975.0,282.57191808261643,5799.860110667057,6150.139889332943,0.5204799999999999,0.43095208756633,0.2533731288136692,0.7875868711863308,69.75,0.0
intelligent_dstep,dstep_full,20,100,100,log_normal,0.75,10,1.0,0.0,1.0,1.0,1.0,0.0,1.0,1.0,39.9,2.378141197564929,38.42601281477001,41.373987185229986,280.50497,8.671130089882555,275.13054788955674,285.8793921104433,14.52183,0.74161235314235,14.062173901337996,14.981486098662003,59.31,5.666268613470419,55.79801032803341,62.82198967196659,69.75,0.0,69.75,69.75,15.75,0.0,15.75,15.75,56.97,1.8887562044901405,55.79933677601114,58.14066322398886,17.803150000000002,0.5902355203174783,17.437318234372988,18.168981765627017,377.9,25.58840883420981,362.0401398913273,393.7598601086726,2.39434,1.006060502046362,1.7707772405217972,3.0179027594782033,160.27315000000002,2.478991724359811
classical_baseline,event_driven,20,100,100,log_normal,0.75,10,1.0,0.0,1.0,1.0,1.0,0.0,1.0,1.0,340.7,15.33369564789331,331.19607697374977,350.2039230262502,277.28906,8.932112603186328,271.75287925193976,282.82524074806025,141.66306,6.375750650394038,137.71132880568516,145.61479119431485,89.226,4.1081820797038695,86.67972236674788,91.77227763325212,0.0,0.0,0.0,0.0,0.0,0.0,0.0,0.0,0.0,0.0,0.0,0.0,0.0,0.0,0.0,0.0,5975.0,282.57191808261643,5799.860110667057,6150.139889332943,0.52448,0.43095208756633,0.2573731288136692,0.7915868711863308,0.0,0.0
classical_baseline,periodic,20,100,100,log_normal,0.75,10,1.0,0.0,1.0,1.0,1.0,0.0,1.0,1.0,600.0,0.0,600.0,600.0,403.88,0.0,403.88,403.88,249.48,0.0,249.48,249.48,108.0,0.0,108.0,108.0,0.0,0.0,0.0,0.0,0.0,0.0,0.0,0.0,0.0,0.0,0.0,0.0,0.0,0.0,0.0,0.0,10796.0,2.8674417556808756,10794.222741186859,10797.777258813141,0.52448,0.43095208756633,0.2573731288136692,0.7915868711863308,0.0,0.0
classical_baseline,distributed_edge,20,100,100,log_normal,1.0,10,1.0,0.0,1.0,1.0,1.0,0.0,1.0,1.0,340.7,15.33369564789331,331.19607697374977,350.2039230262502,370.28906,8.932112603186328,364.75287925193976,375.82524074806025,141.66306,6.375750650394038,137.71132880568516,145.61479119431485,89.226,4.1081820797038695,86.67972236674788,91.77227763325212,93.0,0.0,93.0,93.0,0.0,0.0,0.0,0.0,0.0,0.0,0.0,0.0,0.0,0.0,0.0,0.0,5975.0,282.57191808261643,5799.860110667057,6150.139889332943,0.5204799999999999,0.43095208756633,0.2533731288136692,0.7875868711863308,93.0,0.0
intelligent_dstep,dstep_full,20,100,100,log_normal,1.0,10,1.0,0.0,1.0,1.0,1.0,0.0,1.0,1.0,39.9,2.378141197564929,38.42601281477001,41.373987185229986,333.92933,9.495995605990975,328.04365094588707,339.8150090541129,14.52183,0.74161235314235,14.062173901337996,14.981486098662003,59.31,5.666268613470419,55.79801032803341,62.82198967196659,93.0,0.0,93.0,93.0,21.0,0.0,21.0,21.0,75.96,2.5183416059868526,74.39911570134818,77.52088429865181,23.7375,0.7869817518708916,23.249723656671307,24.225276343328694,377.9,25.58840883420981,362.0401398913273,393.7598601086726,2.39434,1.006060502046362,1.7707772405217972,3.0179027594782033,213.6975,3.3053233578577466
classical_baseline,event_driven,20,100,100,log_normal,1.0,10,1.0,0.0,1.0,1.0,1.0,0.0,1.0,1.0,340.7,15.33369564789331,331.19607697374977,350.2039230262502,277.28906,8.932112603186328,271.75287925193976,282.82524074806025,141.66306,6.375750650394038,137.71132880568516,145.61479119431485,89.226,4.1081820797038695,86.67972236674788,91.77227763325212,0.0,0.0,0.0,0.0,0.0,0.0,0.0,0.0,0.0,0.0,0.0,0.0,0.0,0.0,0.0,0.0,5975.0,282.57191808261643,5799.860110667057,6150.139889332943,0.52448,0.43095208756633,0.2573731288136692,0.7915868711863308,0.0,0.0
classical_baseline,periodic,20,100,100,log_normal,1.0,10,1.0,0.0,1.0,1.0,1.0,0.0,1.0,1.0,600.0,0.0,600.0,600.0,403.88,0.0,403.88,403.88,249.48,0.0,249.48,249.48,108.0,0.0,108.0,108.0,0.0,0.0,0.0,0.0,0.0,0.0,0.0,0.0,0.0,0.0,0.0,0.0,0.0,0.0,0.0,0.0,10796.0,2.8674417556808756,10794.222741186859,10797.777258813141,0.52448,0.43095208756633,0.2573731288136692,0.7915868711863308,0.0,0.0
classical_baseline,distributed_edge,20,100,100,log_normal,1.25,10,1.0,0.0,1.0,1.0,1.0,0.0,1.0,1.0,340.7,15.33369564789331,331.19607697374977,350.2039230262502,393.53906,8.932112603186328,388.00287925193976,399.07524074806025,141.66306,6.375750650394038,137.71132880568516,145.61479119431485,89.226,4.1081820797038695,86.67972236674788,91.77227763325212,116.25,0.0,116.25,116.25,0.0,0.0,0.0,0.0,0.0,0.0,0.0,0.0,0.0,0.0,0.0,0.0,5975.0,282.57191808261643,5799.860110667057,6150.139889332943,0.5204799999999999,0.43095208756633,0.2533731288136692,0.7875868711863308,116.25,0.0
intelligent_dstep,dstep_full,20,100,100,log_normal,1.25,10,1.0,0.0,1.0,1.0,1.0,0.0,1.0,1.0,39.9,2.378141197564929,38.42601281477001,41.373987185229986,387.35366,10.321109672058844,380.9565699493565,393.7507500506435,14.52183,0.74161235314235,14.062173901337996,14.981486098662003,59.31,5.666268613470419,55.79801032803341,62.82198967196659,116.25,0.0,116.25,116.25,26.25,0.0,26.25,26.25,94.95,3.1479270074835664,92.99889462668523,96.90110537331478,29.6719,0.9837263960178267,29.062180062854356,30.281619937145646,377.9,25.58840883420981,362.0401398913273,393.7598601086726,2.39434,1.006060502046362,1.7707772405217972,3.0179027594782033,267.1219,4.131653403232714
classical_baseline,event_driven,20,100,100,log_normal,1.25,10,1.0,0.0,1.0,1.0,1.0,0.0,1.0,1.0,340.7,15.33369564789331,331.19607697374977,350.2039230262502,277.28906,8.932112603186328,271.75287925193976,282.82524074806025,141.66306,6.375750650394038,137.71132880568516,145.61479119431485,89.226,4.1081820797038695,86.67972236674788,91.77227763325212,0.0,0.0,0.0,0.0,0.0,0.0,0.0,0.0,0.0,0.0,0.0,0.0,0.0,0.0,0.0,0.0,5975.0,282.57191808261643,5799.860110667057,6150.139889332943,0.52448,0.43095208756633,0.2573731288136692,0.7915868711863308,0.0,0.0
classical_baseline,periodic,20,100,100,log_normal,1.25,10,1.0,0.0,1.0,1.0,1.0,0.0,1.0,1.0,600.0,0.0,600.0,600.0,403.88,0.0,403.88,403.88,249.48,0.0,249.48,249.48,108.0,0.0,108.0,108.0,0.0,0.0,0.0,0.0,0.0,0.0,0.0,0.0,0.0,0.0,0.0,0.0,0.0,0.0,0.0,0.0,10796.0,2.8674417556808756,10794.222741186859,10797.777258813141,0.52448,0.43095208756633,0.2573731288136692,0.7915868711863308,0.0,0.0
classical_baseline,distributed_edge,20,100,100,log_normal,1.5,10,1.0,0.0,1.0,1.0,1.0,0.0,1.0,1.0,340.7,15.33369564789331,331.19607697374977,350.2039230262502,416.78906,8.932112603186328,411.25287925193976,422.32524074806025,141.66306,6.375750650394038,137.71132880568516,145.61479119431485,89.226,4.1081820797038695,86.67972236674788,91.77227763325212,139.5,0.0,139.5,139.5,0.0,0.0,0.0,0.0,0.0,0.0,0.0,0.0,0.0,0.0,0.0,0.0,5975.0,282.57191808261643,5799.860110667057,6150.139889332943,0.5204799999999999,0.43095208756633,0.2533731288136692,0.7875868711863308,139.5,0.0
intelligent_dstep,dstep_full,20,100,100,log_normal,1.5,10,1.0,0.0,1.0,1.0,1.0,0.0,1.0,1.0,39.9,2.378141197564929,38.42601281477001,41.373987185229986,440.77806,11.146411909289716,433.8694423231308,447.6866776768692,14.52183,0.74161235314235,14.062173901337996,14.981486098662003,59.31,5.666268613470419,55.79801032803341,62.82198967196659,139.5,0.0,139.5,139.5,31.5,0.0,31.5,31.5,113.94,3.777512408980281,111.59867355202228,116.28132644797772,35.60625,1.1804726278063369,34.87458548500696,36.337914514993045,377.9,25.58840883420981,362.0401398913273,393.7598601086726,2.39434,1.006060502046362,1.7707772405217972,3.0179027594782033,320.54625,4.957985036786622
classical_baseline,event_driven,20,100,100,log_normal,1.5,10,1.0,0.0,1.0,1.0,1.0,0.0,1.0,1.0,340.7,15.33369564789331,331.19607697374977,350.2039230262502,277.28906,8.932112603186328,271.75287925193976,282.82524074806025,141.66306,6.375750650394038,137.71132880568516,145.61479119431485,89.226,4.1081820797038695,86.67972236674788,91.77227763325212,0.0,0.0,0.0,0.0,0.0,0.0,0.0,0.0,0.0,0.0,0.0,0.0,0.0,0.0,0.0,0.0,5975.0,282.57191808261643,5799.860110667057,6150.139889332943,0.52448,0.43095208756633,0.2573731288136692,0.7915868711863308,0.0,0.0
classical_baseline,periodic,20,100,100,log_normal,1.5,10,1.0,0.0,1.0,1.0,1.0,0.0,1.0,1.0,600.0,0.0,600.0,600.0,403.88,0.0,403.88,403.88,249.48,0.0,249.48,249.48,108.0,0.0,108.0,108.0,0.0,0.0,0.0,0.0,0.0,0.0,0.0,0.0,0.0,0.0,0.0,0.0,0.0,0.0,0.0,0.0,10796.0,2.8674417556808756,10794.222741186859,10797.777258813141,0.52448,0.43095208756633,0.2573731288136692,0.7915868711863308,0.0,0.0
classical_baseline,distributed_edge,20,100,100,log_normal,2.0,10,1.0,0.0,1.0,1.0,1.0,0.0,1.0,1.0,340.7,15.33369564789331,331.19607697374977,350.2039230262502,463.28906,8.932112603186328,457.75287925193976,468.82524074806025,141.66306,6.375750650394038,137.71132880568516,145.61479119431485,89.226,4.1081820797038695,86.67972236674788,91.77227763325212,186.0,0.0,186.0,186.0,0.0,0.0,0.0,0.0,0.0,0.0,0.0,0.0,0.0,0.0,0.0,0.0,5975.0,282.57191808261643,5799.860110667057,6150.139889332943,0.5204799999999999,0.43095208756633,0.2533731288136692,0.7875868711863308,186.0,0.0
intelligent_dstep,dstep_full,20,100,100,log_normal,2.0,10,1.0,0.0,1.0,1.0,1.0,0.0,1.0,1.0,39.9,2.378141197564929,38.42601281477001,41.373987185229986,547.62683,12.797361259871744,539.6949433142455,555.5587166857546,14.52183,0.74161235314235,14.062173901337996,14.981486098662003,59.31,5.666268613470419,55.79801032803341,62.82198967196659,186.0,0.0,186.0,186.0,42.0,0.0,42.0,42.0,151.92,5.036683211973705,148.79823140269636,155.04176859730362,47.475,1.5739635037417832,46.499447313342614,48.45055268665739,377.9,25.58840883420981,362.0401398913273,393.7598601086726,2.39434,1.006060502046362,1.7707772405217972,3.0179027594782033,427.395,6.610646715715493
classical_baseline,event_driven,20,100,100,log_normal,2.0,10,1.0,0.0,1.0,1.0,1.0,0.0,1.0,1.0,340.7,15.33369564789331,331.19607697374977,350.2039230262502,277.28906,8.932112603186328,271.75287925193976,282.82524074806025,141.66306,6.375750650394038,137.71132880568516,145.61479119431485,89.226,4.1081820797038695,86.67972236674788,91.77227763325212,0.0,0.0,0.0,0.0,0.0,0.0,0.0,0.0,0.0,0.0,0.0,0.0,0.0,0.0,0.0,0.0,5975.0,282.57191808261643,5799.860110667057,6150.139889332943,0.52448,0.43095208756633,0.2573731288136692,0.7915868711863308,0.0,0.0
classical_baseline,periodic,20,100,100,log_normal,2.0,10,1.0,0.0,1.0,1.0,1.0,0.0,1.0,1.0,600.0,0.0,600.0,600.0,403.88,0.0,403.88,403.88,249.48,0.0,249.48,249.48,108.0,0.0,108.0,108.0,0.0,0.0,0.0,0.0,0.0,0.0,0.0,0.0,0.0,0.0,0.0,0.0,0.0,0.0,0.0,0.0,10796.0,2.8674417556808756,10794.222741186859,10797.777258813141,0.52448,0.43095208756633,0.2573731288136692,0.7915868711863308,0.0,0.0
classical_baseline,distributed_edge,20,100,100,log_normal,3.0,10,1.0,0.0,1.0,1.0,1.0,0.0,1.0,1.0,340.7,15.33369564789331,331.19607697374977,350.2039230262502,556.28906,8.932112603186333,550.7528792519397,561.8252407480602,141.66306,6.375750650394038,137.71132880568516,145.61479119431485,89.226,4.1081820797038695,86.67972236674788,91.77227763325212,279.0,0.0,279.0,279.0,0.0,0.0,0.0,0.0,0.0,0.0,0.0,0.0,0.0,0.0,0.0,0.0,5975.0,282.57191808261643,5799.860110667057,6150.139889332943,0.5204799999999999,0.43095208756633,0.2533731288136692,0.7875868711863308,279.0,0.0
intelligent_dstep,dstep_full,20,100,100,log_normal,3.0,10,1.0,0.0,1.0,1.0,1.0,0.0,1.0,1.0,39.9,2.378141197564929,38.42601281477001,41.373987185229986,761.32433,16.100351017363977,751.3452290527565,771.3034309472436,14.52183,0.74161235314235,14.062173901337996,14.981486098662003,59.31,5.666268613470419,55.79801032803341,62.82198967196659,279.0,0.0,279.0,279.0,63.0,0.0,63.0,63.0,227.88,7.555024817960562,223.19734710404455,232.56265289595544,71.2125,2.3609452556126738,69.74917097001392,72.67582902998609,377.9,25.58840883420981,362.0401398913273,393.7598601086726,2.39434,1.006060502046362,1.7707772405217972,3.0179027594782033,641.0925,9.915970073573243
classical_baseline,event_driven,20,100,100,log_normal,3.0,10,1.0,0.0,1.0,1.0,1.0,0.0,1.0,1.0,340.7,15.33369564789331,331.19607697374977,350.2039230262502,277.28906,8.932112603186328,271.75287925193976,282.82524074806025,141.66306,6.375750650394038,137.71132880568516,145.61479119431485,89.226,4.1081820797038695,86.67972236674788,91.77227763325212,0.0,0.0,0.0,0.0,0.0,0.0,0.0,0.0,0.0,0.0,0.0,0.0,0.0,0.0,0.0,0.0,5975.0,282.57191808261643,5799.860110667057,6150.139889332943,0.52448,0.43095208756633,0.2573731288136692,0.7915868711863308,0.0,0.0
classical_baseline,periodic,20,100,100,log_normal,3.0,10,1.0,0.0,1.0,1.0,1.0,0.0,1.0,1.0,600.0,0.0,600.0,600.0,403.88,0.0,403.88,403.88,249.48,0.0,249.48,249.48,108.0,0.0,108.0,108.0,0.0,0.0,0.0,0.0,0.0,0.0,0.0,0.0,0.0,0.0,0.0,0.0,0.0,0.0,0.0,0.0,10796.0,2.8674417556808756,10794.222741186859,10797.777258813141,0.52448,0.43095208756633,0.2573731288136692,0.7915868711863308,0.0,0.0
classical_baseline,distributed_edge,20,100,100,log_normal,4.0,10,1.0,0.0,1.0,1.0,1.0,0.0,1.0,1.0,340.7,15.33369564789331,331.19607697374977,350.2039230262502,649.28906,8.932112603186333,643.7528792519397,654.8252407480602,141.66306,6.375750650394038,137.71132880568516,145.61479119431485,89.226,4.1081820797038695,86.67972236674788,91.77227763325212,372.0,0.0,372.0,372.0,0.0,0.0,0.0,0.0,0.0,0.0,0.0,0.0,0.0,0.0,0.0,0.0,5975.0,282.57191808261643,5799.860110667057,6150.139889332943,0.5204799999999999,0.43095208756633,0.2533731288136692,0.7875868711863308,372.0,0.0
intelligent_dstep,dstep_full,20,100,100,log_normal,4.0,10,1.0,0.0,1.0,1.0,1.0,0.0,1.0,1.0,39.9,2.378141197564929,38.42601281477001,41.373987185229986,975.02183,19.404135526969487,962.9950221988042,987.0486378011958,14.52183,0.74161235314235,14.062173901337996,14.981486098662003,59.31,5.666268613470419,55.79801032803341,62.82198967196659,372.0,0.0,372.0,372.0,84.0,0.0,84.0,84.0,303.84,10.07336642394741,297.5964628053927,310.08353719460723,94.95,3.1479270074835664,92.99889462668523,96.90110537331478,377.9,25.58840883420981,362.0401398913273,393.7598601086726,2.39434,1.006060502046362,1.7707772405217972,3.0179027594782033,854.79,13.221293431430986
classical_baseline,event_driven,20,100,100,log_normal,4.0,10,1.0,0.0,1.0,1.0,1.0,0.0,1.0,1.0,340.7,15.33369564789331,331.19607697374977,350.2039230262502,277.28906,8.932112603186328,271.75287925193976,282.82524074806025,141.66306,6.375750650394038,137.71132880568516,145.61479119431485,89.226,4.1081820797038695,86.67972236674788,91.77227763325212,0.0,0.0,0.0,0.0,0.0,0.0,0.0,0.0,0.0,0.0,0.0,0.0,0.0,0.0,0.0,0.0,5975.0,282.57191808261643,5799.860110667057,6150.139889332943,0.52448,0.43095208756633,0.2573731288136692,0.7915868711863308,0.0,0.0
classical_baseline,periodic,20,100,100,log_normal,4.0,10,1.0,0.0,1.0,1.0,1.0,0.0,1.0,1.0,600.0,0.0,600.0,600.0,403.88,0.0,403.88,403.88,249.48,0.0,249.48,249.48,108.0,0.0,108.0,108.0,0.0,0.0,0.0,0.0,0.0,0.0,0.0,0.0,0.0,0.0,0.0,0.0,0.0,0.0,0.0,0.0,10796.0,2.8674417556808756,10794.222741186859,10797.777258813141,0.52448,0.43095208756633,0.2573731288136692,0.7915868711863308,0.0,0.0
classical_baseline,distributed_edge,20,100,100,rician,0.1,10,1.0,0.0,1.0,1.0,1.0,0.0,1.0,1.0,340.7,15.33369564789331,331.19607697374977,350.2039230262502,286.46306,8.903616139299809,280.9445415432436,291.9815784567564,141.66306,6.375750650394038,137.71132880568516,145.61479119431485,89.1,4.048110670423919,86.59095501196171,91.60904498803828,9.3,0.0,9.3,9.3,0.0,0.0,0.0,0.0,0.0,0.0,0.0,0.0,0.0,0.0,0.0,0.0,5950.1,281.8657876050625,5775.397774871387,6124.802225128614,0.5204799999999999,0.43095208756633,0.2533731288136692,0.7875868711863308,9.3,0.0
intelligent_dstep,dstep_full,20,100,100,rician,0.1,10,1.0,0.0,1.0,1.0,1.0,0.0,1.0,1.0,39.9,2.378141197564929,38.42601281477001,41.373987185229986,140.34602999999998,6.206455484421936,136.49922903666544,144.19283096333453,14.54263,0.7438766520361051,14.081570474343694,15.003689525656307,58.104,5.334806463218698,54.79745269720816,61.41054730279184,9.3,0.0,9.3,9.3,2.1,0.0,2.1,2.1,7.5424,0.23710250947638642,7.39544234209814,7.689357657901859,2.357,0.07409453421137084,2.311075731905669,2.4029242680943312,362.3,29.82932934024647,343.8115901290686,380.78840987093145,2.27447,0.8160335260678122,1.768687180471196,2.780252819528804,21.299400000000002,0.31119704368775747
classical_baseline,event_driven,20,100,100,rician,0.1,10,1.0,0.0,1.0,1.0,1.0,0.0,1.0,1.0,340.7,15.33369564789331,331.19607697374977,350.2039230262502,277.16306,8.903616139299801,271.6445415432436,282.68157845675637,141.66306,6.375750650394038,137.71132880568516,145.61479119431485,89.1,4.048110670423919,86.59095501196171,91.60904498803828,0.0,0.0,0.0,0.0,0.0,0.0,0.0,0.0,0.0,0.0,0.0,0.0,0.0,0.0,0.0,0.0,5950.1,281.8657876050625,5775.397774871387,6124.802225128614,0.52448,0.43095208756633,0.2573731288136692,0.7915868711863308,0.0,0.0
classical_baseline,periodic,20,100,100,rician,0.1,10,1.0,0.0,1.0,1.0,1.0,0.0,1.0,1.0,600.0,0.0,600.0,600.0,403.88,0.0,403.88,403.88,249.48,0.0,249.48,249.48,108.0,0.0,108.0,108.0,0.0,0.0,0.0,0.0,0.0,0.0,0.0,0.0,0.0,0.0,0.0,0.0,0.0,0.0,0.0,0.0,10754.3,12.1568453510312,10746.765109187549,10761.83489081245,0.52448,0.43095208756633,0.2573731288136692,0.7915868711863308,0.0,0.0
classical_baseline,distributed_edge,20,100,100,rician,0.25,10,1.0,0.0,1.0,1.0,1.0,0.0,1.0,1.0,340.7,15.33369564789331,331.19607697374977,350.2039230262502,300.41306,8.903616139299801,294.8945415432436,305.93157845675637,141.66306,6.375750650394038,137.71132880568516,145.61479119431485,89.1,4.048110670423919,86.59095501196171,91.60904498803828,23.25,0.0,23.25,23.25,0.0,0.0,0.0,0.0,0.0,0.0,0.0,0.0,0.0,0.0,0.0,0.0,5950.1,281.8657876050625,5775.397774871387,6124.802225128614,0.5204799999999999,0.43095208756633,0.2533731288136692,0.7875868711863308,23.25,0.0
intelligent_dstep,dstep_full,20,100,100,rician,0.25,10,1.0,0.0,1.0,1.0,1.0,0.0,1.0,1.0,39.9,2.378141197564929,38.42601281477001,41.373987185229986,172.29514,6.671774506281422,168.15993131892066,176.43034868107935,14.54263,0.7438766520361051,14.081570474343694,15.003689525656307,58.104,5.334806463218698,54.79745269720816,61.41054730279184,23.25,0.0,23.25,23.25,5.25,0.0,5.25,5.25,18.856,0.5927562736909667,18.488605855245353,19.22339414475465,5.89248,0.18523656226566063,5.777669189230979,6.007290810769021,362.3,29.82932934024647,343.8115901290686,380.78840987093145,2.27447,0.8160335260678122,1.768687180471196,2.780252819528804,53.24848,0.7779928345856841
classical_baseline,event_driven,20,100,100,rician,0.25,10,1.0,0.0,1.0,1.0,1.0,0.0,1.0,1.0,340.7,15.33369564789331,331.19607697374977,350.2039230262502,277.16306,8.903616139299801,271.6445415432436,282.68157845675637,141.66306,6.375750650394038,137.71132880568516,145.61479119431485,89.1,4.048110670423919,86.59095501196171,91.60904498803828,0.0,0.0,0.0,0.0,0.0,0.0,0.0,0.0,0.0,0.0,0.0,0.0,0.0,0.0,0.0,0.0,5950.1,281.8657876050625,5775.397774871387,6124.802225128614,0.52448,0.43095208756633,0.2573731288136692,0.7915868711863308,0.0,0.0
classical_baseline,periodic,20,100,100,rician,0.25,10,1.0,0.0,1.0,1.0,1.0,0.0,1.0,1.0,600.0,0.0,600.0,600.0,403.88,0.0,403.88,403.88,249.48,0.0,249.48,249.48,108.0,0.0,108.0,108.0,0.0,0.0,0.0,0.0,0.0,0.0,0.0,0.0,0.0,0.0,0.0,0.0,0.0,0.0,0.0,0.0,10754.3,12.1568453510312,10746.765109187549,10761.83489081245,0.52448,0.43095208756633,0.2573731288136692,0.7915868711863308,0.0,0.0
classical_baseline,distributed_edge,20,100,100,rician,0.5,10,1.0,0.0,1.0,1.0,1.0,0.0,1.0,1.0,340.7,15.33369564789331,331.19607697374977,350.2039230262502,323.66306,8.903616139299801,318.1445415432436,329.18157845675637,141.66306,6.375750650394038,137.71132880568516,145.61479119431485,89.1,4.048110670423919,86.59095501196171,91.60904498803828,46.5,0.0,46.5,46.5,0.0,0.0,0.0,0.0,0.0,0.0,0.0,0.0,0.0,0.0,0.0,0.0,5950.1,281.8657876050625,5775.397774871387,6124.802225128614,0.5204799999999999,0.43095208756633,0.2533731288136692,0.7875868711863308,46.5,0.0
intelligent_dstep,dstep_full,20,100,100,rician,0.5,10,1.0,0.0,1.0,1.0,1.0,0.0,1.0,1.0,39.9,2.378141197564929,38.42601281477001,41.373987185229986,225.54363,7.447703331012706,220.92749565080828,230.15976434919173,14.54263,0.7438766520361051,14.081570474343694,15.003689525656307,58.104,5.334806463218698,54.79745269720816,61.41054730279184,46.5,0.0,46.5,46.5,10.5,0.0,10.5,10.5,37.712,1.1855125473819335,36.97721171049071,38.4467882895093,11.785,0.3704726710568539,11.555378659528344,12.014621340471656,362.3,29.82932934024647,343.8115901290686,380.78840987093145,2.27447,0.8160335260678122,1.768687180471196,2.780252819528804,106.497,1.5559852184387883
classical_baseline,event_driven,20,100,100,rician,0.5,10,1.0,0.0,1.0,1.0,1.0,0.0,1.0,1.0,340.7,15.33369564789331,331.19607697374977,350.2039230262502,277.16306,8.903616139299801,271.6445415432436,282.68157845675637,141.66306,6.375750650394038,137.71132880568516,145.61479119431485,89.1,4.048110670423919,86.59095501196171,91.60904498803828,0.0,0.0,0.0,0.0,0.0,0.0,0.0,0.0,0.0,0.0,0.0,0.0,0.0,0.0,0.0,0.0,5950.1,281.8657876050625,5775.397774871387,6124.802225128614,0.52448,0.43095208756633,0.2573731288136692,0.7915868711863308,0.0,0.0
classical_baseline,periodic,20,100,100,rician,0.5,10,1.0,0.0,1.0,1.0,1.0,0.0,1.0,1.0,600.0,0.0,600.0,600.0,403.88,0.0,403.88,403.88,249.48,0.0,249.48,249.48,108.0,0.0,108.0,108.0,0.0,0.0,0.0,0.0,0.0,0.0,0.0,0.0,0.0,0.0,0.0,0.0,0.0,0.0,0.0,0.0,10754.3,12.1568453510312,10746.765109187549,10761.83489081245,0.52448,0.43095208756633,0.2573731288136692,0.7915868711863308,0.0,0.0
classical_baseline,distributed_edge,20,100,100,rician,0.75,10,1.0,0.0,1.0,1.0,1.0,0.0,1.0,1.0,340.7,15.33369564789331,331.19607697374977,350.2039230262502,346.91306,8.903616139299801,341.3945415432436,352.43157845675637,141.66306,6.375750650394038,137.71132880568516,145.61479119431485,89.1,4.048110670423919,86.59095501196171,91.60904498803828,69.75,0.0,69.75,69.75,0.0,0.0,0.0,0.0,0.0,0.0,0.0,0.0,0.0,0.0,0.0,0.0,5950.1,281.8657876050625,5775.397774871387,6124.802225128614,0.5204799999999999,0.43095208756633,0.2533731288136692,0.7875868711863308,69.75,0.0
intelligent_dstep,dstep_full,20,100,100,rician,0.75,10,1.0,0.0,1.0,1.0,1.0,0.0,1.0,1.0,39.9,2.378141197564929,38.42601281477001,41.373987185229986,278.79214,8.224032394715701,273.6948319120112,283.88944808798885,14.54263,0.7438766520361051,14.081570474343694,15.003689525656307,58.104,5.334806463218698,54.79745269720816,61.41054730279184,69.75,0.0,69.75,69.75,15.75,0.0,15.75,15.75,56.568,1.7782688210729003,55.46581756573605,57.67018243426394,17.67752,0.5557087822472006,17.3330881283387,18.0219518716613,362.3,29.82932934024647,343.8115901290686,380.78840987093145,2.27447,0.8160335260678122,1.768687180471196,2.780252819528804,159.74552,2.333977602863122
classical_baseline,event_driven,20,100,100,rician,0.75,10,1.0,0.0,1.0,1.0,1.0,0.0,1.0,1.0,340.7,15.33369564789331,331.19607697374977,350.2039230262502,277.16306,8.903616139299801,271.6445415432436,282.68157845675637,141.66306,6.375750650394038,137.71132880568516,145.61479119431485,89.1,4.048110670423919,86.59095501196171,91.60904498803828,0.0,0.0,0.0,0.0,0.0,0.0,0.0,0.0,0.0,0.0,0.0,0.0,0.0,0.0,0.0,0.0,5950.1,281.8657876050625,5775.397774871387,6124.802225128614,0.52448,0.43095208756633,0.2573731288136692,0.7915868711863308,0.0,0.0
classical_baseline,periodic,20,100,100,rician,0.75,10,1.0,0.0,1.0,1.0,1.0,0.0,1.0,1.0,600.0,0.0,600.0,600.0,403.88,0.0,403.88,403.88,249.48,0.0,249.48,249.48,108.0,0.0,108.0,108.0,0.0,0.0,0.0,0.0,0.0,0.0,0.0,0.0,0.0,0.0,0.0,0.0,0.0,0.0,0.0,0.0,10754.3,12.1568453510312,10746.765109187549,10761.83489081245,0.52448,0.43095208756633,0.2573731288136692,0.7915868711863308,0.0,0.0
classical_baseline,distributed_edge,20,100,100,rician,1.0,10,1.0,0.0,1.0,1.0,1.0,0.0,1.0,1.0,340.7,15.33369564789331,331.19607697374977,350.2039230262502,370.16306,8.903616139299801,364.6445415432436,375.68157845675637,141.66306,6.375750650394038,137.71132880568516,145.61479119431485,89.1,4.048110670423919,86.59095501196171,91.60904498803828,93.0,0.0,93.0,93.0,0.0,0.0,0.0,0.0,0.0,0.0,0.0,0.0,0.0,0.0,0.0,0.0,5950.1,281.8657876050625,5775.397774871387,6124.802225128614,0.5204799999999999,0.43095208756633,0.2533731288136692,0.7875868711863308,93.0,0.0
intelligent_dstep,dstep_full,20,100,100,rician,1.0,10,1.0,0.0,1.0,1.0,1.0,0.0,1.0,1.0,39.9,2.378141197564929,38.42601281477001,41.373987185229986,332.04063,9.000638362922443,326.4619765460245,337.6192834539755,14.54263,0.7438766520361051,14.081570474343694,15.003689525656307,58.104,5.334806463218698,54.79745269720816,61.41054730279184,93.0,0.0,93.0,93.0,21.0,0.0,21.0,21.0,75.424,2.371025094763867,73.95442342098141,76.8935765790186,23.57,0.7409453421137078,23.110757319056688,24.029242680943312,362.3,29.82932934024647,343.8115901290686,380.78840987093145,2.27447,0.8160335260678122,1.768687180471196,2.780252819528804,212.994,3.1119704368775767
classical_baseline,event_driven,20,100,100,rician,1.0,10,1.0,0.0,1.0,1.0,1.0,0.0,1.0,1.0,340.7,15.33369564789331,331.19607697374977,350.2039230262502,277.16306,8.903616139299801,271.6445415432436,282.68157845675637,141.66306,6.375750650394038,137.71132880568516,145.61479119431485,89.1,4.048110670423919,86.59095501196171,91.60904498803828,0.0,0.0,0.0,0.0,0.0,0.0,0.0,0.0,0.0,0.0,0.0,0.0,0.0,0.0,0.0,0.0,5950.1,281.8657876050625,5775.397774871387,6124.802225128614,0.52448,0.43095208756633,0.2573731288136692,0.7915868711863308,0.0,0.0
classical_baseline,periodic,20,100,100,rician,1.0,10,1.0,0.0,1.0,1.0,1.0,0.0,1.0,1.0,600.0,0.0,600.0,600.0,403.88,0.0,403.88,403.88,249.48,0.0,249.48,249.48,108.0,0.0,108.0,108.0,0.0,0.0,0.0,0.0,0.0,0.0,0.0,0.0,0.0,0.0,0.0,0.0,0.0,0.0,0.0,0.0,10754.3,12.1568453510312,10746.765109187549,10761.83489081245,0.52448,0.43095208756633,0.2573731288136692,0.7915868711863308,0.0,0.0
classical_baseline,distributed_edge,20,100,100,rician,1.25,10,1.0,0.0,1.0,1.0,1.0,0.0,1.0,1.0,340.7,15.33369564789331,331.19607697374977,350.2039230262502,393.41306,8.903616139299801,387.8945415432436,398.93157845675637,141.66306,6.375750650394038,137.71132880568516,145.61479119431485,89.1,4.048110670423919,86.59095501196171,91.60904498803828,116.25,0.0,116.25,116.25,0.0,0.0,0.0,0.0,0.0,0.0,0.0,0.0,0.0,0.0,0.0,0.0,5950.1,281.8657876050625,5775.397774871387,6124.802225128614,0.5204799999999999,0.43095208756633,0.2533731288136692,0.7875868711863308,116.25,0.0
intelligent_dstep,dstep_full,20,100,100,rician,1.25,10,1.0,0.0,1.0,1.0,1.0,0.0,1.0,1.0,39.9,2.378141197564929,38.42601281477001,41.373987185229986,385.28907,9.777482000784588,379.2289238708592,391.34921612914076,14.54263,0.7438766520361051,14.081570474343694,15.003689525656307,58.104,5.334806463218698,54.79745269720816,61.41054730279184,116.25,0.0,116.25,116.25,26.25,0.0,26.25,26.25,94.28,2.963781368454831,92.44302927622675,96.11697072377325,29.46249,0.9261759797384318,28.888440180418165,30.036539819581833,362.3,29.82932934024647,343.8115901290686,380.78840987093145,2.27447,0.8160335260678122,1.768687180471196,2.780252819528804,266.24249,3.8899573477953067
classical_baseline,event_driven,20,100,100,rician,1.25,10,1.0,0.0,1.0,1.0,1.0,0.0,1.0,1.0,340.7,15.33369564789331,331.19607697374977,350.2039230262502,277.16306,8.903616139299801,271.6445415432436,282.68157845675637,141.66306,6.375750650394038,137.71132880568516,145.61479119431485,89.1,4.048110670423919,86.59095501196171,91.60904498803828,0.0,0.0,0.0,0.0,0.0,0.0,0.0,0.0,0.0,0.0,0.0,0.0,0.0,0.0,0.0,0.0,5950.1,281.8657876050625,5775.397774871387,6124.802225128614,0.52448,0.43095208756633,0.2573731288136692,0.7915868711863308,0.0,0.0
classical_baseline,periodic,20,100,100,rician,1.25,10,1.0,0.0,1.0,1.0,1.0,0.0,1.0,1.0,600.0,0.0,600.0,600.0,403.88,0.0,403.88,403.88,249.48,0.0,249.48,249.48,108.0,0.0,108.0,108.0,0.0,0.0,0.0,0.0,0.0,0.0,0.0,0.0,0.0,0.0,0.0,0.0,0.0,0.0,0.0,0.0,10754.3,12.1568453510312,10746.765109187549,10761.83489081245,0.52448,0.43095208756633,0.2573731288136692,0.7915868711863308,0.0,0.0
classical_baseline,distributed_edge,20,100,100,rician,1.5,10,1.0,0.0,1.0,1.0,1.0,0.0,1.0,1.0,340.7,15.33369564789331,331.19607697374977,350.2039230262502,416.66306,8.903616139299801,411.1445415432436,422.18157845675637,141.66306,6.375750650394038,137.71132880568516,145.61479119431485,89.1,4.048110670423919,86.59095501196171,91.60904498803828,139.5,0.0,139.5,139.5,0.0,0.0,0.0,0.0,0.0,0.0,0.0,0.0,0.0,0.0,0.0,0.0,5950.1,281.8657876050625,5775.397774871387,6124.802225128614,0.5204799999999999,0.43095208756633,0.2533731288136692,0.7875868711863308,139.5,0.0
intelligent_dstep,dstep_full,20,100,100,rician,1.5,10,1.0,0.0,1.0,1.0,1.0,0.0,1.0,1.0,39.9,2.378141197564929,38.42601281477001,41.373987185229986,438.53761,10.554500566682963,431.9958627741738,445.07935722582613,14.54263,0.7438766520361051,14.081570474343694,15.003689525656307,58.104,5.334806463218698,54.79745269720816,61.41054730279184,139.5,0.0,139.5,139.5,31.5,0.0,31.5,31.5,113.136,3.5565376421458006,110.9316351314721,115.34036486852789,35.355000000000004,1.1114180131705624,34.66613597858504,36.04386402141497,362.3,29.82932934024647,343.8115901290686,380.78840987093145,2.27447,0.8160335260678122,1.768687180471196,2.780252819528804,319.491,4.667955655316369
classical_baseline,event_driven,20,100,100,rician,1.5,10,1.0,0.0,1.0,1.0,1.0,0.0,1.0,1.0,340.7,15.33369564789331,331.19607697374977,350.2039230262502,277.16306,8.903616139299801,271.6445415432436,282.68157845675637,141.66306,6.375750650394038,137.71132880568516,145.61479119431485,89.1,4.048110670423919,86.59095501196171,91.60904498803828,0.0,0.0,0.0,0.0,0.0,0.0,0.0,0.0,0.0,0.0,0.0,0.0,0.0,0.0,0.0,0.0,5950.1,281.8657876050625,5775.397774871387,6124.802225128614,0.52448,0.43095208756633,0.2573731288136692,0.7915868711863308,0.0,0.0
classical_baseline,periodic,20,100,100,rician,1.5,10,1.0,0.0,1.0,1.0,1.0,0.0,1.0,1.0,600.0,0.0,600.0,600.0,403.88,0.0,403.88,403.88,249.48,0.0,249.48,249.48,108.0,0.0,108.0,108.0,0.0,0.0,0.0,0.0,0.0,0.0,0.0,0.0,0.0,0.0,0.0,0.0,0.0,0.0,0.0,0.0,10754.3,12.1568453510312,10746.765109187549,10761.83489081245,0.52448,0.43095208756633,0.2573731288136692,0.7915868711863308,0.0,0.0
classical_baseline,distributed_edge,20,100,100,rician,2.0,10,1.0,0.0,1.0,1.0,1.0,0.0,1.0,1.0,340.7,15.33369564789331,331.19607697374977,350.2039230262502,463.16306,8.903616139299801,457.6445415432436,468.68157845675637,141.66306,6.375750650394038,137.71132880568516,145.61479119431485,89.1,4.048110670423919,86.59095501196171,91.60904498803828,186.0,0.0,186.0,186.0,0.0,0.0,0.0,0.0,0.0,0.0,0.0,0.0,0.0,0.0,0.0,0.0,5950.1,281.8657876050625,5775.397774871387,6124.802225128614,0.5204799999999999,0.43095208756633,0.2533731288136692,0.7875868711863308,186.0,0.0
intelligent_dstep,dstep_full,20,100,100,rician,2.0,10,1.0,0.0,1.0,1.0,1.0,0.0,1.0,1.0,39.9,2.378141197564929,38.42601281477001,41.373987185229986,545.03463,12.10885803892249,537.5294820317396,552.5397779682604,14.54263,0.7438766520361051,14.081570474343694,15.003689525656307,58.104,5.334806463218698,54.79745269720816,61.41054730279184,186.0,0.0,186.0,186.0,42.0,0.0,42.0,42.0,150.848,4.742050189527734,147.90884684196283,153.7871531580372,47.14,1.4818906842274155,46.221514638113376,48.058485361886625,362.3,29.82932934024647,343.8115901290686,380.78840987093145,2.27447,0.8160335260678122,1.768687180471196,2.780252819528804,425.988,6.223940873755153
classical_baseline,event_driven,20,100,100,rician,2.0,10,1.0,0.0,1.0,1.0,1.0,0.0,1.0,1.0,340.7,15.33369564789331,331.19607697374977,350.2039230262502,277.16306,8.903616139299801,271.6445415432436,282.68157845675637,141.66306,6.375750650394038,137.71132880568516,145.61479119431485,89.1,4.048110670423919,86.59095501196171,91.60904498803828,0.0,0.0,0.0,0.0,0.0,0.0,0.0,0.0,0.0,0.0,0.0,0.0,0.0,0.0,0.0,0.0,5950.1,281.8657876050625,5775.397774871387,6124.802225128614,0.52448,0.43095208756633,0.2573731288136692,0.7915868711863308,0.0,0.0
classical_baseline,periodic,20,100,100,rician,2.0,10,1.0,0.0,1.0,1.0,1.0,0.0,1.0,1.0,600.0,0.0,600.0,600.0,403.88,0.0,403.88,403.88,249.48,0.0,249.48,249.48,108.0,0.0,108.0,108.0,0.0,0.0,0.0,0.0,0.0,0.0,0.0,0.0,0.0,0.0,0.0,0.0,0.0,0.0,0.0,0.0,10754.3,12.1568453510312,10746.765109187549,10761.83489081245,0.52448,0.43095208756633,0.2573731288136692,0.7915868711863308,0.0,0.0
classical_baseline,distributed_edge,20,100,100,rician,3.0,10,1.0,0.0,1.0,1.0,1.0,0.0,1.0,1.0,340.7,15.33369564789331,331.19607697374977,350.2039230262502,556.16306,8.90361613929982,550.6445415432436,561.6815784567564,141.66306,6.375750650394038,137.71132880568516,145.61479119431485,89.1,4.048110670423919,86.59095501196171,91.60904498803828,279.0,0.0,279.0,279.0,0.0,0.0,0.0,0.0,0.0,0.0,0.0,0.0,0.0,0.0,0.0,0.0,5950.1,281.8657876050625,5775.397774871387,6124.802225128614,0.5204799999999999,0.43095208756633,0.2533731288136692,0.7875868711863308,279.0,0.0
intelligent_dstep,dstep_full,20,100,100,rician,3.0,10,1.0,0.0,1.0,1.0,1.0,0.0,1.0,1.0,39.9,2.378141197564929,38.42601281477001,41.373987185229986,758.02861,15.218622405858923,748.5960101080932,767.4612098919067,14.54263,0.7438766520361051,14.081570474343694,15.003689525656307,58.104,5.334806463218698,54.79745269720816,61.41054730279184,279.0,0.0,279.0,279.0,63.0,0.0,63.0,63.0,226.272,7.113075284291601,221.8632702629442,230.68072973705577,70.71000000000001,2.222836026341125,69.33227195717008,72.08772804282994,362.3,29.82932934024647,343.8115901290686,380.78840987093145,2.27447,0.8160335260678122,1.768687180471196,2.780252819528804,638.982,9.335911310632738
classical_baseline,event_driven,20,100,100,rician,3.0,10,1.0,0.0,1.0,1.0,1.0,0.0,1.0,1.0,340.7,15.33369564789331,331.19607697374977,350.2039230262502,277.16306,8.903616139299801,271.6445415432436,282.68157845675637,141.66306,6.375750650394038,137.71132880568516,145.61479119431485,89.1,4.048110670423919,86.59095501196171,91.60904498803828,0.0,0.0,0.0,0.0,0.0,0.0,0.0,0.0,0.0,0.0,0.0,0.0,0.0,0.0,0.0,0.0,5950.1,281.8657876050625,5775.397774871387,6124.802225128614,0.52448,0.43095208756633,0.2573731288136692,0.7915868711863308,0.0,0.0
classical_baseline,periodic,20,100,100,rician,3.0,10,1.0,0.0,1.0,1.0,1.0,0.0,1.0,1.0,600.0,0.0,600.0,600.0,403.88,0.0,403.88,403.88,249.48,0.0,249.48,249.48,108.0,0.0,108.0,108.0,0.0,0.0,0.0,0.0,0.0,0.0,0.0,0.0,0.0,0.0,0.0,0.0,0.0,0.0,0.0,0.0,10754.3,12.1568453510312,10746.765109187549,10761.83489081245,0.52448,0.43095208756633,0.2573731288136692,0.7915868711863308,0.0,0.0
classical_baseline,distributed_edge,20,100,100,rician,4.0,10,1.0,0.0,1.0,1.0,1.0,0.0,1.0,1.0,340.7,15.33369564789331,331.19607697374977,350.2039230262502,649.16306,8.90361613929982,643.6445415432436,654.6815784567564,141.66306,6.375750650394038,137.71132880568516,145.61479119431485,89.1,4.048110670423919,86.59095501196171,91.60904498803828,372.0,0.0,372.0,372.0,0.0,0.0,0.0,0.0,0.0,0.0,0.0,0.0,0.0,0.0,0.0,0.0,5950.1,281.8657876050625,5775.397774871387,6124.802225128614,0.5204799999999999,0.43095208756633,0.2533731288136692,0.7875868711863308,372.0,0.0
intelligent_dstep,dstep_full,20,100,100,rician,4.0,10,1.0,0.0,1.0,1.0,1.0,0.0,1.0,1.0,39.9,2.378141197564929,38.42601281477001,41.373987185229986,971.02263,18.329116376413538,959.6621259714393,982.3831340285608,14.54263,0.7438766520361051,14.081570474343694,15.003689525656307,58.104,5.334806463218698,54.79745269720816,61.41054730279184,372.0,0.0,372.0,372.0,84.0,0.0,84.0,84.0,301.696,9.484100379055468,295.81769368392565,307.5743063160744,94.28,2.963781368454831,92.44302927622675,96.11697072377325,362.3,29.82932934024647,343.8115901290686,380.78840987093145,2.27447,0.8160335260678122,1.768687180471196,2.780252819528804,851.976,12.447881747510307
classical_baseline,event_driven,20,100,100,rician,4.0,10,1.0,0.0,1.0,1.0,1.0,0.0,1.0,1.0,340.7,15.33369564789331,331.19607697374977,350.2039230262502,277.16306,8.903616139299801,271.6445415432436,282.68157845675637,141.66306,6.375750650394038,137.71132880568516,145.61479119431485,89.1,4.048110670423919,86.59095501196171,91.60904498803828,0.0,0.0,0.0,0.0,0.0,0.0,0.0,0.0,0.0,0.0,0.0,0.0,0.0,0.0,0.0,0.0,5950.1,281.8657876050625,5775.397774871387,6124.802225128614,0.52448,0.43095208756633,0.2573731288136692,0.7915868711863308,0.0,0.0
classical_baseline,periodic,20,100,100,rician,4.0,10,1.0,0.0,1.0,1.0,1.0,0.0,1.0,1.0,600.0,0.0,600.0,600.0,403.88,0.0,403.88,403.88,249.48,0.0,249.48,249.48,108.0,0.0,108.0,108.0,0.0,0.0,0.0,0.0,0.0,0.0,0.0,0.0,0.0,0.0,0.0,0.0,0.0,0.0,0.0,0.0,10754.3,12.1568453510312,10746.765109187549,10761.83489081245,0.52448,0.43095208756633,0.2573731288136692,0.7915868711863308,0.0,0.0
classical_baseline,distributed_edge,50,100,100,log_normal,0.1,10,1.0,0.0,1.0,1.0,1.0,0.0,1.0,1.0,873.2,16.143798258843,863.193970173496,883.206029826504,745.5245600000001,11.537781926176274,738.3733686735239,752.6757513264762,363.07656,6.712591316026912,358.91605279813956,367.2370672018604,243.198,8.894764752369793,237.68496768970107,248.71103231029895,23.25,0.0,23.25,23.25,0.0,0.0,0.0,0.0,0.0,0.0,0.0,0.0,0.0,0.0,0.0,0.0,41428.4,790.5635402111022,40938.40364125797,41918.39635874203,0.2934,0.40756359830910643,0.040789464641977635,0.5460105353580224,23.25,0.0
intelligent_dstep,dstep_full,50,100,100,log_normal,0.1,10,1.0,0.0,1.0,1.0,1.0,0.0,1.0,1.0,99.8,3.910100879630715,97.37649436651046,102.22350563348954,475.33944,31.371836235713786,455.89497445021493,494.7839055497851,36.32014,1.2193626861784979,35.564371177099545,37.07590882290046,262.908,28.780268240584554,245.06980493507263,280.7461950649274,23.25,0.0,23.25,23.25,5.25,0.0,5.25,5.25,24.0848,1.2791230329148693,23.291991330447672,24.87760866955233,7.5264999999999995,0.3997259477858965,7.278747290764897,7.774252709235102,3183.9,116.70804028286426,3111.5636072044877,3256.2363927955125,3.78428,1.9156799551769255,2.5969292624474827,4.971630737552517,60.1113,1.6788489807007658
classical_baseline,event_driven,50,100,100,log_normal,0.1,10,1.0,0.0,1.0,1.0,1.0,0.0,1.0,1.0,873.2,16.143798258843,863.193970173496,883.206029826504,722.2745600000001,11.537781926176274,715.1233686735239,729.4257513264762,363.07656,6.712591316026912,358.91605279813956,367.2370672018604,243.198,8.894764752369793,237.68496768970107,248.71103231029895,0.0,0.0,0.0,0.0,0.0,0.0,0.0,0.0,0.0,0.0,0.0,0.0,0.0,0.0,0.0,0.0,41428.4,790.5635402111022,40938.40364125797,41918.39635874203,0.2974,0.40756359830910643,0.04478946464197764,0.5500105353580224,0.0,0.0
classical_baseline,periodic,50,100,100,log_normal,0.1,10,1.0,0.0,1.0,1.0,1.0,0.0,1.0,1.0,1500.0,0.0,1500.0,1500.0,1009.7,0.0,1009.7,1009.7,623.7,0.0,623.7,623.7,270.0,0.0,270.0,270.0,0.0,0.0,0.0,0.0,0.0,0.0,0.0,0.0,0.0,0.0,0.0,0.0,0.0,0.0,0.0,0.0,71990.2,6.876691711054734,71985.93778231954,71994.46221768046,0.2974,0.40756359830910643,0.04478946464197764,0.5500105353580224,0.0,0.0
classical_baseline,distributed_edge,50,100,100,log_normal,0.25,10,1.0,0.0,1.0,1.0,1.0,0.0,1.0,1.0,873.2,16.143798258843,863.193970173496,883.206029826504,780.3995600000001,11.537781926176274,773.2483686735239,787.5507513264762,363.07656,6.712591316026912,358.91605279813956,367.2370672018604,243.198,8.894764752369793,237.68496768970107,248.71103231029895,58.125,0.0,58.125,58.125,0.0,0.0,0.0,0.0,0.0,0.0,0.0,0.0,0.0,0.0,0.0,0.0,41428.4,790.5635402111022,40938.40364125797,41918.39635874203,0.2934,0.40756359830910643,0.040789464641977635,0.5460105353580224,58.125,0.0
intelligent_dstep,dstep_full,50,100,100,log_normal,0.25,10,1.0,0.0,1.0,1.0,1.0,0.0,1.0,1.0,99.8,3.910100879630715,97.37649436651046,102.22350563348954,565.50638,33.88931005427981,544.501568011779,586.5111919882211,36.32014,1.2193626861784979,35.564371177099545,37.07590882290046,262.908,28.780268240584554,245.06980493507263,280.7461950649274,58.125,0.0,58.125,58.125,13.125,0.0,13.125,13.125,60.211999999999996,3.197807582287172,58.22997832611917,62.19402167388082,18.81623,0.9993288515020694,18.196839560755723,19.43562043924428,3183.9,116.70804028286426,3111.5636072044877,3256.2363927955125,3.78428,1.9156799551769255,2.5969292624474827,4.971630737552517,150.27823,4.197136433609626
classical_baseline,event_driven,50,100,100,log_normal,0.25,10,1.0,0.0,1.0,1.0,1.0,0.0,1.0,1.0,873.2,16.143798258843,863.193970173496,883.206029826504,722.2745600000001,11.537781926176274,715.1233686735239,729.4257513264762,363.07656,6.712591316026912,358.91605279813956,367.2370672018604,243.198,8.894764752369793,237.68496768970107,248.71103231029895,0.0,0.0,0.0,0.0,0.0,0.0,0.0,0.0,0.0,0.0,0.0,0.0,0.0,0.0,0.0,0.0,41428.4,790.5635402111022,40938.40364125797,41918.39635874203,0.2974,0.40756359830910643,0.04478946464197764,0.5500105353580224,0.0,0.0
classical_baseline,periodic,50,100,100,log_normal,0.25,10,1.0,0.0,1.0,1.0,1.0,0.0,1.0,1.0,1500.0,0.0,1500.0,1500.0,1009.7,0.0,1009.7,1009.7,623.7,0.0,623.7,623.7,270.0,0.0,270.0,270.0,0.0,0.0,0.0,0.0,0.0,0.0,0.0,0.0,0.0,0.0,0.0,0.0,0.0,0.0,0.0,0.0,71990.2,6.876691711054734,71985.93778231954,71994.46221768046,0.2974,0.40756359830910643,0.04478946464197764,0.5500105353580224,0.0,0.0
classical_baseline,distributed_edge,50,100,100,log_normal,0.5,10,1.0,0.0,1.0,1.0,1.0,0.0,1.0,1.0,873.2,16.143798258843,863.193970173496,883.206029826504,838.5245600000001,11.537781926176274,831.3733686735239,845.6757513264762,363.07656,6.712591316026912,358.91605279813956,367.2370672018604,243.198,8.894764752369793,237.68496768970107,248.71103231029895,116.25,0.0,116.25,116.25,0.0,0.0,0.0,0.0,0.0,0.0,0.0,0.0,0.0,0.0,0.0,0.0,41428.4,790.5635402111022,40938.40364125797,41918.39635874203,0.2934,0.40756359830910643,0.040789464641977635,0.5460105353580224,116.25,0.0
intelligent_dstep,dstep_full,50,100,100,log_normal,0.5,10,1.0,0.0,1.0,1.0,1.0,0.0,1.0,1.0,99.8,3.910100879630715,97.37649436651046,102.22350563348954,715.78464,38.08533984304782,692.1791018043442,739.3901781956557,36.32014,1.2193626861784979,35.564371177099545,37.07590882290046,262.908,28.780268240584554,245.06980493507263,280.7461950649274,116.25,0.0,116.25,116.25,26.25,0.0,26.25,26.25,120.42399999999999,6.395615164574344,116.45995665223835,124.38804334776164,37.6325,1.9986297389294825,36.39373645382449,38.87126354617551,3183.9,116.70804028286426,3111.5636072044877,3256.2363927955125,3.78428,1.9156799551769255,2.5969292624474827,4.971630737552517,300.5565,8.394244903503823
classical_baseline,event_driven,50,100,100,log_normal,0.5,10,1.0,0.0,1.0,1.0,1.0,0.0,1.0,1.0,873.2,16.143798258843,863.193970173496,883.206029826504,722.2745600000001,11.537781926176274,715.1233686735239,729.4257513264762,363.07656,6.712591316026912,358.91605279813956,367.2370672018604,243.198,8.894764752369793,237.68496768970107,248.71103231029895,0.0,0.0,0.0,0.0,0.0,0.0,0.0,0.0,0.0,0.0,0.0,0.0,0.0,0.0,0.0,0.0,41428.4,790.5635402111022,40938.40364125797,41918.39635874203,0.2974,0.40756359830910643,0.04478946464197764,0.5500105353580224,0.0,0.0
classical_baseline,periodic,50,100,100,log_normal,0.5,10,1.0,0.0,1.0,1.0,1.0,0.0,1.0,1.0,1500.0,0.0,1500.0,1500.0,1009.7,0.0,1009.7,1009.7,623.7,0.0,623.7,623.7,270.0,0.0,270.0,270.0,0.0,0.0,0.0,0.0,0.0,0.0,0.0,0.0,0.0,0.0,0.0,0.0,0.0,0.0,0.0,0.0,71990.2,6.876691711054734,71985.93778231954,71994.46221768046,0.2974,0.40756359830910643,0.04478946464197764,0.5500105353580224,0.0,0.0
classical_baseline,distributed_edge,50,100,100,log_normal,0.75,10,1.0,0.0,1.0,1.0,1.0,0.0,1.0,1.0,873.2,16.143798258843,863.193970173496,883.206029826504,896.6495600000001,11.537781926176274,889.4983686735239,903.8007513264762,363.07656,6.712591316026912,358.91605279813956,367.2370672018604,243.198,8.894764752369793,237.68496768970107,248.71103231029895,174.375,0.0,174.375,174.375,0.0,0.0,0.0,0.0,0.0,0.0,0.0,0.0,0.0,0.0,0.0,0.0,41428.4,790.5635402111022,40938.40364125797,41918.39635874203,0.2934,0.40756359830910643,0.040789464641977635,0.5460105353580224,174.375,0.0
intelligent_dstep,dstep_full,50,100,100,log_normal,0.75,10,1.0,0.0,1.0,1.0,1.0,0.0,1.0,1.0,99.8,3.910100879630715,97.37649436651046,102.22350563348954,866.0629,42.28158874624587,839.8564997883788,892.2693002116213,36.32014,1.2193626861784979,35.564371177099545,37.07590882290046,262.908,28.780268240584554,245.06980493507263,280.7461950649274,174.375,0.0,174.375,174.375,39.375,0.0,39.375,39.375,180.636,9.593422746861517,174.68993497835754,186.58206502164245,56.448769999999996,2.9979306266712262,54.590633346698425,58.30690665330157,3183.9,116.70804028286426,3111.5636072044877,3256.2363927955125,3.78428,1.9156799551769255,2.5969292624474827,4.971630737552517,450.83477,12.591353373472876
classical_baseline,event_driven,50,100,100,log_normal,0.75,10,1.0,0.0,1.0,1.0,1.0,0.0,1.0,1.0,873.2,16.143798258843,863.193970173496,883.206029826504,722.2745600000001,11.537781926176274,715.1233686735239,729.4257513264762,363.07656,6.712591316026912,358.91605279813956,367.2370672018604,243.198,8.894764752369793,237.68496768970107,248.71103231029895,0.0,0.0,0.0,0.0,0.0,0.0,0.0,0.0,0.0,0.0,0.0,0.0,0.0,0.0,0.0,0.0,41428.4,790.5635402111022,40938.40364125797,41918.39635874203,0.2974,0.40756359830910643,0.04478946464197764,0.5500105353580224,0.0,0.0
classical_baseline,periodic,50,100,100,log_normal,0.75,10,1.0,0.0,1.0,1.0,1.0,0.0,1.0,1.0,1500.0,0.0,1500.0,1500.0,1009.7,0.0,1009.7,1009.7,623.7,0.0,623.7,623.7,270.0,0.0,270.0,270.0,0.0,0.0,0.0,0.0,0.0,0.0,0.0,0.0,0.0,0.0,0.0,0.0,0.0,0.0,0.0,0.0,71990.2,6.876691711054734,71985.93778231954,71994.46221768046,0.2974,0.40756359830910643,0.04478946464197764,0.5500105353580224,0.0,0.0
classical_baseline,distributed_edge,50,100,100,log_normal,1.0,10,1.0,0.0,1.0,1.0,1.0,0.0,1.0,1.0,873.2,16.143798258843,863.193970173496,883.206029826504,954.7745600000001,11.537781926176274,947.6233686735239,961.9257513264762,363.07656,6.712591316026912,358.91605279813956,367.2370672018604,243.198,8.894764752369793,237.68496768970107,248.71103231029895,232.5,0.0,232.5,232.5,0.0,0.0,0.0,0.0,0.0,0.0,0.0,0.0,0.0,0.0,0.0,0.0,41428.4,790.5635402111022,40938.40364125797,41918.39635874203,0.2934,0.40756359830910643,0.040789464641977635,0.5460105353580224,232.5,0.0
intelligent_dstep,dstep_full,50,100,100,log_normal,1.0,10,1.0,0.0,1.0,1.0,1.0,0.0,1.0,1.0,99.8,3.910100879630715,97.37649436651046,102.22350563348954,1016.34114,46.477988221957766,987.5337844466022,1045.1484955533977,36.32014,1.2193626861784979,35.564371177099545,37.07590882290046,262.908,28.780268240584554,245.06980493507263,280.7461950649274,232.5,0.0,232.5,232.5,52.5,0.0,52.5,52.5,240.84799999999998,12.791230329148688,232.9199133044767,248.77608669552328,75.265,3.997259477858965,72.78747290764898,77.74252709235103,3183.9,116.70804028286426,3111.5636072044877,3256.2363927955125,3.78428,1.9156799551769255,2.5969292624474827,4.971630737552517,601.113,16.788489807007647
classical_baseline,event_driven,50,100,100,log_normal,1.0,10,1.0,0.0,1.0,1.0,1.0,0.0,1.0,1.0,873.2,16.143798258843,863.193970173496,883.206029826504,722.2745600000001,11.537781926176274,715.1233686735239,729.4257513264762,363.07656,6.712591316026912,358.91605279813956,367.2370672018604,243.198,8.894764752369793,237.68496768970107,248.71103231029895,0.0,0.0,0.0,0.0,0.0,0.0,0.0,0.0,0.0,0.0,0.0,0.0,0.0,0.0,0.0,0.0,41428.4,790.5635402111022,40938.40364125797,41918.39635874203,0.2974,0.40756359830910643,0.04478946464197764,0.5500105353580224,0.0,0.0
classical_baseline,periodic,50,100,100,log_normal,1.0,10,1.0,0.0,1.0,1.0,1.0,0.0,1.0,1.0,1500.0,0.0,1500.0,1500.0,1009.7,0.0,1009.7,1009.7,623.7,0.0,623.7,623.7,270.0,0.0,270.0,270.0,0.0,0.0,0.0,0.0,0.0,0.0,0.0,0.0,0.0,0.0,0.0,0.0,0.0,0.0,0.0,0.0,71990.2,6.876691711054734,71985.93778231954,71994.46221768046,0.2974,0.40756359830910643,0.04478946464197764,0.5500105353580224,0.0,0.0
classical_baseline,distributed_edge,50,100,100,log_normal,1.25,10,1.0,0.0,1.0,1.0,1.0,0.0,1.0,1.0,873.2,16.143798258843,863.193970173496,883.206029826504,1012.89956,11.537781926176251,1005.7483686735238,1020.0507513264761,363.07656,6.712591316026912,358.91605279813956,367.2370672018604,243.198,8.894764752369793,237.68496768970107,248.71103231029895,290.625,0.0,290.625,290.625,0.0,0.0,0.0,0.0,0.0,0.0,0.0,0.0,0.0,0.0,0.0,0.0,41428.4,790.5635402111022,40938.40364125797,41918.39635874203,0.2934,0.40756359830910643,0.040789464641977635,0.5460105353580224,290.625,0.0
intelligent_dstep,dstep_full,50,100,100,log_normal,1.25,10,1.0,0.0,1.0,1.0,1.0,0.0,1.0,1.0,99.8,3.910100879630715,97.37649436651046,102.22350563348954,1166.61936,50.674521913574424,1135.2109659169462,1198.0277540830537,36.32014,1.2193626861784979,35.564371177099545,37.07590882290046,262.908,28.780268240584554,245.06980493507263,280.7461950649274,290.625,0.0,290.625,290.625,65.625,0.0,65.625,65.625,301.06,15.98903791143586,291.1498916305959,310.9701083694041,94.08127,4.996560365569276,90.9843698005424,97.17817019945761,3183.9,116.70804028286426,3111.5636072044877,3256.2363927955125,3.78428,1.9156799551769255,2.5969292624474827,4.971630737552517,751.39127,20.98559827696921
classical_baseline,event_driven,50,100,100,log_normal,1.25,10,1.0,0.0,1.0,1.0,1.0,0.0,1.0,1.0,873.2,16.143798258843,863.193970173496,883.206029826504,722.2745600000001,11.537781926176274,715.1233686735239,729.4257513264762,363.07656,6.712591316026912,358.91605279813956,367.2370672018604,243.198,8.894764752369793,237.68496768970107,248.71103231029895,0.0,0.0,0.0,0.0,0.0,0.0,0.0,0.0,0.0,0.0,0.0,0.0,0.0,0.0,0.0,0.0,41428.4,790.5635402111022,40938.40364125797,41918.39635874203,0.2974,0.40756359830910643,0.04478946464197764,0.5500105353580224,0.0,0.0
classical_baseline,periodic,50,100,100,log_normal,1.25,10,1.0,0.0,1.0,1.0,1.0,0.0,1.0,1.0,1500.0,0.0,1500.0,1500.0,1009.7,0.0,1009.7,1009.7,623.7,0.0,623.7,623.7,270.0,0.0,270.0,270.0,0.0,0.0,0.0,0.0,0.0,0.0,0.0,0.0,0.0,0.0,0.0,0.0,0.0,0.0,0.0,0.0,71990.2,6.876691711054734,71985.93778231954,71994.46221768046,0.2974,0.40756359830910643,0.04478946464197764,0.5500105353580224,0.0,0.0
classical_baseline,distributed_edge,50,100,100,log_normal,1.5,10,1.0,0.0,1.0,1.0,1.0,0.0,1.0,1.0,873.2,16.143798258843,863.193970173496,883.206029826504,1071.02456,11.537781926176274,1063.8733686735238,1078.1757513264763,363.07656,6.712591316026912,358.91605279813956,367.2370672018604,243.198,8.894764752369793,237.68496768970107,248.71103231029895,348.75,0.0,348.75,348.75,0.0,0.0,0.0,0.0,0.0,0.0,0.0,0.0,0.0,0.0,0.0,0.0,41428.4,790.5635402111022,40938.40364125797,41918.39635874203,0.2934,0.40756359830910643,0.040789464641977635,0.5460105353580224,348.75,0.0
intelligent_dstep,dstep_full,50,100,100,log_normal,1.5,10,1.0,0.0,1.0,1.0,1.0,0.0,1.0,1.0,99.8,3.910100879630715,97.37649436651046,102.22350563348954,1316.89763,54.87112226430724,1282.8881560715417,1350.9071039284581,36.32014,1.2193626861784979,35.564371177099545,37.07590882290046,262.908,28.780268240584554,245.06980493507263,280.7461950649274,348.75,0.0,348.75,348.75,78.75,0.0,78.75,78.75,361.272,19.186845493723034,349.3798699567151,373.1641300432849,112.8975,5.99588921678845,109.18120936147345,116.61379063852654,3183.9,116.70804028286426,3111.5636072044877,3256.2363927955125,3.78428,1.9156799551769255,2.5969292624474827,4.971630737552517,901.6695,25.182734710511486
classical_baseline,event_driven,50,100,100,log_normal,1.5,10,1.0,0.0,1.0,1.0,1.0,0.0,1.0,1.0,873.2,16.143798258843,863.193970173496,883.206029826504,722.2745600000001,11.537781926176274,715.1233686735239,729.4257513264762,363.07656,6.712591316026912,358.91605279813956,367.2370672018604,243.198,8.894764752369793,237.68496768970107,248.71103231029895,0.0,0.0,0.0,0.0,0.0,0.0,0.0,0.0,0.0,0.0,0.0,0.0,0.0,0.0,0.0,0.0,41428.4,790.5635402111022,40938.40364125797,41918.39635874203,0.2974,0.40756359830910643,0.04478946464197764,0.5500105353580224,0.0,0.0
classical_baseline,periodic,50,100,100,log_normal,1.5,10,1.0,0.0,1.0,1.0,1.0,0.0,1.0,1.0,1500.0,0.0,1500.0,1500.0,1009.7,0.0,1009.7,1009.7,623.7,0.0,623.7,623.7,270.0,0.0,270.0,270.0,0.0,0.0,0.0,0.0,0.0,0.0,0.0,0.0,0.0,0.0,0.0,0.0,0.0,0.0,0.0,0.0,71990.2,6.876691711054734,71985.93778231954,71994.46221768046,0.2974,0.40756359830910643,0.04478946464197764,0.5500105353580224,0.0,0.0
classical_baseline,distributed_edge,50,100,100,log_normal,2.0,10,1.0,0.0,1.0,1.0,1.0,0.0,1.0,1.0,873.2,16.143798258843,863.193970173496,883.206029826504,1187.27456,11.537781926176274,1180.1233686735238,1194.4257513264763,363.07656,6.712591316026912,358.91605279813956,367.2370672018604,243.198,8.894764752369793,237.68496768970107,248.71103231029895,465.0,0.0,465.0,465.0,0.0,0.0,0.0,0.0,0.0,0.0,0.0,0.0,0.0,0.0,0.0,0.0,41428.4,790.5635402111022,40938.40364125797,41918.39635874203,0.2934,0.40756359830910643,0.040789464641977635,0.5460105353580224,465.0,0.0
intelligent_dstep,dstep_full,50,100,100,log_normal,2.0,10,1.0,0.0,1.0,1.0,1.0,0.0,1.0,1.0,99.8,3.910100879630715,97.37649436651046,102.22350563348954,1617.45414,63.26455587894728,1578.242362019652,1656.665917980348,36.32014,1.2193626861784979,35.564371177099545,37.07590882290046,262.908,28.780268240584554,245.06980493507263,280.7461950649274,465.0,0.0,465.0,465.0,105.0,0.0,105.0,105.0,481.69599999999997,25.582460658297375,465.8398266089534,497.55217339104655,150.53,7.99451895571793,145.57494581529795,155.48505418470205,3183.9,116.70804028286426,3111.5636072044877,3256.2363927955125,3.78428,1.9156799551769255,2.5969292624474827,4.971630737552517,1202.226,33.57697961401529
classical_baseline,event_driven,50,100,100,log_normal,2.0,10,1.0,0.0,1.0,1.0,1.0,0.0,1.0,1.0,873.2,16.143798258843,863.193970173496,883.206029826504,722.2745600000001,11.537781926176274,715.1233686735239,729.4257513264762,363.07656,6.712591316026912,358.91605279813956,367.2370672018604,243.198,8.894764752369793,237.68496768970107,248.71103231029895,0.0,0.0,0.0,0.0,0.0,0.0,0.0,0.0,0.0,0.0,0.0,0.0,0.0,0.0,0.0,0.0,41428.4,790.5635402111022,40938.40364125797,41918.39635874203,0.2974,0.40756359830910643,0.04478946464197764,0.5500105353580224,0.0,0.0
classical_baseline,periodic,50,100,100,log_normal,2.0,10,1.0,0.0,1.0,1.0,1.0,0.0,1.0,1.0,1500.0,0.0,1500.0,1500.0,1009.7,0.0,1009.7,1009.7,623.7,0.0,623.7,623.7,270.0,0.0,270.0,270.0,0.0,0.0,0.0,0.0,0.0,0.0,0.0,0.0,0.0,0.0,0.0,0.0,0.0,0.0,0.0,0.0,71990.2,6.876691711054734,71985.93778231954,71994.46221768046,0.2974,0.40756359830910643,0.04478946464197764,0.5500105353580224,0.0,0.0
classical_baseline,distributed_edge,50,100,100,log_normal,3.0,10,1.0,0.0,1.0,1.0,1.0,0.0,1.0,1.0,873.2,16.143798258843,863.193970173496,883.206029826504,1419.77456,11.537781926176274,1412.6233686735238,1426.9257513264763,363.07656,6.712591316026912,358.91605279813956,367.2370672018604,243.198,8.894764752369793,237.68496768970107,248.71103231029895,697.5,0.0,697.5,697.5,0.0,0.0,0.0,0.0,0.0,0.0,0.0,0.0,0.0,0.0,0.0,0.0,41428.4,790.5635402111022,40938.40364125797,41918.39635874203,0.2934,0.40756359830910643,0.040789464641977635,0.5460105353580224,697.5,0.0
intelligent_dstep,dstep_full,50,100,100,log_normal,3.0,10,1.0,0.0,1.0,1.0,1.0,0.0,1.0,1.0,99.8,3.910100879630715,97.37649436651046,102.22350563348954,2218.56713,80.05194767752103,2168.950418784456,2268.183841215544,36.32014,1.2193626861784979,35.564371177099545,37.07590882290046,262.908,28.780268240584554,245.06980493507263,280.7461950649274,697.5,0.0,697.5,697.5,157.5,0.0,157.5,157.5,722.544,38.37369098744607,698.7597399134302,746.3282600865698,225.795,11.9917784335769,218.3624187229469,233.22758127705308,3183.9,116.70804028286426,3111.5636072044877,3256.2363927955125,3.78428,1.9156799551769255,2.5969292624474827,4.971630737552517,1803.339,50.36546942102297
classical_baseline,event_driven,50,100,100,log_normal,3.0,10,1.0,0.0,1.0,1.0,1.0,0.0,1.0,1.0,873.2,16.143798258843,863.193970173496,883.206029826504,722.2745600000001,11.537781926176274,715.1233686735239,729.4257513264762,363.07656,6.712591316026912,358.91605279813956,367.2370672018604,243.198,8.894764752369793,237.68496768970107,248.71103231029895,0.0,0.0,0.0,0.0,0.0,0.0,0.0,0.0,0.0,0.0,0.0,0.0,0.0,0.0,0.0,0.0,41428.4,790.5635402111022,40938.40364125797,41918.39635874203,0.2974,0.40756359830910643,0.04478946464197764,0.5500105353580224,0.0,0.0
classical_baseline,periodic,50,100,100,log_normal,3.0,10,1.0,0.0,1.0,1.0,1.0,0.0,1.0,1.0,1500.0,0.0,1500.0,1500.0,1009.7,0.0,1009.7,1009.7,623.7,0.0,623.7,623.7,270.0,0.0,270.0,270.0,0.0,0.0,0.0,0.0,0.0,0.0,0.0,0.0,0.0,0.0,0.0,0.0,0.0,0.0,0.0,0.0,71990.2,6.876691711054734,71985.93778231954,71994.46221768046,0.2974,0.40756359830910643,0.04478946464197764,0.5500105353580224,0.0,0.0
classical_baseline,distributed_edge,50,100,100,log_normal,4.0,10,1.0,0.0,1.0,1.0,1.0,0.0,1.0,1.0,873.2,16.143798258843,863.193970173496,883.206029826504,1652.27456,11.537781926176274,1645.1233686735238,1659.4257513264763,363.07656,6.712591316026912,358.91605279813956,367.2370672018604,243.198,8.894764752369793,237.68496768970107,248.71103231029895,930.0,0.0,930.0,930.0,0.0,0.0,0.0,0.0,0.0,0.0,0.0,0.0,0.0,0.0,0.0,0.0,41428.4,790.5635402111022,40938.40364125797,41918.39635874203,0.2934,0.40756359830910643,0.040789464641977635,0.5460105353580224,930.0,0.0
intelligent_dstep,dstep_full,50,100,100,log_normal,4.0,10,1.0,0.0,1.0,1.0,1.0,0.0,1.0,1.0,99.8,3.910100879630715,97.37649436651046,102.22350563348954,2819.68014,96.8396904856704,2759.6582779912706,2879.7020020087293,36.32014,1.2193626861784979,35.564371177099545,37.07590882290046,262.908,28.780268240584554,245.06980493507263,280.7461950649274,930.0,0.0,930.0,930.0,210.0,0.0,210.0,210.0,963.3919999999999,51.16492131659475,931.6796532179068,995.1043467820931,301.06,15.98903791143586,291.1498916305959,310.9701083694041,3183.9,116.70804028286426,3111.5636072044877,3256.2363927955125,3.78428,1.9156799551769255,2.5969292624474827,4.971630737552517,2404.452,67.15395922803059
classical_baseline,event_driven,50,100,100,log_normal,4.0,10,1.0,0.0,1.0,1.0,1.0,0.0,1.0,1.0,873.2,16.143798258843,863.193970173496,883.206029826504,722.2745600000001,11.537781926176274,715.1233686735239,729.4257513264762,363.07656,6.712591316026912,358.91605279813956,367.2370672018604,243.198,8.894764752369793,237.68496768970107,248.71103231029895,0.0,0.0,0.0,0.0,0.0,0.0,0.0,0.0,0.0,0.0,0.0,0.0,0.0,0.0,0.0,0.0,41428.4,790.5635402111022,40938.40364125797,41918.39635874203,0.2974,0.40756359830910643,0.04478946464197764,0.5500105353580224,0.0,0.0
classical_baseline,periodic,50,100,100,log_normal,4.0,10,1.0,0.0,1.0,1.0,1.0,0.0,1.0,1.0,1500.0,0.0,1500.0,1500.0,1009.7,0.0,1009.7,1009.7,623.7,0.0,623.7,623.7,270.0,0.0,270.0,270.0,0.0,0.0,0.0,0.0,0.0,0.0,0.0,0.0,0.0,0.0,0.0,0.0,0.0,0.0,0.0,0.0,71990.2,6.876691711054734,71985.93778231954,71994.46221768046,0.2974,0.40756359830910643,0.04478946464197764,0.5500105353580224,0.0,0.0
classical_baseline,distributed_edge,50,100,100,rician,0.1,10,1.0,0.0,1.0,1.0,1.0,0.0,1.0,1.0,873.2,16.143798258843,863.193970173496,883.206029826504,745.41656,11.561166471251944,738.2508747823246,752.5822452176754,363.07656,6.712591316026912,358.91605279813956,367.2370672018604,243.09,8.928616914169856,237.55598590243935,248.62401409756066,23.25,0.0,23.25,23.25,0.0,0.0,0.0,0.0,0.0,0.0,0.0,0.0,0.0,0.0,0.0,0.0,41310.9,798.5882613156239,40815.9298675875,41805.8701324125,0.2934,0.40756359830910643,0.040789464641977635,0.5460105353580224,23.25,0.0
intelligent_dstep,dstep_full,50,100,100,rician,0.1,10,0.99899,0.0031939004367700623,0.9970104000000001,1.0009696000000001,1.0,0.0,1.0,1.0,99.1,3.665151201974256,96.82831574964007,101.37168425035992,468.26211,34.170851915125624,447.0827965585358,489.4414234414642,36.10186,1.1429736131881794,35.393437615063206,36.8102823849368,256.428,31.37629423625423,236.98077135285337,275.8752286471466,23.25,0.0,23.25,23.25,5.25,0.0,5.25,5.25,23.796,1.3952261465439932,22.931229875076617,24.66077012492338,7.43625,0.43600817079499793,7.166009335961443,7.706490664038557,3061.1,132.50446533356276,2978.9728815230114,3143.2271184769884,3.62839,1.8730518563444942,2.4674604318355993,4.789319568164401,59.73225,1.8312343173389911
classical_baseline,event_driven,50,100,100,rician,0.1,10,1.0,0.0,1.0,1.0,1.0,0.0,1.0,1.0,873.2,16.143798258843,863.193970173496,883.206029826504,722.16656,11.561166471251944,715.0008747823246,729.3322452176754,363.07656,6.712591316026912,358.91605279813956,367.2370672018604,243.09,8.928616914169856,237.55598590243935,248.62401409756066,0.0,0.0,0.0,0.0,0.0,0.0,0.0,0.0,0.0,0.0,0.0,0.0,0.0,0.0,0.0,0.0,41310.9,798.5882613156239,40815.9298675875,41805.8701324125,0.2974,0.40756359830910643,0.04478946464197764,0.5500105353580224,0.0,0.0
classical_baseline,periodic,50,100,100,rician,0.1,10,1.0,0.0,1.0,1.0,1.0,0.0,1.0,1.0,1500.0,0.0,1500.0,1500.0,1009.7,0.0,1009.7,1009.7,623.7,0.0,623.7,623.7,270.0,0.0,270.0,270.0,0.0,0.0,0.0,0.0,0.0,0.0,0.0,0.0,0.0,0.0,0.0,0.0,0.0,0.0,0.0,0.0,71787.8,25.724177991402044,71771.85598929587,71803.74401070413,0.2974,0.40756359830910643,0.04478946464197764,0.5500105353580224,0.0,0.0
classical_baseline,distributed_edge,50,100,100,rician,0.25,10,1.0,0.0,1.0,1.0,1.0,0.0,1.0,1.0,873.2,16.143798258843,863.193970173496,883.206029826504,780.29156,11.561166471251944,773.1258747823246,787.4572452176754,363.07656,6.712591316026912,358.91605279813956,367.2370672018604,243.09,8.928616914169856,237.55598590243935,248.62401409756066,58.125,0.0,58.125,58.125,0.0,0.0,0.0,0.0,0.0,0.0,0.0,0.0,0.0,0.0,0.0,0.0,41310.9,798.5882613156239,40815.9298675875,41805.8701324125,0.2934,0.40756359830910643,0.040789464641977635,0.5460105353580224,58.125,0.0
intelligent_dstep,dstep_full,50,100,100,rician,0.25,10,0.99899,0.0031939004367700623,0.9970104000000001,1.0009696000000001,1.0,0.0,1.0,1.0,99.1,3.665151201974256,96.82831574964007,101.37168425035992,557.86049,36.91727652370453,534.9789249502668,580.7420550497333,36.10186,1.1429736131881794,35.393437615063206,36.8102823849368,256.428,31.37629423625423,236.98077135285337,275.8752286471466,58.125,0.0,58.125,58.125,13.125,0.0,13.125,13.125,59.49,3.4880653663599834,57.32807468769155,61.65192531230846,18.590609999999998,1.0900349050986091,17.914999366277367,19.26622063372263,3061.1,132.50446533356276,2978.9728815230114,3143.2271184769884,3.62839,1.8730518563444942,2.4674604318355993,4.789319568164401,149.33061,4.5781002713279815
classical_baseline,event_driven,50,100,100,rician,0.25,10,1.0,0.0,1.0,1.0,1.0,0.0,1.0,1.0,873.2,16.143798258843,863.193970173496,883.206029826504,722.16656,11.561166471251944,715.0008747823246,729.3322452176754,363.07656,6.712591316026912,358.91605279813956,367.2370672018604,243.09,8.928616914169856,237.55598590243935,248.62401409756066,0.0,0.0,0.0,0.0,0.0,0.0,0.0,0.0,0.0,0.0,0.0,0.0,0.0,0.0,0.0,0.0,41310.9,798.5882613156239,40815.9298675875,41805.8701324125,0.2974,0.40756359830910643,0.04478946464197764,0.5500105353580224,0.0,0.0
classical_baseline,periodic,50,100,100,rician,0.25,10,1.0,0.0,1.0,1.0,1.0,0.0,1.0,1.0,1500.0,0.0,1500.0,1500.0,1009.7,0.0,1009.7,1009.7,623.7,0.0,623.7,623.7,270.0,0.0,270.0,270.0,0.0,0.0,0.0,0.0,0.0,0.0,0.0,0.0,0.0,0.0,0.0,0.0,0.0,0.0,0.0,0.0,71787.8,25.724177991402044,71771.85598929587,71803.74401070413,0.2974,0.40756359830910643,0.04478946464197764,0.5500105353580224,0.0,0.0
classical_baseline,distributed_edge,50,100,100,rician,0.5,10,1.0,0.0,1.0,1.0,1.0,0.0,1.0,1.0,873.2,16.143798258843,863.193970173496,883.206029826504,838.41656,11.561166471251944,831.2508747823246,845.5822452176754,363.07656,6.712591316026912,358.91605279813956,367.2370672018604,243.09,8.928616914169856,237.55598590243935,248.62401409756066,116.25,0.0,116.25,116.25,0.0,0.0,0.0,0.0,0.0,0.0,0.0,0.0,0.0,0.0,0.0,0.0,41310.9,798.5882613156239,40815.9298675875,41805.8701324125,0.2934,0.40756359830910643,0.040789464641977635,0.5460105353580224,116.25,0.0
intelligent_dstep,dstep_full,50,100,100,rician,0.5,10,0.99899,0.0031939004367700623,0.9970104000000001,1.0009696000000001,1.0,0.0,1.0,1.0,99.1,3.665151201974256,96.82831574964007,101.37168425035992,707.19111,41.49482850194038,681.472348839896,732.909871160104,36.10186,1.1429736131881794,35.393437615063206,36.8102823849368,256.428,31.37629423625423,236.98077135285337,275.8752286471466,116.25,0.0,116.25,116.25,26.25,0.0,26.25,26.25,118.98,6.976130732719967,114.6561493753831,123.30385062461691,37.18125,2.1800408539749885,35.83004667980722,38.53245332019278,3061.1,132.50446533356276,2978.9728815230114,3143.2271184769884,3.62839,1.8730518563444942,2.4674604318355993,4.789319568164401,298.66125,9.156171586694956
classical_baseline,event_driven,50,100,100,rician,0.5,10,1.0,0.0,1.0,1.0,1.0,0.0,1.0,1.0,873.2,16.143798258843,863.193970173496,883.206029826504,722.16656,11.561166471251944,715.0008747823246,729.3322452176754,363.07656,6.712591316026912,358.91605279813956,367.2370672018604,243.09,8.928616914169856,237.55598590243935,248.62401409756066,0.0,0.0,0.0,0.0,0.0,0.0,0.0,0.0,0.0,0.0,0.0,0.0,0.0,0.0,0.0,0.0,41310.9,798.5882613156239,40815.9298675875,41805.8701324125,0.2974,0.40756359830910643,0.04478946464197764,0.5500105353580224,0.0,0.0
classical_baseline,periodic,50,100,100,rician,0.5,10,1.0,0.0,1.0,1.0,1.0,0.0,1.0,1.0,1500.0,0.0,1500.0,1500.0,1009.7,0.0,1009.7,1009.7,623.7,0.0,623.7,623.7,270.0,0.0,270.0,270.0,0.0,0.0,0.0,0.0,0.0,0.0,0.0,0.0,0.0,0.0,0.0,0.0,0.0,0.0,0.0,0.0,71787.8,25.724177991402044,71771.85598929587,71803.74401070413,0.2974,0.40756359830910643,0.04478946464197764,0.5500105353580224,0.0,0.0
classical_baseline,distributed_edge,50,100,100,rician,0.75,10,1.0,0.0,1.0,1.0,1.0,0.0,1.0,1.0,873.2,16.143798258843,863.193970173496,883.206029826504,896.54156,11.561166471251944,889.3758747823246,903.7072452176754,363.07656,6.712591316026912,358.91605279813956,367.2370672018604,243.09,8.928616914169856,237.55598590243935,248.62401409756066,174.375,0.0,174.375,174.375,0.0,0.0,0.0,0.0,0.0,0.0,0.0,0.0,0.0,0.0,0.0,0.0,41310.9,798.5882613156239,40815.9298675875,41805.8701324125,0.2934,0.40756359830910643,0.040789464641977635,0.5460105353580224,174.375,0.0
intelligent_dstep,dstep_full,50,100,100,rician,0.75,10,0.99899,0.0031939004367700623,0.9970104000000001,1.0009696000000001,1.0,0.0,1.0,1.0,99.1,3.665151201974256,96.82831574964007,101.37168425035992,856.52174,46.07244702425374,827.9657414850786,885.0777385149214,36.10186,1.1429736131881794,35.393437615063206,36.8102823849368,256.428,31.37629423625423,236.98077135285337,275.8752286471466,174.375,0.0,174.375,174.375,39.375,0.0,39.375,39.375,178.47,10.46419609907995,171.98422406307463,184.95577593692536,55.77189,3.2700468030799397,53.7450939931954,57.7986860068046,3061.1,132.50446533356276,2978.9728815230114,3143.2271184769884,3.62839,1.8730518563444942,2.4674604318355993,4.789319568164401,447.99189,13.734242902116367
classical_baseline,event_driven,50,100,100,rician,0.75,10,1.0,0.0,1.0,1.0,1.0,0.0,1.0,1.0,873.2,16.143798258843,863.193970173496,883.206029826504,722.16656,11.561166471251944,715.0008747823246,729.3322452176754,363.07656,6.712591316026912,358.91605279813956,367.2370672018604,243.09,8.928616914169856,237.55598590243935,248.62401409756066,0.0,0.0,0.0,0.0,0.0,0.0,0.0,0.0,0.0,0.0,0.0,0.0,0.0,0.0,0.0,0.0,41310.9,798.5882613156239,40815.9298675875,41805.8701324125,0.2974,0.40756359830910643,0.04478946464197764,0.5500105353580224,0.0,0.0
classical_baseline,periodic,50,100,100,rician,0.75,10,1.0,0.0,1.0,1.0,1.0,0.0,1.0,1.0,1500.0,0.0,1500.0,1500.0,1009.7,0.0,1009.7,1009.7,623.7,0.0,623.7,623.7,270.0,0.0,270.0,270.0,0.0,0.0,0.0,0.0,0.0,0.0,0.0,0.0,0.0,0.0,0.0,0.0,0.0,0.0,0.0,0.0,71787.8,25.724177991402044,71771.85598929587,71803.74401070413,0.2974,0.40756359830910643,0.04478946464197764,0.5500105353580224,0.0,0.0
classical_baseline,distributed_edge,50,100,100,rician,1.0,10,1.0,0.0,1.0,1.0,1.0,0.0,1.0,1.0,873.2,16.143798258843,863.193970173496,883.206029826504,954.66656,11.561166471251944,947.5008747823246,961.8322452176754,363.07656,6.712591316026912,358.91605279813956,367.2370672018604,243.09,8.928616914169856,237.55598590243935,248.62401409756066,232.5,0.0,232.5,232.5,0.0,0.0,0.0,0.0,0.0,0.0,0.0,0.0,0.0,0.0,0.0,0.0,41310.9,798.5882613156239,40815.9298675875,41805.8701324125,0.2934,0.40756359830910643,0.040789464641977635,0.5460105353580224,232.5,0.0
intelligent_dstep,dstep_full,50,100,100,rician,1.0,10,0.99899,0.0031939004367700623,0.9970104000000001,1.0009696000000001,1.0,0.0,1.0,1.0,99.1,3.665151201974256,96.82831574964007,101.37168425035992,1005.85236,50.650189957989745,974.4590470192626,1037.2456729807375,36.10186,1.1429736131881794,35.393437615063206,36.8102823849368,256.428,31.37629423625423,236.98077135285337,275.8752286471466,232.5,0.0,232.5,232.5,52.5,0.0,52.5,52.5,237.96,13.952261465439934,229.3122987507662,246.60770124923383,74.3625,4.360081707949977,71.66009335961444,77.06490664038556,3061.1,132.50446533356276,2978.9728815230114,3143.2271184769884,3.62839,1.8730518563444942,2.4674604318355993,4.789319568164401,597.3225,18.312343173389912
classical_baseline,event_driven,50,100,100,rician,1.0,10,1.0,0.0,1.0,1.0,1.0,0.0,1.0,1.0,873.2,16.143798258843,863.193970173496,883.206029826504,722.16656,11.561166471251944,715.0008747823246,729.3322452176754,363.07656,6.712591316026912,358.91605279813956,367.2370672018604,243.09,8.928616914169856,237.55598590243935,248.62401409756066,0.0,0.0,0.0,0.0,0.0,0.0,0.0,0.0,0.0,0.0,0.0,0.0,0.0,0.0,0.0,0.0,41310.9,798.5882613156239,40815.9298675875,41805.8701324125,0.2974,0.40756359830910643,0.04478946464197764,0.5500105353580224,0.0,0.0
classical_baseline,periodic,50,100,100,rician,1.0,10,1.0,0.0,1.0,1.0,1.0,0.0,1.0,1.0,1500.0,0.0,1500.0,1500.0,1009.7,0.0,1009.7,1009.7,623.7,0.0,623.7,623.7,270.0,0.0,270.0,270.0,0.0,0.0,0.0,0.0,0.0,0.0,0.0,0.0,0.0,0.0,0.0,0.0,0.0,0.0,0.0,0.0,71787.8,25.724177991402044,71771.85598929587,71803.74401070413,0.2974,0.40756359830910643,0.04478946464197764,0.5500105353580224,0.0,0.0
classical_baseline,distributed_edge,50,100,100,rician,1.25,10,1.0,0.0,1.0,1.0,1.0,0.0,1.0,1.0,873.2,16.143798258843,863.193970173496,883.206029826504,1012.79156,11.561166471251921,1005.6258747823246,1019.9572452176754,363.07656,6.712591316026912,358.91605279813956,367.2370672018604,243.09,8.928616914169856,237.55598590243935,248.62401409756066,290.625,0.0,290.625,290.625,0.0,0.0,0.0,0.0,0.0,0.0,0.0,0.0,0.0,0.0,0.0,0.0,41310.9,798.5882613156239,40815.9298675875,41805.8701324125,0.2934,0.40756359830910643,0.040789464641977635,0.5460105353580224,290.625,0.0
intelligent_dstep,dstep_full,50,100,100,rician,1.25,10,0.99899,0.0031939004367700623,0.9970104000000001,1.0009696000000001,1.0,0.0,1.0,1.0,99.1,3.665151201974256,96.82831574964007,101.37168425035992,1155.18293,55.2279834721101,1120.9522712033995,1189.4135887966004,36.10186,1.1429736131881794,35.393437615063206,36.8102823849368,256.428,31.37629423625423,236.98077135285337,275.8752286471466,290.625,0.0,290.625,290.625,65.625,0.0,65.625,65.625,297.45,17.440326831799908,286.64037343845774,308.25962656154223,92.95312,5.45009982554856,89.57511313089212,96.33112686910788,3061.1,132.50446533356276,2978.9728815230114,3143.2271184769884,3.62839,1.8730518563444942,2.4674604318355993,4.789319568164401,746.65312,22.890426657292533
classical_baseline,event_driven,50,100,100,rician,1.25,10,1.0,0.0,1.0,1.0,1.0,0.0,1.0,1.0,873.2,16.143798258843,863.193970173496,883.206029826504,722.16656,11.561166471251944,715.0008747823246,729.3322452176754,363.07656,6.712591316026912,358.91605279813956,367.2370672018604,243.09,8.928616914169856,237.55598590243935,248.62401409756066,0.0,0.0,0.0,0.0,0.0,0.0,0.0,0.0,0.0,0.0,0.0,0.0,0.0,0.0,0.0,0.0,41310.9,798.5882613156239,40815.9298675875,41805.8701324125,0.2974,0.40756359830910643,0.04478946464197764,0.5500105353580224,0.0,0.0
classical_baseline,periodic,50,100,100,rician,1.25,10,1.0,0.0,1.0,1.0,1.0,0.0,1.0,1.0,1500.0,0.0,1500.0,1500.0,1009.7,0.0,1009.7,1009.7,623.7,0.0,623.7,623.7,270.0,0.0,270.0,270.0,0.0,0.0,0.0,0.0,0.0,0.0,0.0,0.0,0.0,0.0,0.0,0.0,0.0,0.0,0.0,0.0,71787.8,25.724177991402044,71771.85598929587,71803.74401070413,0.2974,0.40756359830910643,0.04478946464197764,0.5500105353580224,0.0,0.0
classical_baseline,distributed_edge,50,100,100,rician,1.5,10,1.0,0.0,1.0,1.0,1.0,0.0,1.0,1.0,873.2,16.143798258843,863.193970173496,883.206029826504,1070.9165600000001,11.561166471251905,1063.7508747823247,1078.0822452176756,363.07656,6.712591316026912,358.91605279813956,367.2370672018604,243.09,8.928616914169856,237.55598590243935,248.62401409756066,348.75,0.0,348.75,348.75,0.0,0.0,0.0,0.0,0.0,0.0,0.0,0.0,0.0,0.0,0.0,0.0,41310.9,798.5882613156239,40815.9298675875,41805.8701324125,0.2934,0.40756359830910643,0.040789464641977635,0.5460105353580224,348.75,0.0
intelligent_dstep,dstep_full,50,100,100,rician,1.5,10,0.99899,0.0031939004367700623,0.9970104000000001,1.0009696000000001,1.0,0.0,1.0,1.0,99.1,3.665151201974256,96.82831574964007,101.37168425035992,1304.5136,59.8057969762872,1267.445582997571,1341.581617002429,36.10186,1.1429736131881794,35.393437615063206,36.8102823849368,256.428,31.37629423625423,236.98077135285337,275.8752286471466,348.75,0.0,348.75,348.75,78.75,0.0,78.75,78.75,356.94,20.9283921981599,343.96844812614927,369.9115518738507,111.54375,6.540122561924969,107.49014003942165,115.59735996057836,3061.1,132.50446533356276,2978.9728815230114,3143.2271184769884,3.62839,1.8730518563444942,2.4674604318355993,4.789319568164401,895.98375,27.468514760084883
classical_baseline,event_driven,50,100,100,rician,1.5,10,1.0,0.0,1.0,1.0,1.0,0.0,1.0,1.0,873.2,16.143798258843,863.193970173496,883.206029826504,722.16656,11.561166471251944,715.0008747823246,729.3322452176754,363.07656,6.712591316026912,358.91605279813956,367.2370672018604,243.09,8.928616914169856,237.55598590243935,248.62401409756066,0.0,0.0,0.0,0.0,0.0,0.0,0.0,0.0,0.0,0.0,0.0,0.0,0.0,0.0,0.0,0.0,41310.9,798.5882613156239,40815.9298675875,41805.8701324125,0.2974,0.40756359830910643,0.04478946464197764,0.5500105353580224,0.0,0.0
classical_baseline,periodic,50,100,100,rician,1.5,10,1.0,0.0,1.0,1.0,1.0,0.0,1.0,1.0,1500.0,0.0,1500.0,1500.0,1009.7,0.0,1009.7,1009.7,623.7,0.0,623.7,623.7,270.0,0.0,270.0,270.0,0.0,0.0,0.0,0.0,0.0,0.0,0.0,0.0,0.0,0.0,0.0,0.0,0.0,0.0,0.0,0.0,71787.8,25.724177991402044,71771.85598929587,71803.74401070413,0.2974,0.40756359830910643,0.04478946464197764,0.5500105353580224,0.0,0.0
classical_baseline,distributed_edge,50,100,100,rician,2.0,10,1.0,0.0,1.0,1.0,1.0,0.0,1.0,1.0,873.2,16.143798258843,863.193970173496,883.206029826504,1187.1665600000001,11.561166471251905,1180.0008747823247,1194.3322452176756,363.07656,6.712591316026912,358.91605279813956,367.2370672018604,243.09,8.928616914169856,237.55598590243935,248.62401409756066,465.0,0.0,465.0,465.0,0.0,0.0,0.0,0.0,0.0,0.0,0.0,0.0,0.0,0.0,0.0,0.0,41310.9,798.5882613156239,40815.9298675875,41805.8701324125,0.2934,0.40756359830910643,0.040789464641977635,0.5460105353580224,465.0,0.0
intelligent_dstep,dstep_full,50,100,100,rician,2.0,10,0.99899,0.0031939004367700623,0.9970104000000001,1.0009696000000001,1.0,0.0,1.0,1.0,99.1,3.665151201974256,96.82831574964007,101.37168425035992,1603.17486,68.96155822108753,1560.4320433853027,1645.9176766146975,36.10186,1.1429736131881794,35.393437615063206,36.8102823849368,256.428,31.37629423625423,236.98077135285337,275.8752286471466,465.0,0.0,465.0,465.0,105.0,0.0,105.0,105.0,475.92,27.904522930879867,458.6245975015324,493.21540249846765,148.725,8.720163415899954,143.32018671922887,154.12981328077112,3061.1,132.50446533356276,2978.9728815230114,3143.2271184769884,3.62839,1.8730518563444942,2.4674604318355993,4.789319568164401,1194.645,36.624686346779825
classical_baseline,event_driven,50,100,100,rician,2.0,10,1.0,0.0,1.0,1.0,1.0,0.0,1.0,1.0,873.2,16.143798258843,863.193970173496,883.206029826504,722.16656,11.561166471251944,715.0008747823246,729.3322452176754,363.07656,6.712591316026912,358.91605279813956,367.2370672018604,243.09,8.928616914169856,237.55598590243935,248.62401409756066,0.0,0.0,0.0,0.0,0.0,0.0,0.0,0.0,0.0,0.0,0.0,0.0,0.0,0.0,0.0,0.0,41310.9,798.5882613156239,40815.9298675875,41805.8701324125,0.2974,0.40756359830910643,0.04478946464197764,0.5500105353580224,0.0,0.0
classical_baseline,periodic,50,100,100,rician,2.0,10,1.0,0.0,1.0,1.0,1.0,0.0,1.0,1.0,1500.0,0.0,1500.0,1500.0,1009.7,0.0,1009.7,1009.7,623.7,0.0,623.7,623.7,270.0,0.0,270.0,270.0,0.0,0.0,0.0,0.0,0.0,0.0,0.0,0.0,0.0,0.0,0.0,0.0,0.0,0.0,0.0,0.0,71787.8,25.724177991402044,71771.85598929587,71803.74401070413,0.2974,0.40756359830910643,0.04478946464197764,0.5500105353580224,0.0,0.0
classical_baseline,distributed_edge,50,100,100,rician,3.0,10,1.0,0.0,1.0,1.0,1.0,0.0,1.0,1.0,873.2,16.143798258843,863.193970173496,883.206029826504,1419.6665600000001,11.561166471251905,1412.5008747823247,1426.8322452176756,363.07656,6.712591316026912,358.91605279813956,367.2370672018604,243.09,8.928616914169856,237.55598590243935,248.62401409756066,697.5,0.0,697.5,697.5,0.0,0.0,0.0,0.0,0.0,0.0,0.0,0.0,0.0,0.0,0.0,0.0,41310.9,798.5882613156239,40815.9298675875,41805.8701324125,0.2934,0.40756359830910643,0.040789464641977635,0.5460105353580224,697.5,0.0
intelligent_dstep,dstep_full,50,100,100,rician,3.0,10,0.99899,0.0031939004367700623,0.9970104000000001,1.0009696000000001,1.0,0.0,1.0,1.0,99.1,3.665151201974256,96.82831574964007,101.37168425035992,2200.49734,87.27334316861656,2146.4047614876563,2254.5899185123435,36.10186,1.1429736131881794,35.393437615063206,36.8102823849368,256.428,31.37629423625423,236.98077135285337,275.8752286471466,697.5,0.0,697.5,697.5,157.5,0.0,157.5,157.5,713.88,41.8567843963198,687.9368962522985,739.8231037477015,223.0875,13.080245123849938,214.9802800788433,231.19471992115672,3061.1,132.50446533356276,2978.9728815230114,3143.2271184769884,3.62839,1.8730518563444942,2.4674604318355993,4.789319568164401,1791.9675,54.937029520169766
classical_baseline,event_driven,50,100,100,rician,3.0,10,1.0,0.0,1.0,1.0,1.0,0.0,1.0,1.0,873.2,16.143798258843,863.193970173496,883.206029826504,722.16656,11.561166471251944,715.0008747823246,729.3322452176754,363.07656,6.712591316026912,358.91605279813956,367.2370672018604,243.09,8.928616914169856,237.55598590243935,248.62401409756066,0.0,0.0,0.0,0.0,0.0,0.0,0.0,0.0,0.0,0.0,0.0,0.0,0.0,0.0,0.0,0.0,41310.9,798.5882613156239,40815.9298675875,41805.8701324125,0.2974,0.40756359830910643,0.04478946464197764,0.5500105353580224,0.0,0.0
classical_baseline,periodic,50,100,100,rician,3.0,10,1.0,0.0,1.0,1.0,1.0,0.0,1.0,1.0,1500.0,0.0,1500.0,1500.0,1009.7,0.0,1009.7,1009.7,623.7,0.0,623.7,623.7,270.0,0.0,270.0,270.0,0.0,0.0,0.0,0.0,0.0,0.0,0.0,0.0,0.0,0.0,0.0,0.0,0.0,0.0,0.0,0.0,71787.8,25.724177991402044,71771.85598929587,71803.74401070413,0.2974,0.40756359830910643,0.04478946464197764,0.5500105353580224,0.0,0.0
classical_baseline,distributed_edge,50,100,100,rician,4.0,10,1.0,0.0,1.0,1.0,1.0,0.0,1.0,1.0,873.2,16.143798258843,863.193970173496,883.206029826504,1652.1665600000001,11.561166471251905,1645.0008747823247,1659.3322452176756,363.07656,6.712591316026912,358.91605279813956,367.2370672018604,243.09,8.928616914169856,237.55598590243935,248.62401409756066,930.0,0.0,930.0,930.0,0.0,0.0,0.0,0.0,0.0,0.0,0.0,0.0,0.0,0.0,0.0,0.0,41310.9,798.5882613156239,40815.9298675875,41805.8701324125,0.2934,0.40756359830910643,0.040789464641977635,0.5460105353580224,930.0,0.0
intelligent_dstep,dstep_full,50,100,100,rician,4.0,10,0.99899,0.0031939004367700623,0.9970104000000001,1.0009696000000001,1.0,0.0,1.0,1.0,99.1,3.665151201974256,96.82831574964007,101.37168425035992,2797.81985,105.58530169258358,2732.377402006219,2863.2622979937805,36.10186,1.1429736131881794,35.393437615063206,36.8102823849368,256.428,31.37629423625423,236.98077135285337,275.8752286471466,930.0,0.0,930.0,930.0,210.0,0.0,210.0,210.0,951.84,55.809045861759735,917.2491950030648,986.4308049969353,297.45,17.440326831799908,286.64037343845774,308.25962656154223,3061.1,132.50446533356276,2978.9728815230114,3143.2271184769884,3.62839,1.8730518563444942,2.4674604318355993,4.789319568164401,2389.29,73.24937269355965
classical_baseline,event_driven,50,100,100,rician,4.0,10,1.0,0.0,1.0,1.0,1.0,0.0,1.0,1.0,873.2,16.143798258843,863.193970173496,883.206029826504,722.16656,11.561166471251944,715.0008747823246,729.3322452176754,363.07656,6.712591316026912,358.91605279813956,367.2370672018604,243.09,8.928616914169856,237.55598590243935,248.62401409756066,0.0,0.0,0.0,0.0,0.0,0.0,0.0,0.0,0.0,0.0,0.0,0.0,0.0,0.0,0.0,0.0,41310.9,798.5882613156239,40815.9298675875,41805.8701324125,0.2974,0.40756359830910643,0.04478946464197764,0.5500105353580224,0.0,0.0
classical_baseline,periodic,50,100,100,rician,4.0,10,1.0,0.0,1.0,1.0,1.0,0.0,1.0,1.0,1500.0,0.0,1500.0,1500.0,1009.7,0.0,1009.7,1009.7,623.7,0.0,623.7,623.7,270.0,0.0,270.0,270.0,0.0,0.0,0.0,0.0,0.0,0.0,0.0,0.0,0.0,0.0,0.0,0.0,0.0,0.0,0.0,0.0,71787.8,25.724177991402044,71771.85598929587,71803.74401070413,0.2974,0.40756359830910643,0.04478946464197764,0.5500105353580224,0.0,0.0
classical_baseline,distributed_edge,100,100,100,log_normal,0.1,10,1.0,0.0,1.0,1.0,0.998,0.004216370213557843,0.9953866666666666,1.0006133333333334,1729.6,25.060814919799483,1714.0671459873665,1745.1328540126333,1517.18368,17.160565127757298,1506.5474515390833,1527.8199084609168,719.16768,10.420286843652626,712.709119301547,725.626240698453,519.516,10.269223923938943,513.15106906922,525.88093093078,46.5,0.0,46.5,46.5,0.0,0.0,0.0,0.0,0.0,0.0,0.0,0.0,0.0,0.0,0.0,0.0,168326.7,2462.1727554698064,166800.62951558092,169852.7704844191,0.49454,0.30839645912364166,0.3033938943003023,0.6856861056996977,46.5,0.0
intelligent_dstep,dstep_full,100,100,100,log_normal,0.1,10,1.0,0.0,1.0,1.0,1.0,0.0,1.0,1.0,202.0,2.260776661041756,200.5987561081509,203.4012438918491,1185.13268,52.79822826951255,1152.4079990803825,1217.8573609196173,73.38873,0.7050428608720627,72.95173990747419,73.8257200925258,746.64,49.652166115890644,715.865268605299,777.414731394701,46.5,0.0,46.5,46.5,10.5,0.0,10.5,10.5,57.984,2.206762938484029,56.61623416023551,59.3517658397645,18.12,0.6896134182762594,17.692573175073598,18.547426824926404,14920.2,295.1390632679223,14737.270913382627,15103.129086617375,5.08692,1.4062089040316086,4.215342691461193,5.958497308538807,133.104,2.8963763567602907
classical_baseline,event_driven,100,100,100,log_normal,0.1,10,1.0,0.0,1.0,1.0,0.998,0.004216370213557843,0.9953866666666666,1.0006133333333334,1729.6,25.060814919799483,1714.0671459873665,1745.1328540126333,1470.68368,17.160565127757298,1460.0474515390833,1481.3199084609168,719.16768,10.420286843652626,712.709119301547,725.626240698453,519.516,10.269223923938943,513.15106906922,525.88093093078,0.0,0.0,0.0,0.0,0.0,0.0,0.0,0.0,0.0,0.0,0.0,0.0,0.0,0.0,0.0,0.0,168326.7,2462.1727554698064,166800.62951558092,169852.7704844191,0.49854,0.30839645912364166,0.3073938943003023,0.6896861056996977,0.0,0.0
classical_baseline,periodic,100,100,100,log_normal,0.1,10,1.0,0.0,1.0,1.0,0.998,0.004216370213557843,0.9953866666666666,1.0006133333333334,3000.0,0.0,3000.0,3000.0,2019.4,0.0,2019.4,2019.4,1247.4,0.0,1247.4,1247.4,540.0,0.0,540.0,540.0,0.0,0.0,0.0,0.0,0.0,0.0,0.0,0.0,0.0,0.0,0.0,0.0,0.0,0.0,0.0,0.0,293981.7,11.392492654765633,293974.6388598969,293988.7611401031,0.49854,0.30839645912364166,0.3073938943003023,0.6896861056996977,0.0,0.0
classical_baseline,distributed_edge,100,100,100,log_normal,0.25,10,1.0,0.0,1.0,1.0,0.998,0.004216370213557843,0.9953866666666666,1.0006133333333334,1729.6,25.060814919799483,1714.0671459873665,1745.1328540126333,1586.93368,17.160565127757298,1576.2974515390833,1597.5699084609168,719.16768,10.420286843652626,712.709119301547,725.626240698453,519.516,10.269223923938943,513.15106906922,525.88093093078,116.25,0.0,116.25,116.25,0.0,0.0,0.0,0.0,0.0,0.0,0.0,0.0,0.0,0.0,0.0,0.0,168326.7,2462.1727554698064,166800.62951558092,169852.7704844191,0.49454,0.30839645912364166,0.3033938943003023,0.6856861056996977,116.25,0.0
intelligent_dstep,dstep_full,100,100,100,log_normal,0.25,10,1.0,0.0,1.0,1.0,1.0,0.0,1.0,1.0,202.0,2.260776661041756,200.5987561081509,203.4012438918491,1384.78868,57.1425185617855,1349.3713800608366,1420.2059799391636,73.38873,0.7050428608720627,72.95173990747419,73.8257200925258,746.64,49.652166115890644,715.865268605299,777.414731394701,116.25,0.0,116.25,116.25,26.25,0.0,26.25,26.25,144.96,5.5169073462100755,141.54058540058878,148.37941459941123,45.29998,1.7240214214961989,44.23142045233756,46.36853954766244,14920.2,295.1390632679223,14737.270913382627,15103.129086617375,5.08692,1.4062089040316086,4.215342691461193,5.958497308538807,332.75998,7.240928767591458
classical_baseline,event_driven,100,100,100,log_normal,0.25,10,1.0,0.0,1.0,1.0,0.998,0.004216370213557843,0.9953866666666666,1.0006133333333334,1729.6,25.060814919799483,1714.0671459873665,1745.1328540126333,1470.68368,17.160565127757298,1460.0474515390833,1481.3199084609168,719.16768,10.420286843652626,712.709119301547,725.626240698453,519.516,10.269223923938943,513.15106906922,525.88093093078,0.0,0.0,0.0,0.0,0.0,0.0,0.0,0.0,0.0,0.0,0.0,0.0,0.0,0.0,0.0,0.0,168326.7,2462.1727554698064,166800.62951558092,169852.7704844191,0.49854,0.30839645912364166,0.3073938943003023,0.6896861056996977,0.0,0.0
classical_baseline,periodic,100,100,100,log_normal,0.25,10,1.0,0.0,1.0,1.0,0.998,0.004216370213557843,0.9953866666666666,1.0006133333333334,3000.0,0.0,3000.0,3000.0,2019.4,0.0,2019.4,2019.4,1247.4,0.0,1247.4,1247.4,540.0,0.0,540.0,540.0,0.0,0.0,0.0,0.0,0.0,0.0,0.0,0.0,0.0,0.0,0.0,0.0,0.0,0.0,0.0,0.0,293981.7,11.392492654765633,293974.6388598969,293988.7611401031,0.49854,0.30839645912364166,0.3073938943003023,0.6896861056996977,0.0,0.0
classical_baseline,distributed_edge,100,100,100,log_normal,0.5,10,1.0,0.0,1.0,1.0,0.998,0.004216370213557843,0.9953866666666666,1.0006133333333334,1729.6,25.060814919799483,1714.0671459873665,1745.1328540126333,1703.18368,17.160565127757298,1692.5474515390833,1713.8199084609168,719.16768,10.420286843652626,712.709119301547,725.626240698453,519.516,10.269223923938943,513.15106906922,525.88093093078,232.5,0.0,232.5,232.5,0.0,0.0,0.0,0.0,0.0,0.0,0.0,0.0,0.0,0.0,0.0,0.0,168326.7,2462.1727554698064,166800.62951558092,169852.7704844191,0.49454,0.30839645912364166,0.3033938943003023,0.6856861056996977,232.5,0.0
intelligent_dstep,dstep_full,100,100,100,log_normal,0.5,10,1.0,0.0,1.0,1.0,1.0,0.0,1.0,1.0,202.0,2.260776661041756,200.5987561081509,203.4012438918491,1717.54867,64.38300939944484,1677.643667345618,1757.4536726543818,73.38873,0.7050428608720627,72.95173990747419,73.8257200925258,746.64,49.652166115890644,715.865268605299,777.414731394701,232.5,0.0,232.5,232.5,52.5,0.0,52.5,52.5,289.92,11.033814692420151,283.08117080117756,296.75882919882247,90.6,3.448067091381294,88.46286587536798,92.73713412463201,14920.2,295.1390632679223,14737.270913382627,15103.129086617375,5.08692,1.4062089040316086,4.215342691461193,5.958497308538807,665.52,14.481881783801462
classical_baseline,event_driven,100,100,100,log_normal,0.5,10,1.0,0.0,1.0,1.0,0.998,0.004216370213557843,0.9953866666666666,1.0006133333333334,1729.6,25.060814919799483,1714.0671459873665,1745.1328540126333,1470.68368,17.160565127757298,1460.0474515390833,1481.3199084609168,719.16768,10.420286843652626,712.709119301547,725.626240698453,519.516,10.269223923938943,513.15106906922,525.88093093078,0.0,0.0,0.0,0.0,0.0,0.0,0.0,0.0,0.0,0.0,0.0,0.0,0.0,0.0,0.0,0.0,168326.7,2462.1727554698064,166800.62951558092,169852.7704844191,0.49854,0.30839645912364166,0.3073938943003023,0.6896861056996977,0.0,0.0
classical_baseline,periodic,100,100,100,log_normal,0.5,10,1.0,0.0,1.0,1.0,0.998,0.004216370213557843,0.9953866666666666,1.0006133333333334,3000.0,0.0,3000.0,3000.0,2019.4,0.0,2019.4,2019.4,1247.4,0.0,1247.4,1247.4,540.0,0.0,540.0,540.0,0.0,0.0,0.0,0.0,0.0,0.0,0.0,0.0,0.0,0.0,0.0,0.0,0.0,0.0,0.0,0.0,293981.7,11.392492654765633,293974.6388598969,293988.7611401031,0.49854,0.30839645912364166,0.3073938943003023,0.6896861056996977,0.0,0.0
classical_baseline,distributed_edge,100,100,100,log_normal,0.75,10,1.0,0.0,1.0,1.0,0.998,0.004216370213557843,0.9953866666666666,1.0006133333333334,1729.6,25.060814919799483,1714.0671459873665,1745.1328540126333,1819.43368,17.160565127757298,1808.7974515390833,1830.0699084609168,719.16768,10.420286843652626,712.709119301547,725.626240698453,519.516,10.269223923938943,513.15106906922,525.88093093078,348.75,0.0,348.75,348.75,0.0,0.0,0.0,0.0,0.0,0.0,0.0,0.0,0.0,0.0,0.0,0.0,168326.7,2462.1727554698064,166800.62951558092,169852.7704844191,0.49454,0.30839645912364166,0.3033938943003023,0.6856861056996977,348.75,0.0
intelligent_dstep,dstep_full,100,100,100,log_normal,0.75,10,1.0,0.0,1.0,1.0,1.0,0.0,1.0,1.0,202.0,2.260776661041756,200.5987561081509,203.4012438918491,2050.30869,71.62360768155283,2005.9159180356403,2094.7014619643596,73.38873,0.7050428608720627,72.95173990747419,73.8257200925258,746.64,49.652166115890644,715.865268605299,777.414731394701,348.75,0.0,348.75,348.75,78.75,0.0,78.75,78.75,434.88,16.550722038630223,424.6217562017663,445.1382437982337,135.90002,5.172112761467341,132.69431129827387,139.10572870172615,14920.2,295.1390632679223,14737.270913382627,15103.129086617375,5.08692,1.4062089040316086,4.215342691461193,5.958497308538807,998.28002,21.722834800059225
classical_baseline,event_driven,100,100,100,log_normal,0.75,10,1.0,0.0,1.0,1.0,0.998,0.004216370213557843,0.9953866666666666,1.0006133333333334,1729.6,25.060814919799483,1714.0671459873665,1745.1328540126333,1470.68368,17.160565127757298,1460.0474515390833,1481.3199084609168,719.16768,10.420286843652626,712.709119301547,725.626240698453,519.516,10.269223923938943,513.15106906922,525.88093093078,0.0,0.0,0.0,0.0,0.0,0.0,0.0,0.0,0.0,0.0,0.0,0.0,0.0,0.0,0.0,0.0,168326.7,2462.1727554698064,166800.62951558092,169852.7704844191,0.49854,0.30839645912364166,0.3073938943003023,0.6896861056996977,0.0,0.0
classical_baseline,periodic,100,100,100,log_normal,0.75,10,1.0,0.0,1.0,1.0,0.998,0.004216370213557843,0.9953866666666666,1.0006133333333334,3000.0,0.0,3000.0,3000.0,2019.4,0.0,2019.4,2019.4,1247.4,0.0,1247.4,1247.4,540.0,0.0,540.0,540.0,0.0,0.0,0.0,0.0,0.0,0.0,0.0,0.0,0.0,0.0,0.0,0.0,0.0,0.0,0.0,0.0,293981.7,11.392492654765633,293974.6388598969,293988.7611401031,0.49854,0.30839645912364166,0.3073938943003023,0.6896861056996977,0.0,0.0
classical_baseline,distributed_edge,100,100,100,log_normal,1.0,10,1.0,0.0,1.0,1.0,0.998,0.004216370213557843,0.9953866666666666,1.0006133333333334,1729.6,25.060814919799483,1714.0671459873665,1745.1328540126333,1935.68368,17.160565127757298,1925.0474515390833,1946.3199084609168,719.16768,10.420286843652626,712.709119301547,725.626240698453,519.516,10.269223923938943,513.15106906922,525.88093093078,465.0,0.0,465.0,465.0,0.0,0.0,0.0,0.0,0.0,0.0,0.0,0.0,0.0,0.0,0.0,0.0,168326.7,2462.1727554698064,166800.62951558092,169852.7704844191,0.49454,0.30839645912364166,0.3033938943003023,0.6856861056996977,465.0,0.0
intelligent_dstep,dstep_full,100,100,100,log_normal,1.0,10,1.0,0.0,1.0,1.0,1.0,0.0,1.0,1.0,202.0,2.260776661041756,200.5987561081509,203.4012438918491,2383.06868,78.86424840445481,2334.188112420586,2431.9492475794136,73.38873,0.7050428608720627,72.95173990747419,73.8257200925258,746.64,49.652166115890644,715.865268605299,777.414731394701,465.0,0.0,465.0,465.0,105.0,0.0,105.0,105.0,579.84,22.067629384840302,566.1623416023551,593.5176583976449,181.2,6.896134182762588,176.92573175073596,185.47426824926401,14920.2,295.1390632679223,14737.270913382627,15103.129086617375,5.08692,1.4062089040316086,4.215342691461193,5.958497308538807,1331.04,28.963763567602925
classical_baseline,event_driven,100,100,100,log_normal,1.0,10,1.0,0.0,1.0,1.0,0.998,0.004216370213557843,0.9953866666666666,1.0006133333333334,1729.6,25.060814919799483,1714.0671459873665,1745.1328540126333,1470.68368,17.160565127757298,1460.0474515390833,1481.3199084609168,719.16768,10.420286843652626,712.709119301547,725.626240698453,519.516,10.269223923938943,513.15106906922,525.88093093078,0.0,0.0,0.0,0.0,0.0,0.0,0.0,0.0,0.0,0.0,0.0,0.0,0.0,0.0,0.0,0.0,168326.7,2462.1727554698064,166800.62951558092,169852.7704844191,0.49854,0.30839645912364166,0.3073938943003023,0.6896861056996977,0.0,0.0
classical_baseline,periodic,100,100,100,log_normal,1.0,10,1.0,0.0,1.0,1.0,0.998,0.004216370213557843,0.9953866666666666,1.0006133333333334,3000.0,0.0,3000.0,3000.0,2019.4,0.0,2019.4,2019.4,1247.4,0.0,1247.4,1247.4,540.0,0.0,540.0,540.0,0.0,0.0,0.0,0.0,0.0,0.0,0.0,0.0,0.0,0.0,0.0,0.0,0.0,0.0,0.0,0.0,293981.7,11.392492654765633,293974.6388598969,293988.7611401031,0.49854,0.30839645912364166,0.3073938943003023,0.6896861056996977,0.0,0.0
classical_baseline,distributed_edge,100,100,100,log_normal,1.25,10,1.0,0.0,1.0,1.0,0.998,0.004216370213557843,0.9953866666666666,1.0006133333333334,1729.6,25.060814919799483,1714.0671459873665,1745.1328540126333,2051.93368,17.160565127757284,2041.2974515390833,2062.569908460917,719.16768,10.420286843652626,712.709119301547,725.626240698453,519.516,10.269223923938943,513.15106906922,525.88093093078,581.25,0.0,581.25,581.25,0.0,0.0,0.0,0.0,0.0,0.0,0.0,0.0,0.0,0.0,0.0,0.0,168326.7,2462.1727554698064,166800.62951558092,169852.7704844191,0.49454,0.30839645912364166,0.3033938943003023,0.6856861056996977,581.25,0.0
intelligent_dstep,dstep_full,100,100,100,log_normal,1.25,10,1.0,0.0,1.0,1.0,1.0,0.0,1.0,1.0,202.0,2.260776661041756,200.5987561081509,203.4012438918491,2715.82868,86.10499663153892,2662.4602501737495,2769.1971098262507,73.38873,0.7050428608720627,72.95173990747419,73.8257200925258,746.64,49.652166115890644,715.865268605299,777.414731394701,581.25,0.0,581.25,581.25,131.25,0.0,131.25,131.25,724.8,27.584536731050353,707.7029270029439,741.8970729970561,226.49999,8.620172159333915,221.15715194213166,231.84282805786833,14920.2,295.1390632679223,14737.270913382627,15103.129086617375,5.08692,1.4062089040316086,4.215342691461193,5.958497308538807,1663.79999,36.20470889034097
classical_baseline,event_driven,100,100,100,log_normal,1.25,10,1.0,0.0,1.0,1.0,0.998,0.004216370213557843,0.9953866666666666,1.0006133333333334,1729.6,25.060814919799483,1714.0671459873665,1745.1328540126333,1470.68368,17.160565127757298,1460.0474515390833,1481.3199084609168,719.16768,10.420286843652626,712.709119301547,725.626240698453,519.516,10.269223923938943,513.15106906922,525.88093093078,0.0,0.0,0.0,0.0,0.0,0.0,0.0,0.0,0.0,0.0,0.0,0.0,0.0,0.0,0.0,0.0,168326.7,2462.1727554698064,166800.62951558092,169852.7704844191,0.49854,0.30839645912364166,0.3073938943003023,0.6896861056996977,0.0,0.0
classical_baseline,periodic,100,100,100,log_normal,1.25,10,1.0,0.0,1.0,1.0,0.998,0.004216370213557843,0.9953866666666666,1.0006133333333334,3000.0,0.0,3000.0,3000.0,2019.4,0.0,2019.4,2019.4,1247.4,0.0,1247.4,1247.4,540.0,0.0,540.0,540.0,0.0,0.0,0.0,0.0,0.0,0.0,0.0,0.0,0.0,0.0,0.0,0.0,0.0,0.0,0.0,0.0,293981.7,11.392492654765633,293974.6388598969,293988.7611401031,0.49854,0.30839645912364166,0.3073938943003023,0.6896861056996977,0.0,0.0
classical_baseline,distributed_edge,100,100,100,log_normal,1.5,10,1.0,0.0,1.0,1.0,0.998,0.004216370213557843,0.9953866666666666,1.0006133333333334,1729.6,25.060814919799483,1714.0671459873665,1745.1328540126333,2168.18368,17.160565127757334,2157.5474515390833,2178.819908460917,719.16768,10.420286843652626,712.709119301547,725.626240698453,519.516,10.269223923938943,513.15106906922,525.88093093078,697.5,0.0,697.5,697.5,0.0,0.0,0.0,0.0,0.0,0.0,0.0,0.0,0.0,0.0,0.0,0.0,168326.7,2462.1727554698064,166800.62951558092,169852.7704844191,0.49454,0.30839645912364166,0.3033938943003023,0.6856861056996977,697.5,0.0
intelligent_dstep,dstep_full,100,100,100,log_normal,1.5,10,1.0,0.0,1.0,1.0,1.0,0.0,1.0,1.0,202.0,2.260776661041756,200.5987561081509,203.4012438918491,3048.58868,93.3457006137198,2990.7324153501877,3106.444944649812,73.38873,0.7050428608720627,72.95173990747419,73.8257200925258,746.64,49.652166115890644,715.865268605299,777.414731394701,697.5,0.0,697.5,697.5,157.5,0.0,157.5,157.5,869.76,33.101444077260446,849.2435124035326,890.2764875964674,271.8,10.344201274143886,265.38859762610394,278.2114023738961,14920.2,295.1390632679223,14737.270913382627,15103.129086617375,5.08692,1.4062089040316086,4.215342691461193,5.958497308538807,1996.56,43.44564535140428
classical_baseline,event_driven,100,100,100,log_normal,1.5,10,1.0,0.0,1.0,1.0,0.998,0.004216370213557843,0.9953866666666666,1.0006133333333334,1729.6,25.060814919799483,1714.0671459873665,1745.1328540126333,1470.68368,17.160565127757298,1460.0474515390833,1481.3199084609168,719.16768,10.420286843652626,712.709119301547,725.626240698453,519.516,10.269223923938943,513.15106906922,525.88093093078,0.0,0.0,0.0,0.0,0.0,0.0,0.0,0.0,0.0,0.0,0.0,0.0,0.0,0.0,0.0,0.0,168326.7,2462.1727554698064,166800.62951558092,169852.7704844191,0.49854,0.30839645912364166,0.3073938943003023,0.6896861056996977,0.0,0.0
classical_baseline,periodic,100,100,100,log_normal,1.5,10,1.0,0.0,1.0,1.0,0.998,0.004216370213557843,0.9953866666666666,1.0006133333333334,3000.0,0.0,3000.0,3000.0,2019.4,0.0,2019.4,2019.4,1247.4,0.0,1247.4,1247.4,540.0,0.0,540.0,540.0,0.0,0.0,0.0,0.0,0.0,0.0,0.0,0.0,0.0,0.0,0.0,0.0,0.0,0.0,0.0,0.0,293981.7,11.392492654765633,293974.6388598969,293988.7611401031,0.49854,0.30839645912364166,0.3073938943003023,0.6896861056996977,0.0,0.0
classical_baseline,distributed_edge,100,100,100,log_normal,2.0,10,1.0,0.0,1.0,1.0,0.998,0.004216370213557843,0.9953866666666666,1.0006133333333334,1729.6,25.060814919799483,1714.0671459873665,1745.1328540126333,2400.68368,17.160565127757334,2390.0474515390833,2411.319908460917,719.16768,10.420286843652626,712.709119301547,725.626240698453,519.516,10.269223923938943,513.15106906922,525.88093093078,930.0,0.0,930.0,930.0,0.0,0.0,0.0,0.0,0.0,0.0,0.0,0.0,0.0,0.0,0.0,0.0,168326.7,2462.1727554698064,166800.62951558092,169852.7704844191,0.49454,0.30839645912364166,0.3033938943003023,0.6856861056996977,930.0,0.0
intelligent_dstep,dstep_full,100,100,100,log_normal,2.0,10,1.0,0.0,1.0,1.0,1.0,0.0,1.0,1.0,202.0,2.260776661041756,200.5987561081509,203.4012438918491,3714.10871,107.82726399068348,3647.2766793773358,3780.940740622664,73.38873,0.7050428608720627,72.95173990747419,73.8257200925258,746.64,49.652166115890644,715.865268605299,777.414731394701,930.0,0.0,930.0,930.0,210.0,0.0,210.0,210.0,1159.68,44.135258769680604,1132.3246832047103,1187.0353167952899,362.4,13.792268365525176,353.8514635014719,370.94853649852803,14920.2,295.1390632679223,14737.270913382627,15103.129086617375,5.08692,1.4062089040316086,4.215342691461193,5.958497308538807,2662.08,57.92752713520585
classical_baseline,event_driven,100,100,100,log_normal,2.0,10,1.0,0.0,1.0,1.0,0.998,0.004216370213557843,0.9953866666666666,1.0006133333333334,1729.6,25.060814919799483,1714.0671459873665,1745.1328540126333,1470.68368,17.160565127757298,1460.0474515390833,1481.3199084609168,719.16768,10.420286843652626,712.709119301547,725.626240698453,519.516,10.269223923938943,513.15106906922,525.88093093078,0.0,0.0,0.0,0.0,0.0,0.0,0.0,0.0,0.0,0.0,0.0,0.0,0.0,0.0,0.0,0.0,168326.7,2462.1727554698064,166800.62951558092,169852.7704844191,0.49854,0.30839645912364166,0.3073938943003023,0.6896861056996977,0.0,0.0
classical_baseline,periodic,100,100,100,log_normal,2.0,10,1.0,0.0,1.0,1.0,0.998,0.004216370213557843,0.9953866666666666,1.0006133333333334,3000.0,0.0,3000.0,3000.0,2019.4,0.0,2019.4,2019.4,1247.4,0.0,1247.4,1247.4,540.0,0.0,540.0,540.0,0.0,0.0,0.0,0.0,0.0,0.0,0.0,0.0,0.0,0.0,0.0,0.0,0.0,0.0,0.0,0.0,293981.7,11.392492654765633,293974.6388598969,293988.7611401031,0.49854,0.30839645912364166,0.3073938943003023,0.6896861056996977,0.0,0.0
classical_baseline,distributed_edge,100,100,100,log_normal,3.0,10,1.0,0.0,1.0,1.0,0.998,0.004216370213557843,0.9953866666666666,1.0006133333333334,1729.6,25.060814919799483,1714.0671459873665,1745.1328540126333,2865.68368,17.160565127757334,2855.0474515390833,2876.319908460917,719.16768,10.420286843652626,712.709119301547,725.626240698453,519.516,10.269223923938943,513.15106906922,525.88093093078,1395.0,0.0,1395.0,1395.0,0.0,0.0,0.0,0.0,0.0,0.0,0.0,0.0,0.0,0.0,0.0,0.0,168326.7,2462.1727554698064,166800.62951558092,169852.7704844191,0.49454,0.30839645912364166,0.3033938943003023,0.6856861056996977,1395.0,0.0
intelligent_dstep,dstep_full,100,100,100,log_normal,3.0,10,1.0,0.0,1.0,1.0,1.0,0.0,1.0,1.0,202.0,2.260776661041756,200.5987561081509,203.4012438918491,5045.14868,136.7906029779321,4960.364985888057,5129.932374111943,73.38873,0.7050428608720627,72.95173990747419,73.8257200925258,746.64,49.652166115890644,715.865268605299,777.414731394701,1395.0,0.0,1395.0,1395.0,315.0,0.0,315.0,315.0,1739.52,66.20288815452089,1698.4870248070652,1780.5529751929348,543.6,20.688402548287772,530.7771952522079,556.4228047477922,14920.2,295.1390632679223,14737.270913382627,15103.129086617375,5.08692,1.4062089040316086,4.215342691461193,5.958497308538807,3993.12,86.89129070280856
classical_baseline,event_driven,100,100,100,log_normal,3.0,10,1.0,0.0,1.0,1.0,0.998,0.004216370213557843,0.9953866666666666,1.0006133333333334,1729.6,25.060814919799483,1714.0671459873665,1745.1328540126333,1470.68368,17.160565127757298,1460.0474515390833,1481.3199084609168,719.16768,10.420286843652626,712.709119301547,725.626240698453,519.516,10.269223923938943,513.15106906922,525.88093093078,0.0,0.0,0.0,0.0,0.0,0.0,0.0,0.0,0.0,0.0,0.0,0.0,0.0,0.0,0.0,0.0,168326.7,2462.1727554698064,166800.62951558092,169852.7704844191,0.49854,0.30839645912364166,0.3073938943003023,0.6896861056996977,0.0,0.0
classical_baseline,periodic,100,100,100,log_normal,3.0,10,1.0,0.0,1.0,1.0,0.998,0.004216370213557843,0.9953866666666666,1.0006133333333334,3000.0,0.0,3000.0,3000.0,2019.4,0.0,2019.4,2019.4,1247.4,0.0,1247.4,1247.4,540.0,0.0,540.0,540.0,0.0,0.0,0.0,0.0,0.0,0.0,0.0,0.0,0.0,0.0,0.0,0.0,0.0,0.0,0.0,0.0,293981.7,11.392492654765633,293974.6388598969,293988.7611401031,0.49854,0.30839645912364166,0.3073938943003023,0.6896861056996977,0.0,0.0
classical_baseline,distributed_edge,100,100,100,log_normal,4.0,10,1.0,0.0,1.0,1.0,0.998,0.004216370213557843,0.9953866666666666,1.0006133333333334,1729.6,25.060814919799483,1714.0671459873665,1745.1328540126333,3330.68368,17.160565127757334,3320.0474515390833,3341.319908460917,719.16768,10.420286843652626,712.709119301547,725.626240698453,519.516,10.269223923938943,513.15106906922,525.88093093078,1860.0,0.0,1860.0,1860.0,0.0,0.0,0.0,0.0,0.0,0.0,0.0,0.0,0.0,0.0,0.0,0.0,168326.7,2462.1727554698064,166800.62951558092,169852.7704844191,0.49454,0.30839645912364166,0.3033938943003023,0.6856861056996977,1860.0,0.0
intelligent_dstep,dstep_full,100,100,100,log_normal,4.0,10,1.0,0.0,1.0,1.0,1.0,0.0,1.0,1.0,202.0,2.260776661041756,200.5987561081509,203.4012438918491,6376.18873,165.75411831616438,6273.453263095305,6478.924196904694,73.38873,0.7050428608720627,72.95173990747419,73.8257200925258,746.64,49.652166115890644,715.865268605299,777.414731394701,1860.0,0.0,1860.0,1860.0,420.0,0.0,420.0,420.0,2319.36,88.27051753936121,2264.6493664094205,2374.0706335905797,724.8,27.584536731050353,707.7029270029439,741.8970729970561,14920.2,295.1390632679223,14737.270913382627,15103.129086617375,5.08692,1.4062089040316086,4.215342691461193,5.958497308538807,5324.16,115.8550542704117
classical_baseline,event_driven,100,100,100,log_normal,4.0,10,1.0,0.0,1.0,1.0,0.998,0.004216370213557843,0.9953866666666666,1.0006133333333334,1729.6,25.060814919799483,1714.0671459873665,1745.1328540126333,1470.68368,17.160565127757298,1460.0474515390833,1481.3199084609168,719.16768,10.420286843652626,712.709119301547,725.626240698453,519.516,10.269223923938943,513.15106906922,525.88093093078,0.0,0.0,0.0,0.0,0.0,0.0,0.0,0.0,0.0,0.0,0.0,0.0,0.0,0.0,0.0,0.0,168326.7,2462.1727554698064,166800.62951558092,169852.7704844191,0.49854,0.30839645912364166,0.3073938943003023,0.6896861056996977,0.0,0.0
classical_baseline,periodic,100,100,100,log_normal,4.0,10,1.0,0.0,1.0,1.0,0.998,0.004216370213557843,0.9953866666666666,1.0006133333333334,3000.0,0.0,3000.0,3000.0,2019.4,0.0,2019.4,2019.4,1247.4,0.0,1247.4,1247.4,540.0,0.0,540.0,540.0,0.0,0.0,0.0,0.0,0.0,0.0,0.0,0.0,0.0,0.0,0.0,0.0,0.0,0.0,0.0,0.0,293981.7,11.392492654765633,293974.6388598969,293988.7611401031,0.49854,0.30839645912364166,0.3073938943003023,0.6896861056996977,0.0,0.0
classical_baseline,distributed_edge,100,100,100,rician,0.1,10,1.0,0.0,1.0,1.0,0.998,0.004216370213557843,0.9953866666666666,1.0006133333333334,1729.6,25.060814919799483,1714.0671459873665,1745.1328540126333,1517.05768,17.332764404560496,1506.3147213215611,1527.8006386784386,719.16768,10.420286843652626,712.709119301547,725.626240698453,519.39,10.351434683173148,512.9741143127391,525.8058856872609,46.5,0.0,46.5,46.5,0.0,0.0,0.0,0.0,0.0,0.0,0.0,0.0,0.0,0.0,0.0,0.0,167837.5,2469.352153006038,166306.97967888621,169368.02032111379,0.49454,0.30839645912364166,0.3033938943003023,0.6856861056996977,46.5,0.0
intelligent_dstep,dstep_full,100,100,100,rician,0.1,10,1.0,0.0,1.0,1.0,1.0,0.0,1.0,1.0,202.5,2.3213980461973533,201.0611825843577,203.9388174156423,1171.17256,56.234008185877435,1136.3183606257264,1206.0267593742735,73.54464,0.7239459298409858,73.09593366394323,73.99334633605677,733.302,52.73514994763931,700.6164154293303,765.9875845706697,46.5,0.0,46.5,46.5,10.5,0.0,10.5,10.5,57.3912,2.343784442117301,55.93850735241468,58.843892647585314,17.93475,0.7324326381616567,17.48078354762959,18.388716452370414,14431.6,297.1128479962528,14247.44754893356,14615.75245106644,4.84021,1.3273214911994757,4.01752761650163,5.66289238349837,132.32595,3.0762170802789526
classical_baseline,event_driven,100,100,100,rician,0.1,10,1.0,0.0,1.0,1.0,0.998,0.004216370213557843,0.9953866666666666,1.0006133333333334,1729.6,25.060814919799483,1714.0671459873665,1745.1328540126333,1470.55768,17.332764404560496,1459.8147213215611,1481.3006386784386,719.16768,10.420286843652626,712.709119301547,725.626240698453,519.39,10.351434683173148,512.9741143127391,525.8058856872609,0.0,0.0,0.0,0.0,0.0,0.0,0.0,0.0,0.0,0.0,0.0,0.0,0.0,0.0,0.0,0.0,167837.5,2469.352153006038,166306.97967888621,169368.02032111379,0.49854,0.30839645912364166,0.3073938943003023,0.6896861056996977,0.0,0.0
classical_baseline,periodic,100,100,100,rician,0.1,10,1.0,0.0,1.0,1.0,0.998,0.004216370213557843,0.9953866666666666,1.0006133333333334,3000.0,0.0,3000.0,3000.0,2019.4,0.0,2019.4,2019.4,1247.4,0.0,1247.4,1247.4,540.0,0.0,540.0,540.0,0.0,0.0,0.0,0.0,0.0,0.0,0.0,0.0,0.0,0.0,0.0,0.0,0.0,0.0,0.0,0.0,293089.2,66.31540796325793,293048.09728430706,293130.30271569296,0.49854,0.30839645912364166,0.3073938943003023,0.6896861056996977,0.0,0.0
classical_baseline,distributed_edge,100,100,100,rician,0.25,10,1.0,0.0,1.0,1.0,0.998,0.004216370213557843,0.9953866666666666,1.0006133333333334,1729.6,25.060814919799483,1714.0671459873665,1745.1328540126333,1586.80768,17.332764404560496,1576.0647213215611,1597.5506386784386,719.16768,10.420286843652626,712.709119301547,725.626240698453,519.39,10.351434683173148,512.9741143127391,525.8058856872609,116.25,0.0,116.25,116.25,0.0,0.0,0.0,0.0,0.0,0.0,0.0,0.0,0.0,0.0,0.0,0.0,167837.5,2469.352153006038,166306.97967888621,169368.02032111379,0.49454,0.30839645912364166,0.3033938943003023,0.6856861056996977,116.25,0.0
intelligent_dstep,dstep_full,100,100,100,rician,0.25,10,1.0,0.0,1.0,1.0,1.0,0.0,1.0,1.0,202.5,2.3213980461973533,201.0611825843577,203.9388174156423,1369.66148,60.84812238037695,1331.947423018935,1407.375536981065,73.54464,0.7239459298409858,73.09593366394323,73.99334633605677,733.302,52.73514994763931,700.6164154293303,765.9875845706697,116.25,0.0,116.25,116.25,26.25,0.0,26.25,26.25,143.478,5.859461105293254,139.8462683810367,147.1097316189633,44.83684,1.8310704132343518,43.701930799854615,45.97174920014539,14431.6,297.1128479962528,14247.44754893356,14615.75245106644,4.84021,1.3273214911994757,4.01752761650163,5.66289238349837,330.81484,7.690531518432265
classical_baseline,event_driven,100,100,100,rician,0.25,10,1.0,0.0,1.0,1.0,0.998,0.004216370213557843,0.9953866666666666,1.0006133333333334,1729.6,25.060814919799483,1714.0671459873665,1745.1328540126333,1470.55768,17.332764404560496,1459.8147213215611,1481.3006386784386,719.16768,10.420286843652626,712.709119301547,725.626240698453,519.39,10.351434683173148,512.9741143127391,525.8058856872609,0.0,0.0,0.0,0.0,0.0,0.0,0.0,0.0,0.0,0.0,0.0,0.0,0.0,0.0,0.0,0.0,167837.5,2469.352153006038,166306.97967888621,169368.02032111379,0.49854,0.30839645912364166,0.3073938943003023,0.6896861056996977,0.0,0.0
classical_baseline,periodic,100,100,100,rician,0.25,10,1.0,0.0,1.0,1.0,0.998,0.004216370213557843,0.9953866666666666,1.0006133333333334,3000.0,0.0,3000.0,3000.0,2019.4,0.0,2019.4,2019.4,1247.4,0.0,1247.4,1247.4,540.0,0.0,540.0,540.0,0.0,0.0,0.0,0.0,0.0,0.0,0.0,0.0,0.0,0.0,0.0,0.0,0.0,0.0,0.0,0.0,293089.2,66.31540796325793,293048.09728430706,293130.30271569296,0.49854,0.30839645912364166,0.3073938943003023,0.6896861056996977,0.0,0.0
classical_baseline,distributed_edge,100,100,100,rician,0.5,10,1.0,0.0,1.0,1.0,0.998,0.004216370213557843,0.9953866666666666,1.0006133333333334,1729.6,25.060814919799483,1714.0671459873665,1745.1328540126333,1703.05768,17.332764404560496,1692.3147213215611,1713.8006386784386,719.16768,10.420286843652626,712.709119301547,725.626240698453,519.39,10.351434683173148,512.9741143127391,525.8058856872609,232.5,0.0,232.5,232.5,0.0,0.0,0.0,0.0,0.0,0.0,0.0,0.0,0.0,0.0,0.0,0.0,167837.5,2469.352153006038,166306.97967888621,169368.02032111379,0.49454,0.30839645912364166,0.3033938943003023,0.6856861056996977,232.5,0.0
intelligent_dstep,dstep_full,100,100,100,rician,0.5,10,1.0,0.0,1.0,1.0,1.0,0.0,1.0,1.0,202.5,2.3213980461973533,201.0611825843577,203.9388174156423,1700.4763599999999,68.53832093952501,1657.995868570188,1742.9568514298119,73.54464,0.7239459298409858,73.09593366394323,73.99334633605677,733.302,52.73514994763931,700.6164154293303,765.9875845706697,232.5,0.0,232.5,232.5,52.5,0.0,52.5,52.5,286.956,11.718922210586507,279.6925367620734,294.2194632379266,89.67375,3.662163190808284,87.40391773814794,91.94358226185206,14431.6,297.1128479962528,14247.44754893356,14615.75245106644,4.84021,1.3273214911994757,4.01752761650163,5.66289238349837,661.6297500000001,15.381085401394808
classical_baseline,event_driven,100,100,100,rician,0.5,10,1.0,0.0,1.0,1.0,0.998,0.004216370213557843,0.9953866666666666,1.0006133333333334,1729.6,25.060814919799483,1714.0671459873665,1745.1328540126333,1470.55768,17.332764404560496,1459.8147213215611,1481.3006386784386,719.16768,10.420286843652626,712.709119301547,725.626240698453,519.39,10.351434683173148,512.9741143127391,525.8058856872609,0.0,0.0,0.0,0.0,0.0,0.0,0.0,0.0,0.0,0.0,0.0,0.0,0.0,0.0,0.0,0.0,167837.5,2469.352153006038,166306.97967888621,169368.02032111379,0.49854,0.30839645912364166,0.3073938943003023,0.6896861056996977,0.0,0.0
classical_baseline,periodic,100,100,100,rician,0.5,10,1.0,0.0,1.0,1.0,0.998,0.004216370213557843,0.9953866666666666,1.0006133333333334,3000.0,0.0,3000.0,3000.0,2019.4,0.0,2019.4,2019.4,1247.4,0.0,1247.4,1247.4,540.0,0.0,540.0,540.0,0.0,0.0,0.0,0.0,0.0,0.0,0.0,0.0,0.0,0.0,0.0,0.0,0.0,0.0,0.0,0.0,293089.2,66.31540796325793,293048.09728430706,293130.30271569296,0.49854,0.30839645912364166,0.3073938943003023,0.6896861056996977,0.0,0.0
classical_baseline,distributed_edge,100,100,100,rician,0.75,10,1.0,0.0,1.0,1.0,0.998,0.004216370213557843,0.9953866666666666,1.0006133333333334,1729.6,25.060814919799483,1714.0671459873665,1745.1328540126333,1819.30768,17.332764404560496,1808.5647213215611,1830.0506386784386,719.16768,10.420286843652626,712.709119301547,725.626240698453,519.39,10.351434683173148,512.9741143127391,525.8058856872609,348.75,0.0,348.75,348.75,0.0,0.0,0.0,0.0,0.0,0.0,0.0,0.0,0.0,0.0,0.0,0.0,167837.5,2469.352153006038,166306.97967888621,169368.02032111379,0.49454,0.30839645912364166,0.3033938943003023,0.6856861056996977,348.75,0.0
intelligent_dstep,dstep_full,100,100,100,rician,0.75,10,1.0,0.0,1.0,1.0,1.0,0.0,1.0,1.0,202.5,2.3213980461973533,201.0611825843577,203.9388174156423,2031.29123,76.22863069920432,1984.0442351986374,2078.5382248013625,73.54464,0.7239459298409858,73.09593366394323,73.99334633605677,733.302,52.73514994763931,700.6164154293303,765.9875845706697,348.75,0.0,348.75,348.75,78.75,0.0,78.75,78.75,430.434,17.57838331587976,419.53880514311015,441.3291948568899,134.51066,5.4932559685490725,131.10590467633784,137.91541532366216,14431.6,297.1128479962528,14247.44754893356,14615.75245106644,4.84021,1.3273214911994757,4.01752761650163,5.66289238349837,992.44466,23.07163928439709
classical_baseline,event_driven,100,100,100,rician,0.75,10,1.0,0.0,1.0,1.0,0.998,0.004216370213557843,0.9953866666666666,1.0006133333333334,1729.6,25.060814919799483,1714.0671459873665,1745.1328540126333,1470.55768,17.332764404560496,1459.8147213215611,1481.3006386784386,719.16768,10.420286843652626,712.709119301547,725.626240698453,519.39,10.351434683173148,512.9741143127391,525.8058856872609,0.0,0.0,0.0,0.0,0.0,0.0,0.0,0.0,0.0,0.0,0.0,0.0,0.0,0.0,0.0,0.0,167837.5,2469.352153006038,166306.97967888621,169368.02032111379,0.49854,0.30839645912364166,0.3073938943003023,0.6896861056996977,0.0,0.0
classical_baseline,periodic,100,100,100,rician,0.75,10,1.0,0.0,1.0,1.0,0.998,0.004216370213557843,0.9953866666666666,1.0006133333333334,3000.0,0.0,3000.0,3000.0,2019.4,0.0,2019.4,2019.4,1247.4,0.0,1247.4,1247.4,540.0,0.0,540.0,540.0,0.0,0.0,0.0,0.0,0.0,0.0,0.0,0.0,0.0,0.0,0.0,0.0,0.0,0.0,0.0,0.0,293089.2,66.31540796325793,293048.09728430706,293130.30271569296,0.49854,0.30839645912364166,0.3073938943003023,0.6896861056996977,0.0,0.0
classical_baseline,distributed_edge,100,100,100,rician,1.0,10,1.0,0.0,1.0,1.0,0.998,0.004216370213557843,0.9953866666666666,1.0006133333333334,1729.6,25.060814919799483,1714.0671459873665,1745.1328540126333,1935.55768,17.332764404560496,1924.8147213215611,1946.3006386784386,719.16768,10.420286843652626,712.709119301547,725.626240698453,519.39,10.351434683173148,512.9741143127391,525.8058856872609,465.0,0.0,465.0,465.0,0.0,0.0,0.0,0.0,0.0,0.0,0.0,0.0,0.0,0.0,0.0,0.0,167837.5,2469.352153006038,166306.97967888621,169368.02032111379,0.49454,0.30839645912364166,0.3033938943003023,0.6856861056996977,465.0,0.0
intelligent_dstep,dstep_full,100,100,100,rician,1.0,10,1.0,0.0,1.0,1.0,1.0,0.0,1.0,1.0,202.5,2.3213980461973533,201.0611825843577,203.9388174156423,2362.10611,83.918940987922,2310.0926114991858,2414.1196085008146,73.54464,0.7239459298409858,73.09593366394323,73.99334633605677,733.302,52.73514994763931,700.6164154293303,765.9875845706697,465.0,0.0,465.0,465.0,105.0,0.0,105.0,105.0,573.912,23.437844421173015,559.3850735241468,588.4389264758532,179.3475,7.324326381616568,174.80783547629588,183.88716452370412,14431.6,297.1128479962528,14247.44754893356,14615.75245106644,4.84021,1.3273214911994757,4.01752761650163,5.66289238349837,1323.2595000000001,30.762170802789615
classical_baseline,event_driven,100,100,100,rician,1.0,10,1.0,0.0,1.0,1.0,0.998,0.004216370213557843,0.9953866666666666,1.0006133333333334,1729.6,25.060814919799483,1714.0671459873665,1745.1328540126333,1470.55768,17.332764404560496,1459.8147213215611,1481.3006386784386,719.16768,10.420286843652626,712.709119301547,725.626240698453,519.39,10.351434683173148,512.9741143127391,525.8058856872609,0.0,0.0,0.0,0.0,0.0,0.0,0.0,0.0,0.0,0.0,0.0,0.0,0.0,0.0,0.0,0.0,167837.5,2469.352153006038,166306.97967888621,169368.02032111379,0.49854,0.30839645912364166,0.3073938943003023,0.6896861056996977,0.0,0.0
classical_baseline,periodic,100,100,100,rician,1.0,10,1.0,0.0,1.0,1.0,0.998,0.004216370213557843,0.9953866666666666,1.0006133333333334,3000.0,0.0,3000.0,3000.0,2019.4,0.0,2019.4,2019.4,1247.4,0.0,1247.4,1247.4,540.0,0.0,540.0,540.0,0.0,0.0,0.0,0.0,0.0,0.0,0.0,0.0,0.0,0.0,0.0,0.0,0.0,0.0,0.0,0.0,293089.2,66.31540796325793,293048.09728430706,293130.30271569296,0.49854,0.30839645912364166,0.3073938943003023,0.6896861056996977,0.0,0.0
classical_baseline,distributed_edge,100,100,100,rician,1.25,10,1.0,0.0,1.0,1.0,0.998,0.004216370213557843,0.9953866666666666,1.0006133333333334,1729.6,25.060814919799483,1714.0671459873665,1745.1328540126333,2051.80768,17.33276440456053,2041.0647213215611,2062.5506386784386,719.16768,10.420286843652626,712.709119301547,725.626240698453,519.39,10.351434683173148,512.9741143127391,525.8058856872609,581.25,0.0,581.25,581.25,0.0,0.0,0.0,0.0,0.0,0.0,0.0,0.0,0.0,0.0,0.0,0.0,167837.5,2469.352153006038,166306.97967888621,169368.02032111379,0.49454,0.30839645912364166,0.3033938943003023,0.6856861056996977,581.25,0.0
intelligent_dstep,dstep_full,100,100,100,rician,1.25,10,1.0,0.0,1.0,1.0,1.0,0.0,1.0,1.0,202.5,2.3213980461973533,201.0611825843577,203.9388174156423,2692.92098,91.60933279739568,2636.1409272726455,2749.7010327273542,73.54464,0.7239459298409858,73.09593366394323,73.99334633605677,733.302,52.73514994763931,700.6164154293303,765.9875845706697,581.25,0.0,581.25,581.25,131.25,0.0,131.25,131.25,717.39,29.29730552646627,699.2313419051835,735.5486580948165,224.18438,9.155386039169638,218.50981294259083,229.85894705740918,14431.6,297.1128479962528,14247.44754893356,14615.75245106644,4.84021,1.3273214911994757,4.01752761650163,5.66289238349837,1654.07438,38.452691565576146
classical_baseline,event_driven,100,100,100,rician,1.25,10,1.0,0.0,1.0,1.0,0.998,0.004216370213557843,0.9953866666666666,1.0006133333333334,1729.6,25.060814919799483,1714.0671459873665,1745.1328540126333,1470.55768,17.332764404560496,1459.8147213215611,1481.3006386784386,719.16768,10.420286843652626,712.709119301547,725.626240698453,519.39,10.351434683173148,512.9741143127391,525.8058856872609,0.0,0.0,0.0,0.0,0.0,0.0,0.0,0.0,0.0,0.0,0.0,0.0,0.0,0.0,0.0,0.0,167837.5,2469.352153006038,166306.97967888621,169368.02032111379,0.49854,0.30839645912364166,0.3073938943003023,0.6896861056996977,0.0,0.0
classical_baseline,periodic,100,100,100,rician,1.25,10,1.0,0.0,1.0,1.0,0.998,0.004216370213557843,0.9953866666666666,1.0006133333333334,3000.0,0.0,3000.0,3000.0,2019.4,0.0,2019.4,2019.4,1247.4,0.0,1247.4,1247.4,540.0,0.0,540.0,540.0,0.0,0.0,0.0,0.0,0.0,0.0,0.0,0.0,0.0,0.0,0.0,0.0,0.0,0.0,0.0,0.0,293089.2,66.31540796325793,293048.09728430706,293130.30271569296,0.49854,0.30839645912364166,0.3073938943003023,0.6896861056996977,0.0,0.0
classical_baseline,distributed_edge,100,100,100,rician,1.5,10,1.0,0.0,1.0,1.0,0.998,0.004216370213557843,0.9953866666666666,1.0006133333333334,1729.6,25.060814919799483,1714.0671459873665,1745.1328540126333,2168.05768,17.332764404560443,2157.314721321561,2178.8006386784386,719.16768,10.420286843652626,712.709119301547,725.626240698453,519.39,10.351434683173148,512.9741143127391,525.8058856872609,697.5,0.0,697.5,697.5,0.0,0.0,0.0,0.0,0.0,0.0,0.0,0.0,0.0,0.0,0.0,0.0,167837.5,2469.352153006038,166306.97967888621,169368.02032111379,0.49454,0.30839645912364166,0.3033938943003023,0.6856861056996977,697.5,0.0
intelligent_dstep,dstep_full,100,100,100,rician,1.5,10,1.0,0.0,1.0,1.0,1.0,0.0,1.0,1.0,202.5,2.3213980461973533,201.0611825843577,203.9388174156423,3023.73586,99.29970519648757,2962.1892650767845,3085.282454923215,73.54464,0.7239459298409858,73.09593366394323,73.99334633605677,733.302,52.73514994763931,700.6164154293303,765.9875845706697,697.5,0.0,697.5,697.5,157.5,0.0,157.5,157.5,860.868,35.15676663175952,839.0776102862203,882.6583897137798,269.02125,10.986489572424851,262.21175321444383,275.8307467855562,14431.6,297.1128479962528,14247.44754893356,14615.75245106644,4.84021,1.3273214911994757,4.01752761650163,5.66289238349837,1984.88925,46.1432562041844
classical_baseline,event_driven,100,100,100,rician,1.5,10,1.0,0.0,1.0,1.0,0.998,0.004216370213557843,0.9953866666666666,1.0006133333333334,1729.6,25.060814919799483,1714.0671459873665,1745.1328540126333,1470.55768,17.332764404560496,1459.8147213215611,1481.3006386784386,719.16768,10.420286843652626,712.709119301547,725.626240698453,519.39,10.351434683173148,512.9741143127391,525.8058856872609,0.0,0.0,0.0,0.0,0.0,0.0,0.0,0.0,0.0,0.0,0.0,0.0,0.0,0.0,0.0,0.0,167837.5,2469.352153006038,166306.97967888621,169368.02032111379,0.49854,0.30839645912364166,0.3073938943003023,0.6896861056996977,0.0,0.0
classical_baseline,periodic,100,100,100,rician,1.5,10,1.0,0.0,1.0,1.0,0.998,0.004216370213557843,0.9953866666666666,1.0006133333333334,3000.0,0.0,3000.0,3000.0,2019.4,0.0,2019.4,2019.4,1247.4,0.0,1247.4,1247.4,540.0,0.0,540.0,540.0,0.0,0.0,0.0,0.0,0.0,0.0,0.0,0.0,0.0,0.0,0.0,0.0,0.0,0.0,0.0,0.0,293089.2,66.31540796325793,293048.09728430706,293130.30271569296,0.49854,0.30839645912364166,0.3073938943003023,0.6896861056996977,0.0,0.0
classical_baseline,distributed_edge,100,100,100,rician,2.0,10,1.0,0.0,1.0,1.0,0.998,0.004216370213557843,0.9953866666666666,1.0006133333333334,1729.6,25.060814919799483,1714.0671459873665,1745.1328540126333,2400.55768,17.332764404560443,2389.814721321561,2411.3006386784386,719.16768,10.420286843652626,712.709119301547,725.626240698453,519.39,10.351434683173148,512.9741143127391,525.8058856872609,930.0,0.0,930.0,930.0,0.0,0.0,0.0,0.0,0.0,0.0,0.0,0.0,0.0,0.0,0.0,0.0,167837.5,2469.352153006038,166306.97967888621,169368.02032111379,0.49454,0.30839645912364166,0.3033938943003023,0.6856861056996977,930.0,0.0
intelligent_dstep,dstep_full,100,100,100,rician,2.0,10,1.0,0.0,1.0,1.0,1.0,0.0,1.0,1.0,202.5,2.3213980461973533,201.0611825843577,203.9388174156423,3685.36564,114.68058992048017,3614.285873958149,3756.445406041851,73.54464,0.7239459298409858,73.09593366394323,73.99334633605677,733.302,52.73514994763931,700.6164154293303,765.9875845706697,930.0,0.0,930.0,930.0,210.0,0.0,210.0,210.0,1147.824,46.87568884234603,1118.7701470482937,1176.8778529517065,358.695,14.648652763233136,349.61567095259176,367.77432904740823,14431.6,297.1128479962528,14247.44754893356,14615.75245106644,4.84021,1.3273214911994757,4.01752761650163,5.66289238349837,2646.5190000000002,61.52434160557923
classical_baseline,event_driven,100,100,100,rician,2.0,10,1.0,0.0,1.0,1.0,0.998,0.004216370213557843,0.9953866666666666,1.0006133333333334,1729.6,25.060814919799483,1714.0671459873665,1745.1328540126333,1470.55768,17.332764404560496,1459.8147213215611,1481.3006386784386,719.16768,10.420286843652626,712.709119301547,725.626240698453,519.39,10.351434683173148,512.9741143127391,525.8058856872609,0.0,0.0,0.0,0.0,0.0,0.0,0.0,0.0,0.0,0.0,0.0,0.0,0.0,0.0,0.0,0.0,167837.5,2469.352153006038,166306.97967888621,169368.02032111379,0.49854,0.30839645912364166,0.3073938943003023,0.6896861056996977,0.0,0.0
classical_baseline,periodic,100,100,100,rician,2.0,10,1.0,0.0,1.0,1.0,0.998,0.004216370213557843,0.9953866666666666,1.0006133333333334,3000.0,0.0,3000.0,3000.0,2019.4,0.0,2019.4,2019.4,1247.4,0.0,1247.4,1247.4,540.0,0.0,540.0,540.0,0.0,0.0,0.0,0.0,0.0,0.0,0.0,0.0,0.0,0.0,0.0,0.0,0.0,0.0,0.0,0.0,293089.2,66.31540796325793,293048.09728430706,293130.30271569296,0.49854,0.30839645912364166,0.3073938943003023,0.6896861056996977,0.0,0.0
classical_baseline,distributed_edge,100,100,100,rician,3.0,10,1.0,0.0,1.0,1.0,0.998,0.004216370213557843,0.9953866666666666,1.0006133333333334,1729.6,25.060814919799483,1714.0671459873665,1745.1328540126333,2865.55768,17.332764404560443,2854.814721321561,2876.3006386784386,719.16768,10.420286843652626,712.709119301547,725.626240698453,519.39,10.351434683173148,512.9741143127391,525.8058856872609,1395.0,0.0,1395.0,1395.0,0.0,0.0,0.0,0.0,0.0,0.0,0.0,0.0,0.0,0.0,0.0,0.0,167837.5,2469.352153006038,166306.97967888621,169368.02032111379,0.49454,0.30839645912364166,0.3033938943003023,0.6856861056996977,1395.0,0.0
intelligent_dstep,dstep_full,100,100,100,rician,3.0,10,1.0,0.0,1.0,1.0,1.0,0.0,1.0,1.0,202.5,2.3213980461973533,201.0611825843577,203.9388174156423,5008.62511,145.44240542680225,4918.478973173624,5098.771246826376,73.54464,0.7239459298409858,73.09593366394323,73.99334633605677,733.302,52.73514994763931,700.6164154293303,765.9875845706697,1395.0,0.0,1395.0,1395.0,315.0,0.0,315.0,315.0,1721.736,70.31353326351903,1678.1552205724406,1765.3167794275596,538.0425,21.972979144849702,524.4235064288877,551.6614935711124,14431.6,297.1128479962528,14247.44754893356,14615.75245106644,4.84021,1.3273214911994757,4.01752761650163,5.66289238349837,3969.7785,92.2865124083688
classical_baseline,event_driven,100,100,100,rician,3.0,10,1.0,0.0,1.0,1.0,0.998,0.004216370213557843,0.9953866666666666,1.0006133333333334,1729.6,25.060814919799483,1714.0671459873665,1745.1328540126333,1470.55768,17.332764404560496,1459.8147213215611,1481.3006386784386,719.16768,10.420286843652626,712.709119301547,725.626240698453,519.39,10.351434683173148,512.9741143127391,525.8058856872609,0.0,0.0,0.0,0.0,0.0,0.0,0.0,0.0,0.0,0.0,0.0,0.0,0.0,0.0,0.0,0.0,167837.5,2469.352153006038,166306.97967888621,169368.02032111379,0.49854,0.30839645912364166,0.3073938943003023,0.6896861056996977,0.0,0.0
classical_baseline,periodic,100,100,100,rician,3.0,10,1.0,0.0,1.0,1.0,0.998,0.004216370213557843,0.9953866666666666,1.0006133333333334,3000.0,0.0,3000.0,3000.0,2019.4,0.0,2019.4,2019.4,1247.4,0.0,1247.4,1247.4,540.0,0.0,540.0,540.0,0.0,0.0,0.0,0.0,0.0,0.0,0.0,0.0,0.0,0.0,0.0,0.0,0.0,0.0,0.0,0.0,293089.2,66.31540796325793,293048.09728430706,293130.30271569296,0.49854,0.30839645912364166,0.3073938943003023,0.6896861056996977,0.0,0.0
classical_baseline,distributed_edge,100,100,100,rician,4.0,10,1.0,0.0,1.0,1.0,0.998,0.004216370213557843,0.9953866666666666,1.0006133333333334,1729.6,25.060814919799483,1714.0671459873665,1745.1328540126333,3330.55768,17.332764404560443,3319.814721321561,3341.3006386784386,719.16768,10.420286843652626,712.709119301547,725.626240698453,519.39,10.351434683173148,512.9741143127391,525.8058856872609,1860.0,0.0,1860.0,1860.0,0.0,0.0,0.0,0.0,0.0,0.0,0.0,0.0,0.0,0.0,0.0,0.0,167837.5,2469.352153006038,166306.97967888621,169368.02032111379,0.49454,0.30839645912364166,0.3033938943003023,0.6856861056996977,1860.0,0.0
intelligent_dstep,dstep_full,100,100,100,rician,4.0,10,1.0,0.0,1.0,1.0,1.0,0.0,1.0,1.0,202.5,2.3213980461973533,201.0611825843577,203.9388174156423,6331.88464,176.20440167518314,6222.67202036401,6441.097259635991,73.54464,0.7239459298409858,73.09593366394323,73.99334633605677,733.302,52.73514994763931,700.6164154293303,765.9875845706697,1860.0,0.0,1860.0,1860.0,420.0,0.0,420.0,420.0,2295.648,93.75137768469206,2237.5402940965873,2353.755705903413,717.39,29.29730552646627,699.2313419051835,735.5486580948165,14431.6,297.1128479962528,14247.44754893356,14615.75245106644,4.84021,1.3273214911994757,4.01752761650163,5.66289238349837,5293.0380000000005,123.04868321115846
classical_baseline,event_driven,100,100,100,rician,4.0,10,1.0,0.0,1.0,1.0,0.998,0.004216370213557843,0.9953866666666666,1.0006133333333334,1729.6,25.060814919799483,1714.0671459873665,1745.1328540126333,1470.55768,17.332764404560496,1459.8147213215611,1481.3006386784386,719.16768,10.420286843652626,712.709119301547,725.626240698453,519.39,10.351434683173148,512.9741143127391,525.8058856872609,0.0,0.0,0.0,0.0,0.0,0.0,0.0,0.0,0.0,0.0,0.0,0.0,0.0,0.0,0.0,0.0,167837.5,2469.352153006038,166306.97967888621,169368.02032111379,0.49854,0.30839645912364166,0.3073938943003023,0.6896861056996977,0.0,0.0
classical_baseline,periodic,100,100,100,rician,4.0,10,1.0,0.0,1.0,1.0,0.998,0.004216370213557843,0.9953866666666666,1.0006133333333334,3000.0,0.0,3000.0,3000.0,2019.4,0.0,2019.4,2019.4,1247.4,0.0,1247.4,1247.4,540.0,0.0,540.0,540.0,0.0,0.0,0.0,0.0,0.0,0.0,0.0,0.0,0.0,0.0,0.0,0.0,0.0,0.0,0.0,0.0,293089.2,66.31540796325793,293048.09728430706,293130.30271569296,0.49854,0.30839645912364166,0.3073938943003023,0.6896861056996977,0.0,0.0
classical_baseline,distributed_edge,20,500,500,log_normal,0.1,10,1.0,0.0,1.0,1.0,1.0,0.0,1.0,1.0,346.7,16.200480102625217,336.6588384027433,356.7411615972567,283.32385999999997,8.851218996047944,277.8378176290937,288.80990237090623,144.15786,6.73615962667156,139.98274500786067,148.33297499213933,83.46600000000001,2.699399933318515,81.79289458742134,85.13910541257867,9.3,0.0,9.3,9.3,0.0,0.0,0.0,0.0,0.0,0.0,0.0,0.0,0.0,0.0,0.0,0.0,3798.5,543.4025007099045,3461.6956406589857,4135.304359341015,0.62048,0.4455667197825459,0.3443148859197616,0.8966451140802385,9.3,0.0
intelligent_dstep,dstep_full,20,500,500,log_normal,0.1,10,0.99744,0.008095430810031038,0.9924224,1.0024576,0.995,0.01581138830084191,0.9852,1.0048,35.0,3.858612300930075,32.60840731821751,37.39159268178249,118.0904,6.335204011798764,114.16379987265242,122.01700012734759,14.53845,1.5871986525881934,13.554694083099516,15.522205916900482,37.08,4.645255644203019,34.20084072271088,39.95915927728912,9.3,0.0,9.3,9.3,2.1,0.0,2.1,2.1,6.6072,0.20585043113872745,6.479612580933699,6.734787419066301,2.06475,0.06432825973085236,2.024878931541781,2.1046210684582194,161.7,26.145107891662384,145.49509424073477,177.9049057592652,2.27603,0.6183361743870042,1.8927812685353516,2.6592787314646484,20.07195,0.27017869086958
classical_baseline,event_driven,20,500,500,log_normal,0.1,10,1.0,0.0,1.0,1.0,1.0,0.0,1.0,1.0,346.7,16.200480102625217,336.6588384027433,356.7411615972567,274.02386,8.851218996047947,268.53781762909375,279.5099023709063,144.15786,6.73615962667156,139.98274500786067,148.33297499213933,83.46600000000001,2.699399933318515,81.79289458742134,85.13910541257867,0.0,0.0,0.0,0.0,0.0,0.0,0.0,0.0,0.0,0.0,0.0,0.0,0.0,0.0,0.0,0.0,3798.5,543.4025007099045,3461.6956406589857,4135.304359341015,0.62448,0.4455667197825459,0.3483148859197616,0.9006451140802385,0.0,0.0
classical_baseline,periodic,20,500,500,log_normal,0.1,10,1.0,0.0,1.0,1.0,1.0,0.0,1.0,1.0,600.0,0.0,600.0,600.0,403.88,0.0,403.88,403.88,249.48,0.0,249.48,249.48,108.0,0.0,108.0,108.0,0.0,0.0,0.0,0.0,0.0,0.0,0.0,0.0,0.0,0.0,0.0,0.0,0.0,0.0,0.0,0.0,6714.6,702.8363488987557,6278.977517764139,7150.222482235862,0.62448,0.4455667197825459,0.3483148859197616,0.9006451140802385,0.0,0.0
classical_baseline,distributed_edge,20,500,500,log_normal,0.25,10,1.0,0.0,1.0,1.0,1.0,0.0,1.0,1.0,346.7,16.200480102625217,336.6588384027433,356.7411615972567,297.27386,8.851218996047947,291.78781762909375,302.7599023709063,144.15786,6.73615962667156,139.98274500786067,148.33297499213933,83.46600000000001,2.699399933318515,81.79289458742134,85.13910541257867,23.25,0.0,23.25,23.25,0.0,0.0,0.0,0.0,0.0,0.0,0.0,0.0,0.0,0.0,0.0,0.0,3798.5,543.4025007099045,3461.6956406589857,4135.304359341015,0.62048,0.4455667197825459,0.3443148859197616,0.8966451140802385,23.25,0.0
intelligent_dstep,dstep_full,20,500,500,log_normal,0.25,10,0.99744,0.008095430810031038,0.9924224,1.0024576,0.995,0.01581138830084191,0.9852,1.0048,35.0,3.858612300930075,32.60840731821751,37.39159268178249,148.19833,6.737326351511982,144.0224918643126,152.3741681356874,14.53845,1.5871986525881934,13.554694083099516,15.522205916900482,37.08,4.645255644203019,34.20084072271088,39.95915927728912,23.25,0.0,23.25,23.25,5.25,0.0,5.25,5.25,16.518,0.5146260778468189,16.199031452334246,16.836968547665755,5.16191,0.1608188591068985,5.062233438444448,5.261586561555552,161.7,26.145107891662384,145.49509424073477,177.9049057592652,2.27603,0.6183361743870042,1.8927812685353516,2.6592787314646484,50.17991,0.6754449355795038
classical_baseline,event_driven,20,500,500,log_normal,0.25,10,1.0,0.0,1.0,1.0,1.0,0.0,1.0,1.0,346.7,16.200480102625217,336.6588384027433,356.7411615972567,274.02386,8.851218996047947,268.53781762909375,279.5099023709063,144.15786,6.73615962667156,139.98274500786067,148.33297499213933,83.46600000000001,2.699399933318515,81.79289458742134,85.13910541257867,0.0,0.0,0.0,0.0,0.0,0.0,0.0,0.0,0.0,0.0,0.0,0.0,0.0,0.0,0.0,0.0,3798.5,543.4025007099045,3461.6956406589857,4135.304359341015,0.62448,0.4455667197825459,0.3483148859197616,0.9006451140802385,0.0,0.0
classical_baseline,periodic,20,500,500,log_normal,0.25,10,1.0,0.0,1.0,1.0,1.0,0.0,1.0,1.0,600.0,0.0,600.0,600.0,403.88,0.0,403.88,403.88,249.48,0.0,249.48,249.48,108.0,0.0,108.0,108.0,0.0,0.0,0.0,0.0,0.0,0.0,0.0,0.0,0.0,0.0,0.0,0.0,0.0,0.0,0.0,0.0,6714.6,702.8363488987557,6278.977517764139,7150.222482235862,0.62448,0.4455667197825459,0.3483148859197616,0.9006451140802385,0.0,0.0
classical_baseline,distributed_edge,20,500,500,log_normal,0.5,10,1.0,0.0,1.0,1.0,1.0,0.0,1.0,1.0,346.7,16.200480102625217,336.6588384027433,356.7411615972567,320.52386,8.851218996047947,315.03781762909375,326.0099023709063,144.15786,6.73615962667156,139.98274500786067,148.33297499213933,83.46600000000001,2.699399933318515,81.79289458742134,85.13910541257867,46.5,0.0,46.5,46.5,0.0,0.0,0.0,0.0,0.0,0.0,0.0,0.0,0.0,0.0,0.0,0.0,3798.5,543.4025007099045,3461.6956406589857,4135.304359341015,0.62048,0.4455667197825459,0.3443148859197616,0.8966451140802385,46.5,0.0
intelligent_dstep,dstep_full,20,500,500,log_normal,0.5,10,0.99744,0.008095430810031038,0.9924224,1.0024576,0.995,0.01581138830084191,0.9852,1.0048,35.0,3.858612300930075,32.60840731821751,37.39159268178249,198.3782,7.408296808608877,193.78649006643892,202.96990993356107,14.53845,1.5871986525881934,13.554694083099516,15.522205916900482,37.08,4.645255644203019,34.20084072271088,39.95915927728912,46.5,0.0,46.5,46.5,10.5,0.0,10.5,10.5,33.036,1.0292521556936378,32.39806290466849,33.67393709533151,10.32375,0.32164129865426155,10.124394657708905,10.523105342291096,161.7,26.145107891662384,145.49509424073477,177.9049057592652,2.27603,0.6183361743870042,1.8927812685353516,2.6592787314646484,100.35974999999999,1.3508934543478994
classical_baseline,event_driven,20,500,500,log_normal,0.5,10,1.0,0.0,1.0,1.0,1.0,0.0,1.0,1.0,346.7,16.200480102625217,336.6588384027433,356.7411615972567,274.02386,8.851218996047947,268.53781762909375,279.5099023709063,144.15786,6.73615962667156,139.98274500786067,148.33297499213933,83.46600000000001,2.699399933318515,81.79289458742134,85.13910541257867,0.0,0.0,0.0,0.0,0.0,0.0,0.0,0.0,0.0,0.0,0.0,0.0,0.0,0.0,0.0,0.0,3798.5,543.4025007099045,3461.6956406589857,4135.304359341015,0.62448,0.4455667197825459,0.3483148859197616,0.9006451140802385,0.0,0.0
classical_baseline,periodic,20,500,500,log_normal,0.5,10,1.0,0.0,1.0,1.0,1.0,0.0,1.0,1.0,600.0,0.0,600.0,600.0,403.88,0.0,403.88,403.88,249.48,0.0,249.48,249.48,108.0,0.0,108.0,108.0,0.0,0.0,0.0,0.0,0.0,0.0,0.0,0.0,0.0,0.0,0.0,0.0,0.0,0.0,0.0,0.0,6714.6,702.8363488987557,6278.977517764139,7150.222482235862,0.62448,0.4455667197825459,0.3483148859197616,0.9006451140802385,0.0,0.0
classical_baseline,distributed_edge,20,500,500,log_normal,0.75,10,1.0,0.0,1.0,1.0,1.0,0.0,1.0,1.0,346.7,16.200480102625217,336.6588384027433,356.7411615972567,343.77386,8.851218996047947,338.28781762909375,349.2599023709063,144.15786,6.73615962667156,139.98274500786067,148.33297499213933,83.46600000000001,2.699399933318515,81.79289458742134,85.13910541257867,69.75,0.0,69.75,69.75,0.0,0.0,0.0,0.0,0.0,0.0,0.0,0.0,0.0,0.0,0.0,0.0,3798.5,543.4025007099045,3461.6956406589857,4135.304359341015,0.62048,0.4455667197825459,0.3443148859197616,0.8966451140802385,69.75,0.0
intelligent_dstep,dstep_full,20,500,500,log_normal,0.75,10,0.99744,0.008095430810031038,0.9924224,1.0024576,0.995,0.01581138830084191,0.9852,1.0048,35.0,3.858612300930075,32.60840731821751,37.39159268178249,248.55808,8.080009746803809,243.55003807401295,253.56612192598703,14.53845,1.5871986525881934,13.554694083099516,15.522205916900482,37.08,4.645255644203019,34.20084072271088,39.95915927728912,69.75,0.0,69.75,69.75,15.75,0.0,15.75,15.75,49.554,1.5438782335404553,48.597094357002746,50.51090564299726,15.48566,0.482460156558722,15.18662809689863,15.784691903101368,161.7,26.145107891662384,145.49509424073477,177.9049057592652,2.27603,0.6183361743870042,1.8927812685353516,2.6592787314646484,150.53966,2.026338389641101
classical_baseline,event_driven,20,500,500,log_normal,0.75,10,1.0,0.0,1.0,1.0,1.0,0.0,1.0,1.0,346.7,16.200480102625217,336.6588384027433,356.7411615972567,274.02386,8.851218996047947,268.53781762909375,279.5099023709063,144.15786,6.73615962667156,139.98274500786067,148.33297499213933,83.46600000000001,2.699399933318515,81.79289458742134,85.13910541257867,0.0,0.0,0.0,0.0,0.0,0.0,0.0,0.0,0.0,0.0,0.0,0.0,0.0,0.0,0.0,0.0,3798.5,543.4025007099045,3461.6956406589857,4135.304359341015,0.62448,0.4455667197825459,0.3483148859197616,0.9006451140802385,0.0,0.0
classical_baseline,periodic,20,500,500,log_normal,0.75,10,1.0,0.0,1.0,1.0,1.0,0.0,1.0,1.0,600.0,0.0,600.0,600.0,403.88,0.0,403.88,403.88,249.48,0.0,249.48,249.48,108.0,0.0,108.0,108.0,0.0,0.0,0.0,0.0,0.0,0.0,0.0,0.0,0.0,0.0,0.0,0.0,0.0,0.0,0.0,0.0,6714.6,702.8363488987557,6278.977517764139,7150.222482235862,0.62448,0.4455667197825459,0.3483148859197616,0.9006451140802385,0.0,0.0
classical_baseline,distributed_edge,20,500,500,log_normal,1.0,10,1.0,0.0,1.0,1.0,1.0,0.0,1.0,1.0,346.7,16.200480102625217,336.6588384027433,356.7411615972567,367.02386,8.851218996047947,361.53781762909375,372.5099023709063,144.15786,6.73615962667156,139.98274500786067,148.33297499213933,83.46600000000001,2.699399933318515,81.79289458742134,85.13910541257867,93.0,0.0,93.0,93.0,0.0,0.0,0.0,0.0,0.0,0.0,0.0,0.0,0.0,0.0,0.0,0.0,3798.5,543.4025007099045,3461.6956406589857,4135.304359341015,0.62048,0.4455667197825459,0.3443148859197616,0.8966451140802385,93.0,0.0
intelligent_dstep,dstep_full,20,500,500,log_normal,1.0,10,0.99744,0.008095430810031038,0.9924224,1.0024576,0.995,0.01581138830084191,0.9852,1.0048,35.0,3.858612300930075,32.60840731821751,37.39159268178249,298.73795,8.752300834415554,293.3132177408659,304.1626822591341,14.53845,1.5871986525881934,13.554694083099516,15.522205916900482,37.08,4.645255644203019,34.20084072271088,39.95915927728912,93.0,0.0,93.0,93.0,21.0,0.0,21.0,21.0,66.072,2.0585043113872756,64.79612580933698,67.34787419066302,20.6475,0.6432825973085231,20.24878931541781,21.046210684582192,161.7,26.145107891662384,145.49509424073477,177.9049057592652,2.27603,0.6183361743870042,1.8927812685353516,2.6592787314646484,200.71949999999998,2.701786908695799
classical_baseline,event_driven,20,500,500,log_normal,1.0,10,1.0,0.0,1.0,1.0,1.0,0.0,1.0,1.0,346.7,16.200480102625217,336.6588384027433,356.7411615972567,274.02386,8.851218996047947,268.53781762909375,279.5099023709063,144.15786,6.73615962667156,139.98274500786067,148.33297499213933,83.46600000000001,2.699399933318515,81.79289458742134,85.13910541257867,0.0,0.0,0.0,0.0,0.0,0.0,0.0,0.0,0.0,0.0,0.0,0.0,0.0,0.0,0.0,0.0,3798.5,543.4025007099045,3461.6956406589857,4135.304359341015,0.62448,0.4455667197825459,0.3483148859197616,0.9006451140802385,0.0,0.0
classical_baseline,periodic,20,500,500,log_normal,1.0,10,1.0,0.0,1.0,1.0,1.0,0.0,1.0,1.0,600.0,0.0,600.0,600.0,403.88,0.0,403.88,403.88,249.48,0.0,249.48,249.48,108.0,0.0,108.0,108.0,0.0,0.0,0.0,0.0,0.0,0.0,0.0,0.0,0.0,0.0,0.0,0.0,0.0,0.0,0.0,0.0,6714.6,702.8363488987557,6278.977517764139,7150.222482235862,0.62448,0.4455667197825459,0.3483148859197616,0.9006451140802385,0.0,0.0
classical_baseline,distributed_edge,20,500,500,log_normal,1.25,10,1.0,0.0,1.0,1.0,1.0,0.0,1.0,1.0,346.7,16.200480102625217,336.6588384027433,356.7411615972567,390.27386,8.851218996047947,384.78781762909375,395.7599023709063,144.15786,6.73615962667156,139.98274500786067,148.33297499213933,83.46600000000001,2.699399933318515,81.79289458742134,85.13910541257867,116.25,0.0,116.25,116.25,0.0,0.0,0.0,0.0,0.0,0.0,0.0,0.0,0.0,0.0,0.0,0.0,3798.5,543.4025007099045,3461.6956406589857,4135.304359341015,0.62048,0.4455667197825459,0.3443148859197616,0.8966451140802385,116.25,0.0
intelligent_dstep,dstep_full,20,500,500,log_normal,1.25,10,0.99744,0.008095430810031038,0.9924224,1.0024576,0.995,0.01581138830084191,0.9852,1.0048,35.0,3.858612300930075,32.60840731821751,37.39159268178249,348.91783,9.425039782415292,343.0761298209745,354.7595301790255,14.53845,1.5871986525881934,13.554694083099516,15.522205916900482,37.08,4.645255644203019,34.20084072271088,39.95915927728912,116.25,0.0,116.25,116.25,26.25,0.0,26.25,26.25,82.59,2.5731303892340924,80.99515726167124,84.18484273832877,25.80939,0.8041091419148967,25.31099799034033,26.30778200965967,161.7,26.145107891662384,145.49509424073477,177.9049057592652,2.27603,0.6183361743870042,1.8927812685353516,2.6592787314646484,250.89939,3.3772395303626936
classical_baseline,event_driven,20,500,500,log_normal,1.25,10,1.0,0.0,1.0,1.0,1.0,0.0,1.0,1.0,346.7,16.200480102625217,336.6588384027433,356.7411615972567,274.02386,8.851218996047947,268.53781762909375,279.5099023709063,144.15786,6.73615962667156,139.98274500786067,148.33297499213933,83.46600000000001,2.699399933318515,81.79289458742134,85.13910541257867,0.0,0.0,0.0,0.0,0.0,0.0,0.0,0.0,0.0,0.0,0.0,0.0,0.0,0.0,0.0,0.0,3798.5,543.4025007099045,3461.6956406589857,4135.304359341015,0.62448,0.4455667197825459,0.3483148859197616,0.9006451140802385,0.0,0.0
classical_baseline,periodic,20,500,500,log_normal,1.25,10,1.0,0.0,1.0,1.0,1.0,0.0,1.0,1.0,600.0,0.0,600.0,600.0,403.88,0.0,403.88,403.88,249.48,0.0,249.48,249.48,108.0,0.0,108.0,108.0,0.0,0.0,0.0,0.0,0.0,0.0,0.0,0.0,0.0,0.0,0.0,0.0,0.0,0.0,0.0,0.0,6714.6,702.8363488987557,6278.977517764139,7150.222482235862,0.62448,0.4455667197825459,0.3483148859197616,0.9006451140802385,0.0,0.0
classical_baseline,distributed_edge,20,500,500,log_normal,1.5,10,1.0,0.0,1.0,1.0,1.0,0.0,1.0,1.0,346.7,16.200480102625217,336.6588384027433,356.7411615972567,413.52386,8.851218996047947,408.03781762909375,419.0099023709063,144.15786,6.73615962667156,139.98274500786067,148.33297499213933,83.46600000000001,2.699399933318515,81.79289458742134,85.13910541257867,139.5,0.0,139.5,139.5,0.0,0.0,0.0,0.0,0.0,0.0,0.0,0.0,0.0,0.0,0.0,0.0,3798.5,543.4025007099045,3461.6956406589857,4135.304359341015,0.62048,0.4455667197825459,0.3443148859197616,0.8966451140802385,139.5,0.0
intelligent_dstep,dstep_full,20,500,500,log_normal,1.5,10,0.99744,0.008095430810031038,0.9924224,1.0024576,0.995,0.01581138830084191,0.9852,1.0048,35.0,3.858612300930075,32.60840731821751,37.39159268178249,399.09770000000003,10.098143613445878,392.83880574423756,405.3565942557625,14.53845,1.5871986525881934,13.554694083099516,15.522205916900482,37.08,4.645255644203019,34.20084072271088,39.95915927728912,139.5,0.0,139.5,139.5,31.5,0.0,31.5,31.5,99.108,3.0877564670809106,97.19418871400549,101.02181128599452,30.97125,0.9649238959627856,30.373183973126714,31.569316026873288,161.7,26.145107891662384,145.49509424073477,177.9049057592652,2.27603,0.6183361743870042,1.8927812685353516,2.6592787314646484,301.07925,4.052680363043688
classical_baseline,event_driven,20,500,500,log_normal,1.5,10,1.0,0.0,1.0,1.0,1.0,0.0,1.0,1.0,346.7,16.200480102625217,336.6588384027433,356.7411615972567,274.02386,8.851218996047947,268.53781762909375,279.5099023709063,144.15786,6.73615962667156,139.98274500786067,148.33297499213933,83.46600000000001,2.699399933318515,81.79289458742134,85.13910541257867,0.0,0.0,0.0,0.0,0.0,0.0,0.0,0.0,0.0,0.0,0.0,0.0,0.0,0.0,0.0,0.0,3798.5,543.4025007099045,3461.6956406589857,4135.304359341015,0.62448,0.4455667197825459,0.3483148859197616,0.9006451140802385,0.0,0.0
classical_baseline,periodic,20,500,500,log_normal,1.5,10,1.0,0.0,1.0,1.0,1.0,0.0,1.0,1.0,600.0,0.0,600.0,600.0,403.88,0.0,403.88,403.88,249.48,0.0,249.48,249.48,108.0,0.0,108.0,108.0,0.0,0.0,0.0,0.0,0.0,0.0,0.0,0.0,0.0,0.0,0.0,0.0,0.0,0.0,0.0,0.0,6714.6,702.8363488987557,6278.977517764139,7150.222482235862,0.62448,0.4455667197825459,0.3483148859197616,0.9006451140802385,0.0,0.0
classical_baseline,distributed_edge,20,500,500,log_normal,2.0,10,1.0,0.0,1.0,1.0,1.0,0.0,1.0,1.0,346.7,16.200480102625217,336.6588384027433,356.7411615972567,460.02386,8.851218996047947,454.53781762909375,465.5099023709063,144.15786,6.73615962667156,139.98274500786067,148.33297499213933,83.46600000000001,2.699399933318515,81.79289458742134,85.13910541257867,186.0,0.0,186.0,186.0,0.0,0.0,0.0,0.0,0.0,0.0,0.0,0.0,0.0,0.0,0.0,0.0,3798.5,543.4025007099045,3461.6956406589857,4135.304359341015,0.62048,0.4455667197825459,0.3443148859197616,0.8966451140802385,186.0,0.0
intelligent_dstep,dstep_full,20,500,500,log_normal,2.0,10,0.99744,0.008095430810031038,0.9924224,1.0024576,0.995,0.01581138830084191,0.9852,1.0048,35.0,3.858612300930075,32.60840731821751,37.39159268178249,499.45745,11.445176504949337,492.36365610825607,506.5512438917439,14.53845,1.5871986525881934,13.554694083099516,15.522205916900482,37.08,4.645255644203019,34.20084072271088,39.95915927728912,186.0,0.0,186.0,186.0,42.0,0.0,42.0,42.0,132.144,4.117008622774551,129.59225161867397,134.69574838132604,41.295,1.2865651946170462,40.49757863083562,42.092421369164384,161.7,26.145107891662384,145.49509424073477,177.9049057592652,2.27603,0.6183361743870042,1.8927812685353516,2.6592787314646484,401.43899999999996,5.403573817391598
classical_baseline,event_driven,20,500,500,log_normal,2.0,10,1.0,0.0,1.0,1.0,1.0,0.0,1.0,1.0,346.7,16.200480102625217,336.6588384027433,356.7411615972567,274.02386,8.851218996047947,268.53781762909375,279.5099023709063,144.15786,6.73615962667156,139.98274500786067,148.33297499213933,83.46600000000001,2.699399933318515,81.79289458742134,85.13910541257867,0.0,0.0,0.0,0.0,0.0,0.0,0.0,0.0,0.0,0.0,0.0,0.0,0.0,0.0,0.0,0.0,3798.5,543.4025007099045,3461.6956406589857,4135.304359341015,0.62448,0.4455667197825459,0.3483148859197616,0.9006451140802385,0.0,0.0
classical_baseline,periodic,20,500,500,log_normal,2.0,10,1.0,0.0,1.0,1.0,1.0,0.0,1.0,1.0,600.0,0.0,600.0,600.0,403.88,0.0,403.88,403.88,249.48,0.0,249.48,249.48,108.0,0.0,108.0,108.0,0.0,0.0,0.0,0.0,0.0,0.0,0.0,0.0,0.0,0.0,0.0,0.0,0.0,0.0,0.0,0.0,6714.6,702.8363488987557,6278.977517764139,7150.222482235862,0.62448,0.4455667197825459,0.3483148859197616,0.9006451140802385,0.0,0.0
classical_baseline,distributed_edge,20,500,500,log_normal,3.0,10,1.0,0.0,1.0,1.0,1.0,0.0,1.0,1.0,346.7,16.200480102625217,336.6588384027433,356.7411615972567,553.02386,8.851218996047924,547.5378176290938,558.5099023709063,144.15786,6.73615962667156,139.98274500786067,148.33297499213933,83.46600000000001,2.699399933318515,81.79289458742134,85.13910541257867,279.0,0.0,279.0,279.0,0.0,0.0,0.0,0.0,0.0,0.0,0.0,0.0,0.0,0.0,0.0,0.0,3798.5,543.4025007099045,3461.6956406589857,4135.304359341015,0.62048,0.4455667197825459,0.3443148859197616,0.8966451140802385,279.0,0.0
intelligent_dstep,dstep_full,20,500,500,log_normal,3.0,10,0.99744,0.008095430810031038,0.9924224,1.0024576,0.995,0.01581138830084191,0.9852,1.0048,35.0,3.858612300930075,32.60840731821751,37.39159268178249,700.17695,14.141452031625949,691.4119872229771,708.9419127770229,14.53845,1.5871986525881934,13.554694083099516,15.522205916900482,37.08,4.645255644203019,34.20084072271088,39.95915927728912,279.0,0.0,279.0,279.0,63.0,0.0,63.0,63.0,198.216,6.175512934161821,194.38837742801098,202.04362257198903,61.9425,1.9298477919255712,60.74636794625343,63.138632053746576,161.7,26.145107891662384,145.49509424073477,177.9049057592652,2.27603,0.6183361743870042,1.8927812685353516,2.6592787314646484,602.1585,8.105360726087376
classical_baseline,event_driven,20,500,500,log_normal,3.0,10,1.0,0.0,1.0,1.0,1.0,0.0,1.0,1.0,346.7,16.200480102625217,336.6588384027433,356.7411615972567,274.02386,8.851218996047947,268.53781762909375,279.5099023709063,144.15786,6.73615962667156,139.98274500786067,148.33297499213933,83.46600000000001,2.699399933318515,81.79289458742134,85.13910541257867,0.0,0.0,0.0,0.0,0.0,0.0,0.0,0.0,0.0,0.0,0.0,0.0,0.0,0.0,0.0,0.0,3798.5,543.4025007099045,3461.6956406589857,4135.304359341015,0.62448,0.4455667197825459,0.3483148859197616,0.9006451140802385,0.0,0.0
classical_baseline,periodic,20,500,500,log_normal,3.0,10,1.0,0.0,1.0,1.0,1.0,0.0,1.0,1.0,600.0,0.0,600.0,600.0,403.88,0.0,403.88,403.88,249.48,0.0,249.48,249.48,108.0,0.0,108.0,108.0,0.0,0.0,0.0,0.0,0.0,0.0,0.0,0.0,0.0,0.0,0.0,0.0,0.0,0.0,0.0,0.0,6714.6,702.8363488987557,6278.977517764139,7150.222482235862,0.62448,0.4455667197825459,0.3483148859197616,0.9006451140802385,0.0,0.0
classical_baseline,distributed_edge,20,500,500,log_normal,4.0,10,1.0,0.0,1.0,1.0,1.0,0.0,1.0,1.0,346.7,16.200480102625217,336.6588384027433,356.7411615972567,646.02386,8.851218996047924,640.5378176290938,651.5099023709063,144.15786,6.73615962667156,139.98274500786067,148.33297499213933,83.46600000000001,2.699399933318515,81.79289458742134,85.13910541257867,372.0,0.0,372.0,372.0,0.0,0.0,0.0,0.0,0.0,0.0,0.0,0.0,0.0,0.0,0.0,0.0,3798.5,543.4025007099045,3461.6956406589857,4135.304359341015,0.62048,0.4455667197825459,0.3443148859197616,0.8966451140802385,372.0,0.0
intelligent_dstep,dstep_full,20,500,500,log_normal,4.0,10,0.99744,0.008095430810031038,0.9924224,1.0024576,0.995,0.01581138830084191,0.9852,1.0048,35.0,3.858612300930075,32.60840731821751,37.39159268178249,900.89645,16.839494377685785,890.459223251699,911.333676748301,14.53845,1.5871986525881934,13.554694083099516,15.522205916900482,37.08,4.645255644203019,34.20084072271088,39.95915927728912,372.0,0.0,372.0,372.0,84.0,0.0,84.0,84.0,264.288,8.234017245549103,259.18450323734794,269.3914967626521,82.59,2.5731303892340924,80.99515726167124,84.18484273832877,161.7,26.145107891662384,145.49509424073477,177.9049057592652,2.27603,0.6183361743870042,1.8927812685353516,2.6592787314646484,802.8779999999999,10.807147634783195
classical_baseline,event_driven,20,500,500,log_normal,4.0,10,1.0,0.0,1.0,1.0,1.0,0.0,1.0,1.0,346.7,16.200480102625217,336.6588384027433,356.7411615972567,274.02386,8.851218996047947,268.53781762909375,279.5099023709063,144.15786,6.73615962667156,139.98274500786067,148.33297499213933,83.46600000000001,2.699399933318515,81.79289458742134,85.13910541257867,0.0,0.0,0.0,0.0,0.0,0.0,0.0,0.0,0.0,0.0,0.0,0.0,0.0,0.0,0.0,0.0,3798.5,543.4025007099045,3461.6956406589857,4135.304359341015,0.62448,0.4455667197825459,0.3483148859197616,0.9006451140802385,0.0,0.0
classical_baseline,periodic,20,500,500,log_normal,4.0,10,1.0,0.0,1.0,1.0,1.0,0.0,1.0,1.0,600.0,0.0,600.0,600.0,403.88,0.0,403.88,403.88,249.48,0.0,249.48,249.48,108.0,0.0,108.0,108.0,0.0,0.0,0.0,0.0,0.0,0.0,0.0,0.0,0.0,0.0,0.0,0.0,0.0,0.0,0.0,0.0,6714.6,702.8363488987557,6278.977517764139,7150.222482235862,0.62448,0.4455667197825459,0.3483148859197616,0.9006451140802385,0.0,0.0
classical_baseline,distributed_edge,20,500,500,rician,0.1,10,1.0,0.0,1.0,1.0,1.0,0.0,1.0,1.0,346.7,16.200480102625217,336.6588384027433,356.7411615972567,283.05386,9.13788650159324,277.3901392683521,288.7175807316479,144.15786,6.73615962667156,139.98274500786067,148.33297499213933,83.196,2.8971986469691733,81.4002976745574,84.9917023254426,9.3,0.0,9.3,9.3,0.0,0.0,0.0,0.0,0.0,0.0,0.0,0.0,0.0,0.0,0.0,0.0,3422.2,506.5819666045061,3108.2172441366315,3736.182755863368,0.62048,0.4455667197825459,0.3443148859197616,0.8966451140802385,9.3,0.0
intelligent_dstep,dstep_full,20,500,500,rician,0.1,10,1.0,0.0,1.0,1.0,1.0,0.0,1.0,1.0,36.8,3.359894178227774,34.717516013133455,38.88248398686654,119.4166,6.878948466476869,115.1529835680461,123.68021643195391,15.34925,1.4101891703282616,14.475205696851672,16.223294303148325,37.566,5.3692792812443635,34.238086223232344,40.89391377676766,9.3,0.0,9.3,9.3,2.1,0.0,2.1,2.1,6.6296,0.2386346347219716,6.481692721032548,6.777507278967452,2.0717499999999998,0.07457332335061621,2.025528975322671,2.1179710246773285,153.5,25.10975905897944,137.93681009561342,169.06318990438658,1.90721,0.9977502943567037,1.2887979606109567,2.5256220393890434,20.10135,0.31320795807258794
classical_baseline,event_driven,20,500,500,rician,0.1,10,1.0,0.0,1.0,1.0,1.0,0.0,1.0,1.0,346.7,16.200480102625217,336.6588384027433,356.7411615972567,273.75386,9.137886501593245,268.09013926835206,279.4175807316479,144.15786,6.73615962667156,139.98274500786067,148.33297499213933,83.196,2.8971986469691733,81.4002976745574,84.9917023254426,0.0,0.0,0.0,0.0,0.0,0.0,0.0,0.0,0.0,0.0,0.0,0.0,0.0,0.0,0.0,0.0,3422.2,506.5819666045061,3108.2172441366315,3736.182755863368,0.62448,0.4455667197825459,0.3483148859197616,0.9006451140802385,0.0,0.0
classical_baseline,periodic,20,500,500,rician,0.1,10,1.0,0.0,1.0,1.0,1.0,0.0,1.0,1.0,600.0,0.0,600.0,600.0,403.88,0.0,403.88,403.88,249.48,0.0,249.48,249.48,108.0,0.0,108.0,108.0,0.0,0.0,0.0,0.0,0.0,0.0,0.0,0.0,0.0,0.0,0.0,0.0,0.0,0.0,0.0,0.0,6072.8,632.7795473587587,5680.599173220884,6465.000826779116,0.62448,0.4455667197825459,0.3483148859197616,0.9006451140802385,0.0,0.0
classical_baseline,distributed_edge,20,500,500,rician,0.25,10,1.0,0.0,1.0,1.0,1.0,0.0,1.0,1.0,346.7,16.200480102625217,336.6588384027433,356.7411615972567,297.00386,9.137886501593245,291.34013926835206,302.6675807316479,144.15786,6.73615962667156,139.98274500786067,148.33297499213933,83.196,2.8971986469691733,81.4002976745574,84.9917023254426,23.25,0.0,23.25,23.25,0.0,0.0,0.0,0.0,0.0,0.0,0.0,0.0,0.0,0.0,0.0,0.0,3422.2,506.5819666045061,3108.2172441366315,3736.182755863368,0.62048,0.4455667197825459,0.3443148859197616,0.8966451140802385,23.25,0.0
intelligent_dstep,dstep_full,20,500,500,rician,0.25,10,1.0,0.0,1.0,1.0,1.0,0.0,1.0,1.0,36.8,3.359894178227774,34.717516013133455,38.88248398686654,149.56862,7.345619133091807,145.01575809220242,154.1214819077976,15.34925,1.4101891703282616,14.475205696851672,16.223294303148325,37.566,5.3692792812443635,34.238086223232344,40.89391377676766,23.25,0.0,23.25,23.25,5.25,0.0,5.25,5.25,16.573999999999998,0.5965865868049297,16.20423180258137,16.943768197418628,5.1794,0.1864175718946878,5.0638571918791815,5.294942808120819,153.5,25.10975905897944,137.93681009561342,169.06318990438658,1.90721,0.9977502943567037,1.2887979606109567,2.5256220393890434,50.2534,0.7830041577866065
classical_baseline,event_driven,20,500,500,rician,0.25,10,1.0,0.0,1.0,1.0,1.0,0.0,1.0,1.0,346.7,16.200480102625217,336.6588384027433,356.7411615972567,273.75386,9.137886501593245,268.09013926835206,279.4175807316479,144.15786,6.73615962667156,139.98274500786067,148.33297499213933,83.196,2.8971986469691733,81.4002976745574,84.9917023254426,0.0,0.0,0.0,0.0,0.0,0.0,0.0,0.0,0.0,0.0,0.0,0.0,0.0,0.0,0.0,0.0,3422.2,506.5819666045061,3108.2172441366315,3736.182755863368,0.62448,0.4455667197825459,0.3483148859197616,0.9006451140802385,0.0,0.0
classical_baseline,periodic,20,500,500,rician,0.25,10,1.0,0.0,1.0,1.0,1.0,0.0,1.0,1.0,600.0,0.0,600.0,600.0,403.88,0.0,403.88,403.88,249.48,0.0,249.48,249.48,108.0,0.0,108.0,108.0,0.0,0.0,0.0,0.0,0.0,0.0,0.0,0.0,0.0,0.0,0.0,0.0,0.0,0.0,0.0,0.0,6072.8,632.7795473587587,5680.599173220884,6465.000826779116,0.62448,0.4455667197825459,0.3483148859197616,0.9006451140802385,0.0,0.0
classical_baseline,distributed_edge,20,500,500,rician,0.5,10,1.0,0.0,1.0,1.0,1.0,0.0,1.0,1.0,346.7,16.200480102625217,336.6588384027433,356.7411615972567,320.25386,9.137886501593245,314.59013926835206,325.9175807316479,144.15786,6.73615962667156,139.98274500786067,148.33297499213933,83.196,2.8971986469691733,81.4002976745574,84.9917023254426,46.5,0.0,46.5,46.5,0.0,0.0,0.0,0.0,0.0,0.0,0.0,0.0,0.0,0.0,0.0,0.0,3422.2,506.5819666045061,3108.2172441366315,3736.182755863368,0.62048,0.4455667197825459,0.3443148859197616,0.8966451140802385,46.5,0.0
intelligent_dstep,dstep_full,20,500,500,rician,0.5,10,1.0,0.0,1.0,1.0,1.0,0.0,1.0,1.0,36.8,3.359894178227774,34.717516013133455,38.88248398686654,199.822,8.124224426847018,194.78655353140235,204.85744646859766,15.34925,1.4101891703282616,14.475205696851672,16.223294303148325,37.566,5.3692792812443635,34.238086223232344,40.89391377676766,46.5,0.0,46.5,46.5,10.5,0.0,10.5,10.5,33.147999999999996,1.1931731736098594,32.40846360516274,33.887536394837255,10.35875,0.3728666167530808,10.127644876613358,10.589855123386643,153.5,25.10975905897944,137.93681009561342,169.06318990438658,1.90721,0.9977502943567037,1.2887979606109567,2.5256220393890434,100.50675,1.566039790362943
classical_baseline,event_driven,20,500,500,rician,0.5,10,1.0,0.0,1.0,1.0,1.0,0.0,1.0,1.0,346.7,16.200480102625217,336.6588384027433,356.7411615972567,273.75386,9.137886501593245,268.09013926835206,279.4175807316479,144.15786,6.73615962667156,139.98274500786067,148.33297499213933,83.196,2.8971986469691733,81.4002976745574,84.9917023254426,0.0,0.0,0.0,0.0,0.0,0.0,0.0,0.0,0.0,0.0,0.0,0.0,0.0,0.0,0.0,0.0,3422.2,506.5819666045061,3108.2172441366315,3736.182755863368,0.62448,0.4455667197825459,0.3483148859197616,0.9006451140802385,0.0,0.0
classical_baseline,periodic,20,500,500,rician,0.5,10,1.0,0.0,1.0,1.0,1.0,0.0,1.0,1.0,600.0,0.0,600.0,600.0,403.88,0.0,403.88,403.88,249.48,0.0,249.48,249.48,108.0,0.0,108.0,108.0,0.0,0.0,0.0,0.0,0.0,0.0,0.0,0.0,0.0,0.0,0.0,0.0,0.0,0.0,0.0,0.0,6072.8,632.7795473587587,5680.599173220884,6465.000826779116,0.62448,0.4455667197825459,0.3483148859197616,0.9006451140802385,0.0,0.0
classical_baseline,distributed_edge,20,500,500,rician,0.75,10,1.0,0.0,1.0,1.0,1.0,0.0,1.0,1.0,346.7,16.200480102625217,336.6588384027433,356.7411615972567,343.50386,9.137886501593245,337.84013926835206,349.1675807316479,144.15786,6.73615962667156,139.98274500786067,148.33297499213933,83.196,2.8971986469691733,81.4002976745574,84.9917023254426,69.75,0.0,69.75,69.75,0.0,0.0,0.0,0.0,0.0,0.0,0.0,0.0,0.0,0.0,0.0,0.0,3422.2,506.5819666045061,3108.2172441366315,3736.182755863368,0.62048,0.4455667197825459,0.3443148859197616,0.8966451140802385,69.75,0.0
intelligent_dstep,dstep_full,20,500,500,rician,0.75,10,1.0,0.0,1.0,1.0,1.0,0.0,1.0,1.0,36.8,3.359894178227774,34.717516013133455,38.88248398686654,250.07537,8.9035914723654,244.55686683196794,255.59387316803205,15.34925,1.4101891703282616,14.475205696851672,16.223294303148325,37.566,5.3692792812443635,34.238086223232344,40.89391377676766,69.75,0.0,69.75,69.75,15.75,0.0,15.75,15.75,49.722,1.7897597604147888,48.61269540774411,50.83130459225589,15.53815,0.559284187848877,15.191502068987695,15.884797931012304,153.5,25.10975905897944,137.93681009561342,169.06318990438658,1.90721,0.9977502943567037,1.2887979606109567,2.5256220393890434,150.76015,2.3490439479593532
classical_baseline,event_driven,20,500,500,rician,0.75,10,1.0,0.0,1.0,1.0,1.0,0.0,1.0,1.0,346.7,16.200480102625217,336.6588384027433,356.7411615972567,273.75386,9.137886501593245,268.09013926835206,279.4175807316479,144.15786,6.73615962667156,139.98274500786067,148.33297499213933,83.196,2.8971986469691733,81.4002976745574,84.9917023254426,0.0,0.0,0.0,0.0,0.0,0.0,0.0,0.0,0.0,0.0,0.0,0.0,0.0,0.0,0.0,0.0,3422.2,506.5819666045061,3108.2172441366315,3736.182755863368,0.62448,0.4455667197825459,0.3483148859197616,0.9006451140802385,0.0,0.0
classical_baseline,periodic,20,500,500,rician,0.75,10,1.0,0.0,1.0,1.0,1.0,0.0,1.0,1.0,600.0,0.0,600.0,600.0,403.88,0.0,403.88,403.88,249.48,0.0,249.48,249.48,108.0,0.0,108.0,108.0,0.0,0.0,0.0,0.0,0.0,0.0,0.0,0.0,0.0,0.0,0.0,0.0,0.0,0.0,0.0,0.0,6072.8,632.7795473587587,5680.599173220884,6465.000826779116,0.62448,0.4455667197825459,0.3483148859197616,0.9006451140802385,0.0,0.0
classical_baseline,distributed_edge,20,500,500,rician,1.0,10,1.0,0.0,1.0,1.0,1.0,0.0,1.0,1.0,346.7,16.200480102625217,336.6588384027433,356.7411615972567,366.75386,9.137886501593245,361.09013926835206,372.4175807316479,144.15786,6.73615962667156,139.98274500786067,148.33297499213933,83.196,2.8971986469691733,81.4002976745574,84.9917023254426,93.0,0.0,93.0,93.0,0.0,0.0,0.0,0.0,0.0,0.0,0.0,0.0,0.0,0.0,0.0,0.0,3422.2,506.5819666045061,3108.2172441366315,3736.182755863368,0.62048,0.4455667197825459,0.3443148859197616,0.8966451140802385,93.0,0.0
intelligent_dstep,dstep_full,20,500,500,rician,1.0,10,1.0,0.0,1.0,1.0,1.0,0.0,1.0,1.0,36.8,3.359894178227774,34.717516013133455,38.88248398686654,300.32875,9.683560854842836,294.3268168002185,306.3306831997815,15.34925,1.4101891703282616,14.475205696851672,16.223294303148325,37.566,5.3692792812443635,34.238086223232344,40.89391377676766,93.0,0.0,93.0,93.0,21.0,0.0,21.0,21.0,66.29599999999999,2.386346347219719,64.81692721032547,67.77507278967451,20.7175,0.7457332335061616,20.255289753226716,21.179710246773286,153.5,25.10975905897944,137.93681009561342,169.06318990438658,1.90721,0.9977502943567037,1.2887979606109567,2.5256220393890434,201.0135,3.132079580725886
classical_baseline,event_driven,20,500,500,rician,1.0,10,1.0,0.0,1.0,1.0,1.0,0.0,1.0,1.0,346.7,16.200480102625217,336.6588384027433,356.7411615972567,273.75386,9.137886501593245,268.09013926835206,279.4175807316479,144.15786,6.73615962667156,139.98274500786067,148.33297499213933,83.196,2.8971986469691733,81.4002976745574,84.9917023254426,0.0,0.0,0.0,0.0,0.0,0.0,0.0,0.0,0.0,0.0,0.0,0.0,0.0,0.0,0.0,0.0,3422.2,506.5819666045061,3108.2172441366315,3736.182755863368,0.62448,0.4455667197825459,0.3483148859197616,0.9006451140802385,0.0,0.0
classical_baseline,periodic,20,500,500,rician,1.0,10,1.0,0.0,1.0,1.0,1.0,0.0,1.0,1.0,600.0,0.0,600.0,600.0,403.88,0.0,403.88,403.88,249.48,0.0,249.48,249.48,108.0,0.0,108.0,108.0,0.0,0.0,0.0,0.0,0.0,0.0,0.0,0.0,0.0,0.0,0.0,0.0,0.0,0.0,0.0,0.0,6072.8,632.7795473587587,5680.599173220884,6465.000826779116,0.62448,0.4455667197825459,0.3483148859197616,0.9006451140802385,0.0,0.0
classical_baseline,distributed_edge,20,500,500,rician,1.25,10,1.0,0.0,1.0,1.0,1.0,0.0,1.0,1.0,346.7,16.200480102625217,336.6588384027433,356.7411615972567,390.00386,9.137886501593245,384.34013926835206,395.6675807316479,144.15786,6.73615962667156,139.98274500786067,148.33297499213933,83.196,2.8971986469691733,81.4002976745574,84.9917023254426,116.25,0.0,116.25,116.25,0.0,0.0,0.0,0.0,0.0,0.0,0.0,0.0,0.0,0.0,0.0,0.0,3422.2,506.5819666045061,3108.2172441366315,3736.182755863368,0.62048,0.4455667197825459,0.3443148859197616,0.8966451140802385,116.25,0.0
intelligent_dstep,dstep_full,20,500,500,rician,1.25,10,1.0,0.0,1.0,1.0,1.0,0.0,1.0,1.0,36.8,3.359894178227774,34.717516013133455,38.88248398686654,350.58212000000003,10.463972621099076,344.09648257616226,357.0677574238378,15.34925,1.4101891703282616,14.475205696851672,16.223294303148325,37.566,5.3692792812443635,34.238086223232344,40.89391377676766,116.25,0.0,116.25,116.25,26.25,0.0,26.25,26.25,82.87,2.9829329340246464,81.02115901290686,84.71884098709315,25.89688,0.9321595211598112,25.319121543022522,26.474638456977477,153.5,25.10975905897944,137.93681009561342,169.06318990438658,1.90721,0.9977502943567037,1.2887979606109567,2.5256220393890434,251.26688000000001,3.9150924546483497
classical_baseline,event_driven,20,500,500,rician,1.25,10,1.0,0.0,1.0,1.0,1.0,0.0,1.0,1.0,346.7,16.200480102625217,336.6588384027433,356.7411615972567,273.75386,9.137886501593245,268.09013926835206,279.4175807316479,144.15786,6.73615962667156,139.98274500786067,148.33297499213933,83.196,2.8971986469691733,81.4002976745574,84.9917023254426,0.0,0.0,0.0,0.0,0.0,0.0,0.0,0.0,0.0,0.0,0.0,0.0,0.0,0.0,0.0,0.0,3422.2,506.5819666045061,3108.2172441366315,3736.182755863368,0.62448,0.4455667197825459,0.3483148859197616,0.9006451140802385,0.0,0.0
classical_baseline,periodic,20,500,500,rician,1.25,10,1.0,0.0,1.0,1.0,1.0,0.0,1.0,1.0,600.0,0.0,600.0,600.0,403.88,0.0,403.88,403.88,249.48,0.0,249.48,249.48,108.0,0.0,108.0,108.0,0.0,0.0,0.0,0.0,0.0,0.0,0.0,0.0,0.0,0.0,0.0,0.0,0.0,0.0,0.0,0.0,6072.8,632.7795473587587,5680.599173220884,6465.000826779116,0.62448,0.4455667197825459,0.3483148859197616,0.9006451140802385,0.0,0.0
classical_baseline,distributed_edge,20,500,500,rician,1.5,10,1.0,0.0,1.0,1.0,1.0,0.0,1.0,1.0,346.7,16.200480102625217,336.6588384027433,356.7411615972567,413.25386,9.137886501593245,407.59013926835206,418.9175807316479,144.15786,6.73615962667156,139.98274500786067,148.33297499213933,83.196,2.8971986469691733,81.4002976745574,84.9917023254426,139.5,0.0,139.5,139.5,0.0,0.0,0.0,0.0,0.0,0.0,0.0,0.0,0.0,0.0,0.0,0.0,3422.2,506.5819666045061,3108.2172441366315,3736.182755863368,0.62048,0.4455667197825459,0.3443148859197616,0.8966451140802385,139.5,0.0
intelligent_dstep,dstep_full,20,500,500,rician,1.5,10,1.0,0.0,1.0,1.0,1.0,0.0,1.0,1.0,36.8,3.359894178227774,34.717516013133455,38.88248398686654,400.8355,11.244760574201257,393.8659251890832,407.80507481091684,15.34925,1.4101891703282616,14.475205696851672,16.223294303148325,37.566,5.3692792812443635,34.238086223232344,40.89391377676766,139.5,0.0,139.5,139.5,31.5,0.0,31.5,31.5,99.444,3.5795195208295776,97.22539081548823,101.66260918451178,31.07625,1.1185998502592427,30.382934629840072,31.76956537015993,153.5,25.10975905897944,137.93681009561342,169.06318990438658,1.90721,0.9977502943567037,1.2887979606109567,2.5256220393890434,301.52025000000003,4.698119371088824
classical_baseline,event_driven,20,500,500,rician,1.5,10,1.0,0.0,1.0,1.0,1.0,0.0,1.0,1.0,346.7,16.200480102625217,336.6588384027433,356.7411615972567,273.75386,9.137886501593245,268.09013926835206,279.4175807316479,144.15786,6.73615962667156,139.98274500786067,148.33297499213933,83.196,2.8971986469691733,81.4002976745574,84.9917023254426,0.0,0.0,0.0,0.0,0.0,0.0,0.0,0.0,0.0,0.0,0.0,0.0,0.0,0.0,0.0,0.0,3422.2,506.5819666045061,3108.2172441366315,3736.182755863368,0.62448,0.4455667197825459,0.3483148859197616,0.9006451140802385,0.0,0.0
classical_baseline,periodic,20,500,500,rician,1.5,10,1.0,0.0,1.0,1.0,1.0,0.0,1.0,1.0,600.0,0.0,600.0,600.0,403.88,0.0,403.88,403.88,249.48,0.0,249.48,249.48,108.0,0.0,108.0,108.0,0.0,0.0,0.0,0.0,0.0,0.0,0.0,0.0,0.0,0.0,0.0,0.0,0.0,0.0,0.0,0.0,6072.8,632.7795473587587,5680.599173220884,6465.000826779116,0.62448,0.4455667197825459,0.3483148859197616,0.9006451140802385,0.0,0.0
classical_baseline,distributed_edge,20,500,500,rician,2.0,10,1.0,0.0,1.0,1.0,1.0,0.0,1.0,1.0,346.7,16.200480102625217,336.6588384027433,356.7411615972567,459.75386,9.137886501593245,454.09013926835206,465.4175807316479,144.15786,6.73615962667156,139.98274500786067,148.33297499213933,83.196,2.8971986469691733,81.4002976745574,84.9917023254426,186.0,0.0,186.0,186.0,0.0,0.0,0.0,0.0,0.0,0.0,0.0,0.0,0.0,0.0,0.0,0.0,3422.2,506.5819666045061,3108.2172441366315,3736.182755863368,0.62048,0.4455667197825459,0.3443148859197616,0.8966451140802385,186.0,0.0
intelligent_dstep,dstep_full,20,500,500,rician,2.0,10,1.0,0.0,1.0,1.0,1.0,0.0,1.0,1.0,36.8,3.359894178227774,34.717516013133455,38.88248398686654,501.34225,12.80714219343167,493.40430102881777,509.2801989711822,15.34925,1.4101891703282616,14.475205696851672,16.223294303148325,37.566,5.3692792812443635,34.238086223232344,40.89391377676766,186.0,0.0,186.0,186.0,42.0,0.0,42.0,42.0,132.59199999999998,4.772692694439438,129.63385442065095,135.55014557934902,41.435,1.4914664670123232,40.51057950645343,42.35942049354657,153.5,25.10975905897944,137.93681009561342,169.06318990438658,1.90721,0.9977502943567037,1.2887979606109567,2.5256220393890434,402.027,6.264159161451772
classical_baseline,event_driven,20,500,500,rician,2.0,10,1.0,0.0,1.0,1.0,1.0,0.0,1.0,1.0,346.7,16.200480102625217,336.6588384027433,356.7411615972567,273.75386,9.137886501593245,268.09013926835206,279.4175807316479,144.15786,6.73615962667156,139.98274500786067,148.33297499213933,83.196,2.8971986469691733,81.4002976745574,84.9917023254426,0.0,0.0,0.0,0.0,0.0,0.0,0.0,0.0,0.0,0.0,0.0,0.0,0.0,0.0,0.0,0.0,3422.2,506.5819666045061,3108.2172441366315,3736.182755863368,0.62448,0.4455667197825459,0.3483148859197616,0.9006451140802385,0.0,0.0
classical_baseline,periodic,20,500,500,rician,2.0,10,1.0,0.0,1.0,1.0,1.0,0.0,1.0,1.0,600.0,0.0,600.0,600.0,403.88,0.0,403.88,403.88,249.48,0.0,249.48,249.48,108.0,0.0,108.0,108.0,0.0,0.0,0.0,0.0,0.0,0.0,0.0,0.0,0.0,0.0,0.0,0.0,0.0,0.0,0.0,0.0,6072.8,632.7795473587587,5680.599173220884,6465.000826779116,0.62448,0.4455667197825459,0.3483148859197616,0.9006451140802385,0.0,0.0
classical_baseline,distributed_edge,20,500,500,rician,3.0,10,1.0,0.0,1.0,1.0,1.0,0.0,1.0,1.0,346.7,16.200480102625217,336.6588384027433,356.7411615972567,552.75386,9.137886501593252,547.0901392683521,558.417580731648,144.15786,6.73615962667156,139.98274500786067,148.33297499213933,83.196,2.8971986469691733,81.4002976745574,84.9917023254426,279.0,0.0,279.0,279.0,0.0,0.0,0.0,0.0,0.0,0.0,0.0,0.0,0.0,0.0,0.0,0.0,3422.2,506.5819666045061,3108.2172441366315,3736.182755863368,0.62048,0.4455667197825459,0.3443148859197616,0.8966451140802385,279.0,0.0
intelligent_dstep,dstep_full,20,500,500,rician,3.0,10,1.0,0.0,1.0,1.0,1.0,0.0,1.0,1.0,36.8,3.359894178227774,34.717516013133455,38.88248398686654,702.35575,15.934060263978889,692.4797171295228,712.2317828704771,15.34925,1.4101891703282616,14.475205696851672,16.223294303148325,37.566,5.3692792812443635,34.238086223232344,40.89391377676766,279.0,0.0,279.0,279.0,63.0,0.0,63.0,63.0,198.888,7.159039041659155,194.45078163097645,203.32521836902356,62.1525,2.2371997005184854,60.765869259680144,63.53913074031986,153.5,25.10975905897944,137.93681009561342,169.06318990438658,1.90721,0.9977502943567037,1.2887979606109567,2.5256220393890434,603.0405000000001,9.396238742177648
classical_baseline,event_driven,20,500,500,rician,3.0,10,1.0,0.0,1.0,1.0,1.0,0.0,1.0,1.0,346.7,16.200480102625217,336.6588384027433,356.7411615972567,273.75386,9.137886501593245,268.09013926835206,279.4175807316479,144.15786,6.73615962667156,139.98274500786067,148.33297499213933,83.196,2.8971986469691733,81.4002976745574,84.9917023254426,0.0,0.0,0.0,0.0,0.0,0.0,0.0,0.0,0.0,0.0,0.0,0.0,0.0,0.0,0.0,0.0,3422.2,506.5819666045061,3108.2172441366315,3736.182755863368,0.62448,0.4455667197825459,0.3483148859197616,0.9006451140802385,0.0,0.0
classical_baseline,periodic,20,500,500,rician,3.0,10,1.0,0.0,1.0,1.0,1.0,0.0,1.0,1.0,600.0,0.0,600.0,600.0,403.88,0.0,403.88,403.88,249.48,0.0,249.48,249.48,108.0,0.0,108.0,108.0,0.0,0.0,0.0,0.0,0.0,0.0,0.0,0.0,0.0,0.0,0.0,0.0,0.0,0.0,0.0,0.0,6072.8,632.7795473587587,5680.599173220884,6465.000826779116,0.62448,0.4455667197825459,0.3483148859197616,0.9006451140802385,0.0,0.0
classical_baseline,distributed_edge,20,500,500,rician,4.0,10,1.0,0.0,1.0,1.0,1.0,0.0,1.0,1.0,346.7,16.200480102625217,336.6588384027433,356.7411615972567,645.75386,9.137886501593252,640.0901392683521,651.417580731648,144.15786,6.73615962667156,139.98274500786067,148.33297499213933,83.196,2.8971986469691733,81.4002976745574,84.9917023254426,372.0,0.0,372.0,372.0,0.0,0.0,0.0,0.0,0.0,0.0,0.0,0.0,0.0,0.0,0.0,0.0,3422.2,506.5819666045061,3108.2172441366315,3736.182755863368,0.62048,0.4455667197825459,0.3443148859197616,0.8966451140802385,372.0,0.0
intelligent_dstep,dstep_full,20,500,500,rician,4.0,10,1.0,0.0,1.0,1.0,1.0,0.0,1.0,1.0,36.8,3.359894178227774,34.717516013133455,38.88248398686654,903.36925,19.06267312916645,891.5540827856267,915.1844172143732,15.34925,1.4101891703282616,14.475205696851672,16.223294303148325,37.566,5.3692792812443635,34.238086223232344,40.89391377676766,372.0,0.0,372.0,372.0,84.0,0.0,84.0,84.0,265.18399999999997,9.545385388878875,259.2677088413019,271.10029115869804,82.87,2.9829329340246464,81.02115901290686,84.71884098709315,153.5,25.10975905897944,137.93681009561342,169.06318990438658,1.90721,0.9977502943567037,1.2887979606109567,2.5256220393890434,804.054,12.528318322903544
classical_baseline,event_driven,20,500,500,rician,4.0,10,1.0,0.0,1.0,1.0,1.0,0.0,1.0,1.0,346.7,16.200480102625217,336.6588384027433,356.7411615972567,273.75386,9.137886501593245,268.09013926835206,279.4175807316479,144.15786,6.73615962667156,139.98274500786067,148.33297499213933,83.196,2.8971986469691733,81.4002976745574,84.9917023254426,0.0,0.0,0.0,0.0,0.0,0.0,0.0,0.0,0.0,0.0,0.0,0.0,0.0,0.0,0.0,0.0,3422.2,506.5819666045061,3108.2172441366315,3736.182755863368,0.62448,0.4455667197825459,0.3483148859197616,0.9006451140802385,0.0,0.0
classical_baseline,periodic,20,500,500,rician,4.0,10,1.0,0.0,1.0,1.0,1.0,0.0,1.0,1.0,600.0,0.0,600.0,600.0,403.88,0.0,403.88,403.88,249.48,0.0,249.48,249.48,108.0,0.0,108.0,108.0,0.0,0.0,0.0,0.0,0.0,0.0,0.0,0.0,0.0,0.0,0.0,0.0,0.0,0.0,0.0,0.0,6072.8,632.7795473587587,5680.599173220884,6465.000826779116,0.62448,0.4455667197825459,0.3483148859197616,0.9006451140802385,0.0,0.0
classical_baseline,distributed_edge,50,500,500,log_normal,0.1,10,1.0,0.0,1.0,1.0,0.998,0.006324555320336764,0.99408,1.00192,871.5,19.08606239583686,859.6703359679528,883.3296640320472,730.2197,11.881921640037854,722.8552086690161,737.5841913309839,362.36969999999997,7.93598474418896,357.4509256954747,367.2884743045252,228.6,7.30424534089593,224.07278183428278,233.1272181657172,23.25,0.0,23.25,23.25,0.0,0.0,0.0,0.0,0.0,0.0,0.0,0.0,0.0,0.0,0.0,0.0,28593.5,2458.5926981823477,27069.648458076634,30117.351541923366,0.45740000000000003,0.29471884530477144,0.2747313671745718,0.6400686328254283,23.25,0.0
intelligent_dstep,dstep_full,50,500,500,log_normal,0.1,10,0.99798,0.004258533915693417,0.9953405333333333,1.0006194666666666,1.0,0.0,1.0,1.0,94.0,5.676462121975467,90.48169232600546,97.51830767399454,351.14509,22.037664764844443,337.4860038662431,364.80417613375687,36.02908,2.0860498805158043,34.7361328887102,37.3220271112898,145.83599999999998,19.343054567466847,133.8470505697288,157.82494943027118,23.25,0.0,23.25,23.25,5.25,0.0,5.25,5.25,18.880000000000003,0.8590144223339782,18.3475773449682,19.412422655031804,5.9,0.26844200697936804,5.733617920302563,6.066382079697438,1372.0,137.8711153376386,1286.5465973891164,1457.4534026108836,2.45978,0.5442190833356239,2.1224695175039665,2.797090482496033,53.28,1.1274564293133469
classical_baseline,event_driven,50,500,500,log_normal,0.1,10,1.0,0.0,1.0,1.0,0.998,0.006324555320336764,0.99408,1.00192,871.5,19.08606239583686,859.6703359679528,883.3296640320472,706.9697,11.881921640037854,699.6052086690161,714.3341913309839,362.36969999999997,7.93598474418896,357.4509256954747,367.2884743045252,228.6,7.30424534089593,224.07278183428278,233.1272181657172,0.0,0.0,0.0,0.0,0.0,0.0,0.0,0.0,0.0,0.0,0.0,0.0,0.0,0.0,0.0,0.0,28593.5,2458.5926981823477,27069.648458076634,30117.351541923366,0.46140000000000003,0.29471884530477144,0.2787313671745718,0.6440686328254283,0.0,0.0
classical_baseline,periodic,50,500,500,log_normal,0.1,10,1.0,0.0,1.0,1.0,0.998,0.006324555320336764,0.99408,1.00192,1500.0,0.0,1500.0,1500.0,1009.7,0.0,1009.7,1009.7,623.7,0.0,623.7,623.7,270.0,0.0,270.0,270.0,0.0,0.0,0.0,0.0,0.0,0.0,0.0,0.0,0.0,0.0,0.0,0.0,0.0,0.0,0.0,0.0,49373.0,3277.2819361307456,47341.71961127087,51404.28038872913,0.46140000000000003,0.29471884530477144,0.2787313671745718,0.6440686328254283,0.0,0.0
classical_baseline,distributed_edge,50,500,500,log_normal,0.25,10,1.0,0.0,1.0,1.0,0.998,0.006324555320336764,0.99408,1.00192,871.5,19.08606239583686,859.6703359679528,883.3296640320472,765.0947,11.881921640037854,757.7302086690161,772.4591913309839,362.36969999999997,7.93598474418896,357.4509256954747,367.2884743045252,228.6,7.30424534089593,224.07278183428278,233.1272181657172,58.125,0.0,58.125,58.125,0.0,0.0,0.0,0.0,0.0,0.0,0.0,0.0,0.0,0.0,0.0,0.0,28593.5,2458.5926981823477,27069.648458076634,30117.351541923366,0.45740000000000003,0.29471884530477144,0.2747313671745718,0.6400686328254283,58.125,0.0
intelligent_dstep,dstep_full,50,500,500,log_normal,0.25,10,0.99798,0.004258533915693417,0.9953405333333333,1.0006194666666666,1.0,0.0,1.0,1.0,94.0,5.676462121975467,90.48169232600546,97.51830767399454,431.06511,23.725591028509932,416.3598363291853,445.7703836708147,36.02908,2.0860498805158043,34.7361328887102,37.3220271112898,145.83599999999998,19.343054567466847,133.8470505697288,157.82494943027118,58.125,0.0,58.125,58.125,13.125,0.0,13.125,13.125,47.2,2.1475360558349443,45.8689433624205,48.5310566375795,14.749979999999999,0.6710914622215561,14.334033202373059,15.16592679762694,1372.0,137.8711153376386,1286.5465973891164,1457.4534026108836,2.45978,0.5442190833356239,2.1224695175039665,2.797090482496033,133.19998,2.8186275177823656
classical_baseline,event_driven,50,500,500,log_normal,0.25,10,1.0,0.0,1.0,1.0,0.998,0.006324555320336764,0.99408,1.00192,871.5,19.08606239583686,859.6703359679528,883.3296640320472,706.9697,11.881921640037854,699.6052086690161,714.3341913309839,362.36969999999997,7.93598474418896,357.4509256954747,367.2884743045252,228.6,7.30424534089593,224.07278183428278,233.1272181657172,0.0,0.0,0.0,0.0,0.0,0.0,0.0,0.0,0.0,0.0,0.0,0.0,0.0,0.0,0.0,0.0,28593.5,2458.5926981823477,27069.648458076634,30117.351541923366,0.46140000000000003,0.29471884530477144,0.2787313671745718,0.6440686328254283,0.0,0.0
classical_baseline,periodic,50,500,500,log_normal,0.25,10,1.0,0.0,1.0,1.0,0.998,0.006324555320336764,0.99408,1.00192,1500.0,0.0,1500.0,1500.0,1009.7,0.0,1009.7,1009.7,623.7,0.0,623.7,623.7,270.0,0.0,270.0,270.0,0.0,0.0,0.0,0.0,0.0,0.0,0.0,0.0,0.0,0.0,0.0,0.0,0.0,0.0,0.0,0.0,49373.0,3277.2819361307456,47341.71961127087,51404.28038872913,0.46140000000000003,0.29471884530477144,0.2787313671745718,0.6440686328254283,0.0,0.0
classical_baseline,distributed_edge,50,500,500,log_normal,0.5,10,1.0,0.0,1.0,1.0,0.998,0.006324555320336764,0.99408,1.00192,871.5,19.08606239583686,859.6703359679528,883.3296640320472,823.2197,11.881921640037854,815.8552086690161,830.5841913309839,362.36969999999997,7.93598474418896,357.4509256954747,367.2884743045252,228.6,7.30424534089593,224.07278183428278,233.1272181657172,116.25,0.0,116.25,116.25,0.0,0.0,0.0,0.0,0.0,0.0,0.0,0.0,0.0,0.0,0.0,0.0,28593.5,2458.5926981823477,27069.648458076634,30117.351541923366,0.45740000000000003,0.29471884530477144,0.2747313671745718,0.6400686328254283,116.25,0.0
intelligent_dstep,dstep_full,50,500,500,log_normal,0.5,10,0.99798,0.004258533915693417,0.9953405333333333,1.0006194666666666,1.0,0.0,1.0,1.0,94.0,5.676462121975467,90.48169232600546,97.51830767399454,564.26509,26.53969313100033,547.8156177756063,580.7145622243937,36.02908,2.0860498805158043,34.7361328887102,37.3220271112898,145.83599999999998,19.343054567466847,133.8470505697288,157.82494943027118,116.25,0.0,116.25,116.25,26.25,0.0,26.25,26.25,94.4,4.295072111669889,91.737886724841,97.062113275159,29.5,1.34221003489684,28.66808960151281,30.33191039848719,1372.0,137.8711153376386,1286.5465973891164,1457.4534026108836,2.45978,0.5442190833356239,2.1224695175039665,2.797090482496033,266.4,5.637282146566717
classical_baseline,event_driven,50,500,500,log_normal,0.5,10,1.0,0.0,1.0,1.0,0.998,0.006324555320336764,0.99408,1.00192,871.5,19.08606239583686,859.6703359679528,883.3296640320472,706.9697,11.881921640037854,699.6052086690161,714.3341913309839,362.36969999999997,7.93598474418896,357.4509256954747,367.2884743045252,228.6,7.30424534089593,224.07278183428278,233.1272181657172,0.0,0.0,0.0,0.0,0.0,0.0,0.0,0.0,0.0,0.0,0.0,0.0,0.0,0.0,0.0,0.0,28593.5,2458.5926981823477,27069.648458076634,30117.351541923366,0.46140000000000003,0.29471884530477144,0.2787313671745718,0.6440686328254283,0.0,0.0
classical_baseline,periodic,50,500,500,log_normal,0.5,10,1.0,0.0,1.0,1.0,0.998,0.006324555320336764,0.99408,1.00192,1500.0,0.0,1500.0,1500.0,1009.7,0.0,1009.7,1009.7,623.7,0.0,623.7,623.7,270.0,0.0,270.0,270.0,0.0,0.0,0.0,0.0,0.0,0.0,0.0,0.0,0.0,0.0,0.0,0.0,0.0,0.0,0.0,0.0,49373.0,3277.2819361307456,47341.71961127087,51404.28038872913,0.46140000000000003,0.29471884530477144,0.2787313671745718,0.6440686328254283,0.0,0.0
classical_baseline,distributed_edge,50,500,500,log_normal,0.75,10,1.0,0.0,1.0,1.0,0.998,0.006324555320336764,0.99408,1.00192,871.5,19.08606239583686,859.6703359679528,883.3296640320472,881.3447,11.881921640037854,873.9802086690161,888.7091913309839,362.36969999999997,7.93598474418896,357.4509256954747,367.2884743045252,228.6,7.30424534089593,224.07278183428278,233.1272181657172,174.375,0.0,174.375,174.375,0.0,0.0,0.0,0.0,0.0,0.0,0.0,0.0,0.0,0.0,0.0,0.0,28593.5,2458.5926981823477,27069.648458076634,30117.351541923366,0.45740000000000003,0.29471884530477144,0.2747313671745718,0.6400686328254283,174.375,0.0
intelligent_dstep,dstep_full,50,500,500,log_normal,0.75,10,0.99798,0.004258533915693417,0.9953405333333333,1.0006194666666666,1.0,0.0,1.0,1.0,94.0,5.676462121975467,90.48169232600546,97.51830767399454,697.46511,29.35468934404592,679.2708850465635,715.6593349534364,36.02908,2.0860498805158043,34.7361328887102,37.3220271112898,145.83599999999998,19.343054567466847,133.8470505697288,157.82494943027118,174.375,0.0,174.375,174.375,39.375,0.0,39.375,39.375,141.6,6.442608167504835,137.6068300872615,145.5931699127385,44.25002,2.013328608051851,43.002146000355225,45.49789399964477,1372.0,137.8711153376386,1286.5465973891164,1457.4534026108836,2.45978,0.5442190833356239,2.1224695175039665,2.797090482496033,399.60002000000003,8.455936775465316
classical_baseline,event_driven,50,500,500,log_normal,0.75,10,1.0,0.0,1.0,1.0,0.998,0.006324555320336764,0.99408,1.00192,871.5,19.08606239583686,859.6703359679528,883.3296640320472,706.9697,11.881921640037854,699.6052086690161,714.3341913309839,362.36969999999997,7.93598474418896,357.4509256954747,367.2884743045252,228.6,7.30424534089593,224.07278183428278,233.1272181657172,0.0,0.0,0.0,0.0,0.0,0.0,0.0,0.0,0.0,0.0,0.0,0.0,0.0,0.0,0.0,0.0,28593.5,2458.5926981823477,27069.648458076634,30117.351541923366,0.46140000000000003,0.29471884530477144,0.2787313671745718,0.6440686328254283,0.0,0.0
classical_baseline,periodic,50,500,500,log_normal,0.75,10,1.0,0.0,1.0,1.0,0.998,0.006324555320336764,0.99408,1.00192,1500.0,0.0,1500.0,1500.0,1009.7,0.0,1009.7,1009.7,623.7,0.0,623.7,623.7,270.0,0.0,270.0,270.0,0.0,0.0,0.0,0.0,0.0,0.0,0.0,0.0,0.0,0.0,0.0,0.0,0.0,0.0,0.0,0.0,49373.0,3277.2819361307456,47341.71961127087,51404.28038872913,0.46140000000000003,0.29471884530477144,0.2787313671745718,0.6440686328254283,0.0,0.0
classical_baseline,distributed_edge,50,500,500,log_normal,1.0,10,1.0,0.0,1.0,1.0,0.998,0.006324555320336764,0.99408,1.00192,871.5,19.08606239583686,859.6703359679528,883.3296640320472,939.4697,11.881921640037854,932.1052086690161,946.8341913309839,362.36969999999997,7.93598474418896,357.4509256954747,367.2884743045252,228.6,7.30424534089593,224.07278183428278,233.1272181657172,232.5,0.0,232.5,232.5,0.0,0.0,0.0,0.0,0.0,0.0,0.0,0.0,0.0,0.0,0.0,0.0,28593.5,2458.5926981823477,27069.648458076634,30117.351541923366,0.45740000000000003,0.29471884530477144,0.2747313671745718,0.6400686328254283,232.5,0.0
intelligent_dstep,dstep_full,50,500,500,log_normal,1.0,10,0.99798,0.004258533915693417,0.9953405333333333,1.0006194666666666,1.0,0.0,1.0,1.0,94.0,5.676462121975467,90.48169232600546,97.51830767399454,830.66509,32.17030036365321,810.725731256466,850.6044487435339,36.02908,2.0860498805158043,34.7361328887102,37.3220271112898,145.83599999999998,19.343054567466847,133.8470505697288,157.82494943027118,232.5,0.0,232.5,232.5,52.5,0.0,52.5,52.5,188.8,8.590144223339777,183.475773449682,194.124226550318,59.0,2.68442006979368,57.33617920302562,60.66382079697438,1372.0,137.8711153376386,1286.5465973891164,1457.4534026108836,2.45978,0.5442190833356239,2.1224695175039665,2.797090482496033,532.8,11.274564293133434
classical_baseline,event_driven,50,500,500,log_normal,1.0,10,1.0,0.0,1.0,1.0,0.998,0.006324555320336764,0.99408,1.00192,871.5,19.08606239583686,859.6703359679528,883.3296640320472,706.9697,11.881921640037854,699.6052086690161,714.3341913309839,362.36969999999997,7.93598474418896,357.4509256954747,367.2884743045252,228.6,7.30424534089593,224.07278183428278,233.1272181657172,0.0,0.0,0.0,0.0,0.0,0.0,0.0,0.0,0.0,0.0,0.0,0.0,0.0,0.0,0.0,0.0,28593.5,2458.5926981823477,27069.648458076634,30117.351541923366,0.46140000000000003,0.29471884530477144,0.2787313671745718,0.6440686328254283,0.0,0.0
classical_baseline,periodic,50,500,500,log_normal,1.0,10,1.0,0.0,1.0,1.0,0.998,0.006324555320336764,0.99408,1.00192,1500.0,0.0,1500.0,1500.0,1009.7,0.0,1009.7,1009.7,623.7,0.0,623.7,623.7,270.0,0.0,270.0,270.0,0.0,0.0,0.0,0.0,0.0,0.0,0.0,0.0,0.0,0.0,0.0,0.0,0.0,0.0,0.0,0.0,49373.0,3277.2819361307456,47341.71961127087,51404.28038872913,0.46140000000000003,0.29471884530477144,0.2787313671745718,0.6440686328254283,0.0,0.0
classical_baseline,distributed_edge,50,500,500,log_normal,1.25,10,1.0,0.0,1.0,1.0,0.998,0.006324555320336764,0.99408,1.00192,871.5,19.08606239583686,859.6703359679528,883.3296640320472,997.5947,11.881921640037854,990.2302086690161,1004.9591913309839,362.36969999999997,7.93598474418896,357.4509256954747,367.2884743045252,228.6,7.30424534089593,224.07278183428278,233.1272181657172,290.625,0.0,290.625,290.625,0.0,0.0,0.0,0.0,0.0,0.0,0.0,0.0,0.0,0.0,0.0,0.0,28593.5,2458.5926981823477,27069.648458076634,30117.351541923366,0.45740000000000003,0.29471884530477144,0.2747313671745718,0.6400686328254283,290.625,0.0
intelligent_dstep,dstep_full,50,500,500,log_normal,1.25,10,0.99798,0.004258533915693417,0.9953405333333333,1.0006194666666666,1.0,0.0,1.0,1.0,94.0,5.676462121975467,90.48169232600546,97.51830767399454,963.8650299999999,34.98639136664583,942.1802399695841,985.5498200304157,36.02908,2.0860498805158043,34.7361328887102,37.3220271112898,145.83599999999998,19.343054567466847,133.8470505697288,157.82494943027118,290.625,0.0,290.625,290.625,65.625,0.0,65.625,65.625,236.0,10.73768027917472,229.3447168121025,242.6552831878975,73.75001,3.3555385394730446,71.67022566600292,75.82979433399709,1372.0,137.8711153376386,1286.5465973891164,1457.4534026108836,2.45978,0.5442190833356239,2.1224695175039665,2.797090482496033,666.00001,14.093218818554796
classical_baseline,event_driven,50,500,500,log_normal,1.25,10,1.0,0.0,1.0,1.0,0.998,0.006324555320336764,0.99408,1.00192,871.5,19.08606239583686,859.6703359679528,883.3296640320472,706.9697,11.881921640037854,699.6052086690161,714.3341913309839,362.36969999999997,7.93598474418896,357.4509256954747,367.2884743045252,228.6,7.30424534089593,224.07278183428278,233.1272181657172,0.0,0.0,0.0,0.0,0.0,0.0,0.0,0.0,0.0,0.0,0.0,0.0,0.0,0.0,0.0,0.0,28593.5,2458.5926981823477,27069.648458076634,30117.351541923366,0.46140000000000003,0.29471884530477144,0.2787313671745718,0.6440686328254283,0.0,0.0
classical_baseline,periodic,50,500,500,log_normal,1.25,10,1.0,0.0,1.0,1.0,0.998,0.006324555320336764,0.99408,1.00192,1500.0,0.0,1500.0,1500.0,1009.7,0.0,1009.7,1009.7,623.7,0.0,623.7,623.7,270.0,0.0,270.0,270.0,0.0,0.0,0.0,0.0,0.0,0.0,0.0,0.0,0.0,0.0,0.0,0.0,0.0,0.0,0.0,0.0,49373.0,3277.2819361307456,47341.71961127087,51404.28038872913,0.46140000000000003,0.29471884530477144,0.2787313671745718,0.6440686328254283,0.0,0.0
classical_baseline,distributed_edge,50,500,500,log_normal,1.5,10,1.0,0.0,1.0,1.0,0.998,0.006324555320336764,0.99408,1.00192,871.5,19.08606239583686,859.6703359679528,883.3296640320472,1055.7197,11.88192164003787,1048.355208669016,1063.0841913309841,362.36969999999997,7.93598474418896,357.4509256954747,367.2884743045252,228.6,7.30424534089593,224.07278183428278,233.1272181657172,348.75,0.0,348.75,348.75,0.0,0.0,0.0,0.0,0.0,0.0,0.0,0.0,0.0,0.0,0.0,0.0,28593.5,2458.5926981823477,27069.648458076634,30117.351541923366,0.45740000000000003,0.29471884530477144,0.2747313671745718,0.6400686328254283,348.75,0.0
intelligent_dstep,dstep_full,50,500,500,log_normal,1.5,10,0.99798,0.004258533915693417,0.9953405333333333,1.0006194666666666,1.0,0.0,1.0,1.0,94.0,5.676462121975467,90.48169232600546,97.51830767399454,1097.06507,37.80289427993723,1073.6345933780542,1120.495546621946,36.02908,2.0860498805158043,34.7361328887102,37.3220271112898,145.83599999999998,19.343054567466847,133.8470505697288,157.82494943027118,348.75,0.0,348.75,348.75,78.75,0.0,78.75,78.75,283.2,12.88521633500967,275.213660174523,291.186339825477,88.5,4.026630104690523,86.00426880453844,90.99573119546156,1372.0,137.8711153376386,1286.5465973891164,1457.4534026108836,2.45978,0.5442190833356239,2.1224695175039665,2.797090482496033,799.2,16.91184643970021
classical_baseline,event_driven,50,500,500,log_normal,1.5,10,1.0,0.0,1.0,1.0,0.998,0.006324555320336764,0.99408,1.00192,871.5,19.08606239583686,859.6703359679528,883.3296640320472,706.9697,11.881921640037854,699.6052086690161,714.3341913309839,362.36969999999997,7.93598474418896,357.4509256954747,367.2884743045252,228.6,7.30424534089593,224.07278183428278,233.1272181657172,0.0,0.0,0.0,0.0,0.0,0.0,0.0,0.0,0.0,0.0,0.0,0.0,0.0,0.0,0.0,0.0,28593.5,2458.5926981823477,27069.648458076634,30117.351541923366,0.46140000000000003,0.29471884530477144,0.2787313671745718,0.6440686328254283,0.0,0.0
classical_baseline,periodic,50,500,500,log_normal,1.5,10,1.0,0.0,1.0,1.0,0.998,0.006324555320336764,0.99408,1.00192,1500.0,0.0,1500.0,1500.0,1009.7,0.0,1009.7,1009.7,623.7,0.0,623.7,623.7,270.0,0.0,270.0,270.0,0.0,0.0,0.0,0.0,0.0,0.0,0.0,0.0,0.0,0.0,0.0,0.0,0.0,0.0,0.0,0.0,49373.0,3277.2819361307456,47341.71961127087,51404.28038872913,0.46140000000000003,0.29471884530477144,0.2787313671745718,0.6440686328254283,0.0,0.0
classical_baseline,distributed_edge,50,500,500,log_normal,2.0,10,1.0,0.0,1.0,1.0,0.998,0.006324555320336764,0.99408,1.00192,871.5,19.08606239583686,859.6703359679528,883.3296640320472,1171.9697,11.88192164003787,1164.605208669016,1179.3341913309841,362.36969999999997,7.93598474418896,357.4509256954747,367.2884743045252,228.6,7.30424534089593,224.07278183428278,233.1272181657172,465.0,0.0,465.0,465.0,0.0,0.0,0.0,0.0,0.0,0.0,0.0,0.0,0.0,0.0,0.0,0.0,28593.5,2458.5926981823477,27069.648458076634,30117.351541923366,0.45740000000000003,0.29471884530477144,0.2747313671745718,0.6400686328254283,465.0,0.0
intelligent_dstep,dstep_full,50,500,500,log_normal,2.0,10,0.99798,0.004258533915693417,0.9953405333333333,1.0006194666666666,1.0,0.0,1.0,1.0,94.0,5.676462121975467,90.48169232600546,97.51830767399454,1363.46509,43.43670974518745,1336.5427383757487,1390.387441624251,36.02908,2.0860498805158043,34.7361328887102,37.3220271112898,145.83599999999998,19.343054567466847,133.8470505697288,157.82494943027118,465.0,0.0,465.0,465.0,105.0,0.0,105.0,105.0,377.6,17.180288446679555,366.951546899364,388.248453100636,118.0,5.36884013958736,114.67235840605125,121.32764159394875,1372.0,137.8711153376386,1286.5465973891164,1457.4534026108836,2.45978,0.5442190833356239,2.1224695175039665,2.797090482496033,1065.6,22.549128586266868
classical_baseline,event_driven,50,500,500,log_normal,2.0,10,1.0,0.0,1.0,1.0,0.998,0.006324555320336764,0.99408,1.00192,871.5,19.08606239583686,859.6703359679528,883.3296640320472,706.9697,11.881921640037854,699.6052086690161,714.3341913309839,362.36969999999997,7.93598474418896,357.4509256954747,367.2884743045252,228.6,7.30424534089593,224.07278183428278,233.1272181657172,0.0,0.0,0.0,0.0,0.0,0.0,0.0,0.0,0.0,0.0,0.0,0.0,0.0,0.0,0.0,0.0,28593.5,2458.5926981823477,27069.648458076634,30117.351541923366,0.46140000000000003,0.29471884530477144,0.2787313671745718,0.6440686328254283,0.0,0.0
classical_baseline,periodic,50,500,500,log_normal,2.0,10,1.0,0.0,1.0,1.0,0.998,0.006324555320336764,0.99408,1.00192,1500.0,0.0,1500.0,1500.0,1009.7,0.0,1009.7,1009.7,623.7,0.0,623.7,623.7,270.0,0.0,270.0,270.0,0.0,0.0,0.0,0.0,0.0,0.0,0.0,0.0,0.0,0.0,0.0,0.0,0.0,0.0,0.0,0.0,49373.0,3277.2819361307456,47341.71961127087,51404.28038872913,0.46140000000000003,0.29471884530477144,0.2787313671745718,0.6440686328254283,0.0,0.0
classical_baseline,distributed_edge,50,500,500,log_normal,3.0,10,1.0,0.0,1.0,1.0,0.998,0.006324555320336764,0.99408,1.00192,871.5,19.08606239583686,859.6703359679528,883.3296640320472,1404.4697,11.88192164003787,1397.105208669016,1411.8341913309841,362.36969999999997,7.93598474418896,357.4509256954747,367.2884743045252,228.6,7.30424534089593,224.07278183428278,233.1272181657172,697.5,0.0,697.5,697.5,0.0,0.0,0.0,0.0,0.0,0.0,0.0,0.0,0.0,0.0,0.0,0.0,28593.5,2458.5926981823477,27069.648458076634,30117.351541923366,0.45740000000000003,0.29471884530477144,0.2747313671745718,0.6400686328254283,697.5,0.0
intelligent_dstep,dstep_full,50,500,500,log_normal,3.0,10,0.99798,0.004258533915693417,0.9953405333333333,1.0006194666666666,1.0,0.0,1.0,1.0,94.0,5.676462121975467,90.48169232600546,97.51830767399454,1896.2650800000001,54.706487071498195,1862.3576480212323,1930.172511978768,36.02908,2.0860498805158043,34.7361328887102,37.3220271112898,145.83599999999998,19.343054567466847,133.8470505697288,157.82494943027118,697.5,0.0,697.5,697.5,157.5,0.0,157.5,157.5,566.4,25.77043267001934,550.427320349046,582.372679650954,177.0,8.053260209381046,172.00853760907688,181.99146239092312,1372.0,137.8711153376386,1286.5465973891164,1457.4534026108836,2.45978,0.5442190833356239,2.1224695175039665,2.797090482496033,1598.4,33.82369287940042
classical_baseline,event_driven,50,500,500,log_normal,3.0,10,1.0,0.0,1.0,1.0,0.998,0.006324555320336764,0.99408,1.00192,871.5,19.08606239583686,859.6703359679528,883.3296640320472,706.9697,11.881921640037854,699.6052086690161,714.3341913309839,362.36969999999997,7.93598474418896,357.4509256954747,367.2884743045252,228.6,7.30424534089593,224.07278183428278,233.1272181657172,0.0,0.0,0.0,0.0,0.0,0.0,0.0,0.0,0.0,0.0,0.0,0.0,0.0,0.0,0.0,0.0,28593.5,2458.5926981823477,27069.648458076634,30117.351541923366,0.46140000000000003,0.29471884530477144,0.2787313671745718,0.6440686328254283,0.0,0.0
classical_baseline,periodic,50,500,500,log_normal,3.0,10,1.0,0.0,1.0,1.0,0.998,0.006324555320336764,0.99408,1.00192,1500.0,0.0,1500.0,1500.0,1009.7,0.0,1009.7,1009.7,623.7,0.0,623.7,623.7,270.0,0.0,270.0,270.0,0.0,0.0,0.0,0.0,0.0,0.0,0.0,0.0,0.0,0.0,0.0,0.0,0.0,0.0,0.0,0.0,49373.0,3277.2819361307456,47341.71961127087,51404.28038872913,0.46140000000000003,0.29471884530477144,0.2787313671745718,0.6440686328254283,0.0,0.0
classical_baseline,distributed_edge,50,500,500,log_normal,4.0,10,1.0,0.0,1.0,1.0,0.998,0.006324555320336764,0.99408,1.00192,871.5,19.08606239583686,859.6703359679528,883.3296640320472,1636.9697,11.88192164003787,1629.605208669016,1644.3341913309841,362.36969999999997,7.93598474418896,357.4509256954747,367.2884743045252,228.6,7.30424534089593,224.07278183428278,233.1272181657172,930.0,0.0,930.0,930.0,0.0,0.0,0.0,0.0,0.0,0.0,0.0,0.0,0.0,0.0,0.0,0.0,28593.5,2458.5926981823477,27069.648458076634,30117.351541923366,0.45740000000000003,0.29471884530477144,0.2747313671745718,0.6400686328254283,930.0,0.0
intelligent_dstep,dstep_full,50,500,500,log_normal,4.0,10,0.99798,0.004258533915693417,0.9953405333333333,1.0006194666666666,1.0,0.0,1.0,1.0,94.0,5.676462121975467,90.48169232600546,97.51830767399454,2429.06509,65.97788727662977,2388.1715717960014,2469.9586082039987,36.02908,2.0860498805158043,34.7361328887102,37.3220271112898,145.83599999999998,19.343054567466847,133.8470505697288,157.82494943027118,930.0,0.0,930.0,930.0,210.0,0.0,210.0,210.0,755.2,34.36057689335911,733.903093798728,776.496906201272,236.0,10.73768027917472,229.3447168121025,242.6552831878975,1372.0,137.8711153376386,1286.5465973891164,1457.4534026108836,2.45978,0.5442190833356239,2.1224695175039665,2.797090482496033,2131.2,45.098257172533735
classical_baseline,event_driven,50,500,500,log_normal,4.0,10,1.0,0.0,1.0,1.0,0.998,0.006324555320336764,0.99408,1.00192,871.5,19.08606239583686,859.6703359679528,883.3296640320472,706.9697,11.881921640037854,699.6052086690161,714.3341913309839,362.36969999999997,7.93598474418896,357.4509256954747,367.2884743045252,228.6,7.30424534089593,224.07278183428278,233.1272181657172,0.0,0.0,0.0,0.0,0.0,0.0,0.0,0.0,0.0,0.0,0.0,0.0,0.0,0.0,0.0,0.0,28593.5,2458.5926981823477,27069.648458076634,30117.351541923366,0.46140000000000003,0.29471884530477144,0.2787313671745718,0.6440686328254283,0.0,0.0
classical_baseline,periodic,50,500,500,log_normal,4.0,10,1.0,0.0,1.0,1.0,0.998,0.006324555320336764,0.99408,1.00192,1500.0,0.0,1500.0,1500.0,1009.7,0.0,1009.7,1009.7,623.7,0.0,623.7,623.7,270.0,0.0,270.0,270.0,0.0,0.0,0.0,0.0,0.0,0.0,0.0,0.0,0.0,0.0,0.0,0.0,0.0,0.0,0.0,0.0,49373.0,3277.2819361307456,47341.71961127087,51404.28038872913,0.46140000000000003,0.29471884530477144,0.2787313671745718,0.6440686328254283,0.0,0.0
classical_baseline,distributed_edge,50,500,500,rician,0.1,10,1.0,0.0,1.0,1.0,0.998,0.006324555320336764,0.99408,1.00192,871.5,19.08606239583686,859.6703359679528,883.3296640320472,728.0957,11.495101820340672,720.9709620771864,735.2204379228135,362.36969999999997,7.93598474418896,357.4509256954747,367.2884743045252,226.476,6.379667702945035,222.52184099136113,230.43015900863887,23.25,0.0,23.25,23.25,0.0,0.0,0.0,0.0,0.0,0.0,0.0,0.0,0.0,0.0,0.0,0.0,26032.2,2301.921699604726,24605.4541490411,27458.945850958902,0.45740000000000003,0.29471884530477144,0.2747313671745718,0.6400686328254283,23.25,0.0
intelligent_dstep,dstep_full,50,500,500,rician,0.1,10,1.0,0.0,1.0,1.0,1.0,0.0,1.0,1.0,92.2,6.876691711054734,87.93778231954825,96.46221768045176,352.18207,21.988931194482074,338.5531892460911,365.8109507539089,35.92096,2.663522629151102,34.270091570926574,37.57182842907343,146.916,18.572844693261178,135.40443159558177,158.42756840441822,23.25,0.0,23.25,23.25,5.25,0.0,5.25,5.25,18.9296,0.8254597641449415,18.417974737581414,19.441225262418588,5.9155,0.25795617629529416,5.755617105494191,6.075382894505808,1262.9,108.25838433016528,1195.800758222532,1329.9992417774681,2.78362,0.6847004094249299,2.359238289508011,3.208001710491989,53.3451,1.0834159404402373
classical_baseline,event_driven,50,500,500,rician,0.1,10,1.0,0.0,1.0,1.0,0.998,0.006324555320336764,0.99408,1.00192,871.5,19.08606239583686,859.6703359679528,883.3296640320472,704.8457,11.495101820340672,697.7209620771864,711.9704379228135,362.36969999999997,7.93598474418896,357.4509256954747,367.2884743045252,226.476,6.379667702945035,222.52184099136113,230.43015900863887,0.0,0.0,0.0,0.0,0.0,0.0,0.0,0.0,0.0,0.0,0.0,0.0,0.0,0.0,0.0,0.0,26032.2,2301.921699604726,24605.4541490411,27458.945850958902,0.46140000000000003,0.29471884530477144,0.2787313671745718,0.6440686328254283,0.0,0.0
classical_baseline,periodic,50,500,500,rician,0.1,10,1.0,0.0,1.0,1.0,0.998,0.006324555320336764,0.99408,1.00192,1500.0,0.0,1500.0,1500.0,1009.7,0.0,1009.7,1009.7,623.7,0.0,623.7,623.7,270.0,0.0,270.0,270.0,0.0,0.0,0.0,0.0,0.0,0.0,0.0,0.0,0.0,0.0,0.0,0.0,0.0,0.0,0.0,0.0,44929.7,3086.826527537806,43016.4650965058,46842.93490349419,0.46140000000000003,0.29471884530477144,0.2787313671745718,0.6440686328254283,0.0,0.0
classical_baseline,distributed_edge,50,500,500,rician,0.25,10,1.0,0.0,1.0,1.0,0.998,0.006324555320336764,0.99408,1.00192,871.5,19.08606239583686,859.6703359679528,883.3296640320472,762.9707,11.495101820340672,755.8459620771864,770.0954379228135,362.36969999999997,7.93598474418896,357.4509256954747,367.2884743045252,226.476,6.379667702945035,222.52184099136113,230.43015900863887,58.125,0.0,58.125,58.125,0.0,0.0,0.0,0.0,0.0,0.0,0.0,0.0,0.0,0.0,0.0,0.0,26032.2,2301.921699604726,24605.4541490411,27458.945850958902,0.45740000000000003,0.29471884530477144,0.2747313671745718,0.6400686328254283,58.125,0.0
intelligent_dstep,dstep_full,50,500,500,rician,0.25,10,1.0,0.0,1.0,1.0,1.0,0.0,1.0,1.0,92.2,6.876691711054734,87.93778231954825,96.46221768045176,432.19973,23.61117571655187,417.5653716742426,446.83408832575736,35.92096,2.663522629151102,34.270091570926574,37.57182842907343,146.916,18.572844693261178,135.40443159558177,158.42756840441822,58.125,0.0,58.125,58.125,13.125,0.0,13.125,13.125,47.324,2.0636494103623533,46.04493684395353,48.60306315604647,14.78873,0.6448765929316327,14.389031346694932,15.188428653305067,1262.9,108.25838433016528,1195.800758222532,1329.9992417774681,2.78362,0.6847004094249299,2.359238289508011,3.208001710491989,133.36273,2.7085260030134424
classical_baseline,event_driven,50,500,500,rician,0.25,10,1.0,0.0,1.0,1.0,0.998,0.006324555320336764,0.99408,1.00192,871.5,19.08606239583686,859.6703359679528,883.3296640320472,704.8457,11.495101820340672,697.7209620771864,711.9704379228135,362.36969999999997,7.93598474418896,357.4509256954747,367.2884743045252,226.476,6.379667702945035,222.52184099136113,230.43015900863887,0.0,0.0,0.0,0.0,0.0,0.0,0.0,0.0,0.0,0.0,0.0,0.0,0.0,0.0,0.0,0.0,26032.2,2301.921699604726,24605.4541490411,27458.945850958902,0.46140000000000003,0.29471884530477144,0.2787313671745718,0.6440686328254283,0.0,0.0
classical_baseline,periodic,50,500,500,rician,0.25,10,1.0,0.0,1.0,1.0,0.998,0.006324555320336764,0.99408,1.00192,1500.0,0.0,1500.0,1500.0,1009.7,0.0,1009.7,1009.7,623.7,0.0,623.7,623.7,270.0,0.0,270.0,270.0,0.0,0.0,0.0,0.0,0.0,0.0,0.0,0.0,0.0,0.0,0.0,0.0,0.0,0.0,0.0,0.0,44929.7,3086.826527537806,43016.4650965058,46842.93490349419,0.46140000000000003,0.29471884530477144,0.2787313671745718,0.6440686328254283,0.0,0.0
classical_baseline,distributed_edge,50,500,500,rician,0.5,10,1.0,0.0,1.0,1.0,0.998,0.006324555320336764,0.99408,1.00192,871.5,19.08606239583686,859.6703359679528,883.3296640320472,821.0957,11.495101820340672,813.9709620771864,828.2204379228135,362.36969999999997,7.93598474418896,357.4509256954747,367.2884743045252,226.476,6.379667702945035,222.52184099136113,230.43015900863887,116.25,0.0,116.25,116.25,0.0,0.0,0.0,0.0,0.0,0.0,0.0,0.0,0.0,0.0,0.0,0.0,26032.2,2301.921699604726,24605.4541490411,27458.945850958902,0.45740000000000003,0.29471884530477144,0.2747313671745718,0.6400686328254283,116.25,0.0
intelligent_dstep,dstep_full,50,500,500,rician,0.5,10,1.0,0.0,1.0,1.0,1.0,0.0,1.0,1.0,92.2,6.876691711054734,87.93778231954825,96.46221768045176,565.56247,26.315671653389348,549.2518477259595,581.8730922740405,35.92096,2.663522629151102,34.270091570926574,37.57182842907343,146.916,18.572844693261178,135.40443159558177,158.42756840441822,116.25,0.0,116.25,116.25,26.25,0.0,26.25,26.25,94.648,4.1272988207247066,92.08987368790706,97.20612631209293,29.5775,1.2897808814764702,28.778085527470957,30.376914472529045,1262.9,108.25838433016528,1195.800758222532,1329.9992417774681,2.78362,0.6847004094249299,2.359238289508011,3.208001710491989,266.7255,5.4170797022011765
classical_baseline,event_driven,50,500,500,rician,0.5,10,1.0,0.0,1.0,1.0,0.998,0.006324555320336764,0.99408,1.00192,871.5,19.08606239583686,859.6703359679528,883.3296640320472,704.8457,11.495101820340672,697.7209620771864,711.9704379228135,362.36969999999997,7.93598474418896,357.4509256954747,367.2884743045252,226.476,6.379667702945035,222.52184099136113,230.43015900863887,0.0,0.0,0.0,0.0,0.0,0.0,0.0,0.0,0.0,0.0,0.0,0.0,0.0,0.0,0.0,0.0,26032.2,2301.921699604726,24605.4541490411,27458.945850958902,0.46140000000000003,0.29471884530477144,0.2787313671745718,0.6440686328254283,0.0,0.0
classical_baseline,periodic,50,500,500,rician,0.5,10,1.0,0.0,1.0,1.0,0.998,0.006324555320336764,0.99408,1.00192,1500.0,0.0,1500.0,1500.0,1009.7,0.0,1009.7,1009.7,623.7,0.0,623.7,623.7,270.0,0.0,270.0,270.0,0.0,0.0,0.0,0.0,0.0,0.0,0.0,0.0,0.0,0.0,0.0,0.0,0.0,0.0,0.0,0.0,44929.7,3086.826527537806,43016.4650965058,46842.93490349419,0.46140000000000003,0.29471884530477144,0.2787313671745718,0.6440686328254283,0.0,0.0
classical_baseline,distributed_edge,50,500,500,rician,0.75,10,1.0,0.0,1.0,1.0,0.998,0.006324555320336764,0.99408,1.00192,871.5,19.08606239583686,859.6703359679528,883.3296640320472,879.2207,11.495101820340672,872.0959620771864,886.3454379228135,362.36969999999997,7.93598474418896,357.4509256954747,367.2884743045252,226.476,6.379667702945035,222.52184099136113,230.43015900863887,174.375,0.0,174.375,174.375,0.0,0.0,0.0,0.0,0.0,0.0,0.0,0.0,0.0,0.0,0.0,0.0,26032.2,2301.921699604726,24605.4541490411,27458.945850958902,0.45740000000000003,0.29471884530477144,0.2747313671745718,0.6400686328254283,174.375,0.0
intelligent_dstep,dstep_full,50,500,500,rician,0.75,10,1.0,0.0,1.0,1.0,1.0,0.0,1.0,1.0,92.2,6.876691711054734,87.93778231954825,96.46221768045176,698.92523,29.0209479373875,680.9378601134953,716.9125998865048,35.92096,2.663522629151102,34.270091570926574,37.57182842907343,146.916,18.572844693261178,135.40443159558177,158.42756840441822,174.375,0.0,174.375,174.375,39.375,0.0,39.375,39.375,141.972,6.19094823108706,138.1348105318606,145.8091894681394,44.36627,1.934685170512247,43.167139707942695,45.565400292057305,1262.9,108.25838433016528,1195.800758222532,1329.9992417774681,2.78362,0.6847004094249299,2.359238289508011,3.208001710491989,400.08826999999997,8.125633401505803
classical_baseline,event_driven,50,500,500,rician,0.75,10,1.0,0.0,1.0,1.0,0.998,0.006324555320336764,0.99408,1.00192,871.5,19.08606239583686,859.6703359679528,883.3296640320472,704.8457,11.495101820340672,697.7209620771864,711.9704379228135,362.36969999999997,7.93598474418896,357.4509256954747,367.2884743045252,226.476,6.379667702945035,222.52184099136113,230.43015900863887,0.0,0.0,0.0,0.0,0.0,0.0,0.0,0.0,0.0,0.0,0.0,0.0,0.0,0.0,0.0,0.0,26032.2,2301.921699604726,24605.4541490411,27458.945850958902,0.46140000000000003,0.29471884530477144,0.2787313671745718,0.6440686328254283,0.0,0.0
classical_baseline,periodic,50,500,500,rician,0.75,10,1.0,0.0,1.0,1.0,0.998,0.006324555320336764,0.99408,1.00192,1500.0,0.0,1500.0,1500.0,1009.7,0.0,1009.7,1009.7,623.7,0.0,623.7,623.7,270.0,0.0,270.0,270.0,0.0,0.0,0.0,0.0,0.0,0.0,0.0,0.0,0.0,0.0,0.0,0.0,0.0,0.0,0.0,0.0,44929.7,3086.826527537806,43016.4650965058,46842.93490349419,0.46140000000000003,0.29471884530477144,0.2787313671745718,0.6440686328254283,0.0,0.0
classical_baseline,distributed_edge,50,500,500,rician,1.0,10,1.0,0.0,1.0,1.0,0.998,0.006324555320336764,0.99408,1.00192,871.5,19.08606239583686,859.6703359679528,883.3296640320472,937.3457,11.495101820340672,930.2209620771864,944.4704379228135,362.36969999999997,7.93598474418896,357.4509256954747,367.2884743045252,226.476,6.379667702945035,222.52184099136113,230.43015900863887,232.5,0.0,232.5,232.5,0.0,0.0,0.0,0.0,0.0,0.0,0.0,0.0,0.0,0.0,0.0,0.0,26032.2,2301.921699604726,24605.4541490411,27458.945850958902,0.45740000000000003,0.29471884530477144,0.2747313671745718,0.6400686328254283,232.5,0.0
intelligent_dstep,dstep_full,50,500,500,rician,1.0,10,1.0,0.0,1.0,1.0,1.0,0.0,1.0,1.0,92.2,6.876691711054734,87.93778231954825,96.46221768045176,832.28797,31.726754930746797,812.623523563961,851.9524164360389,35.92096,2.663522629151102,34.270091570926574,37.57182842907343,146.916,18.572844693261178,135.40443159558177,158.42756840441822,232.5,0.0,232.5,232.5,52.5,0.0,52.5,52.5,189.296,8.254597641449413,184.17974737581412,194.41225262418587,59.155,2.5795617629529404,57.55617105494191,60.75382894505809,1262.9,108.25838433016528,1195.800758222532,1329.9992417774681,2.78362,0.6847004094249299,2.359238289508011,3.208001710491989,533.451,10.834159404402353
classical_baseline,event_driven,50,500,500,rician,1.0,10,1.0,0.0,1.0,1.0,0.998,0.006324555320336764,0.99408,1.00192,871.5,19.08606239583686,859.6703359679528,883.3296640320472,704.8457,11.495101820340672,697.7209620771864,711.9704379228135,362.36969999999997,7.93598474418896,357.4509256954747,367.2884743045252,226.476,6.379667702945035,222.52184099136113,230.43015900863887,0.0,0.0,0.0,0.0,0.0,0.0,0.0,0.0,0.0,0.0,0.0,0.0,0.0,0.0,0.0,0.0,26032.2,2301.921699604726,24605.4541490411,27458.945850958902,0.46140000000000003,0.29471884530477144,0.2787313671745718,0.6440686328254283,0.0,0.0
classical_baseline,periodic,50,500,500,rician,1.0,10,1.0,0.0,1.0,1.0,0.998,0.006324555320336764,0.99408,1.00192,1500.0,0.0,1500.0,1500.0,1009.7,0.0,1009.7,1009.7,623.7,0.0,623.7,623.7,270.0,0.0,270.0,270.0,0.0,0.0,0.0,0.0,0.0,0.0,0.0,0.0,0.0,0.0,0.0,0.0,0.0,0.0,0.0,0.0,44929.7,3086.826527537806,43016.4650965058,46842.93490349419,0.46140000000000003,0.29471884530477144,0.2787313671745718,0.6440686328254283,0.0,0.0
classical_baseline,distributed_edge,50,500,500,rician,1.25,10,1.0,0.0,1.0,1.0,0.998,0.006324555320336764,0.99408,1.00192,871.5,19.08606239583686,859.6703359679528,883.3296640320472,995.4707,11.495101820340672,988.3459620771864,1002.5954379228135,362.36969999999997,7.93598474418896,357.4509256954747,367.2884743045252,226.476,6.379667702945035,222.52184099136113,230.43015900863887,290.625,0.0,290.625,290.625,0.0,0.0,0.0,0.0,0.0,0.0,0.0,0.0,0.0,0.0,0.0,0.0,26032.2,2301.921699604726,24605.4541490411,27458.945850958902,0.45740000000000003,0.29471884530477144,0.2747313671745718,0.6400686328254283,290.625,0.0
intelligent_dstep,dstep_full,50,500,500,rician,1.25,10,1.0,0.0,1.0,1.0,1.0,0.0,1.0,1.0,92.2,6.876691711054734,87.93778231954825,96.46221768045176,965.6507,34.43301176548782,944.3088981998499,986.9925018001502,35.92096,2.663522629151102,34.270091570926574,37.57182842907343,146.916,18.572844693261178,135.40443159558177,158.42756840441822,290.625,0.0,290.625,290.625,65.625,0.0,65.625,65.625,236.62,10.318247051811761,230.22468421976765,243.01531578023236,73.94376,3.22444938252168,71.94522556725636,75.94229443274364,1262.9,108.25838433016528,1195.800758222532,1329.9992417774681,2.78362,0.6847004094249299,2.359238289508011,3.208001710491989,666.81376,13.542696434216264
classical_baseline,event_driven,50,500,500,rician,1.25,10,1.0,0.0,1.0,1.0,0.998,0.006324555320336764,0.99408,1.00192,871.5,19.08606239583686,859.6703359679528,883.3296640320472,704.8457,11.495101820340672,697.7209620771864,711.9704379228135,362.36969999999997,7.93598474418896,357.4509256954747,367.2884743045252,226.476,6.379667702945035,222.52184099136113,230.43015900863887,0.0,0.0,0.0,0.0,0.0,0.0,0.0,0.0,0.0,0.0,0.0,0.0,0.0,0.0,0.0,0.0,26032.2,2301.921699604726,24605.4541490411,27458.945850958902,0.46140000000000003,0.29471884530477144,0.2787313671745718,0.6440686328254283,0.0,0.0
classical_baseline,periodic,50,500,500,rician,1.25,10,1.0,0.0,1.0,1.0,0.998,0.006324555320336764,0.99408,1.00192,1500.0,0.0,1500.0,1500.0,1009.7,0.0,1009.7,1009.7,623.7,0.0,623.7,623.7,270.0,0.0,270.0,270.0,0.0,0.0,0.0,0.0,0.0,0.0,0.0,0.0,0.0,0.0,0.0,0.0,0.0,0.0,0.0,0.0,44929.7,3086.826527537806,43016.4650965058,46842.93490349419,0.46140000000000003,0.29471884530477144,0.2787313671745718,0.6440686328254283,0.0,0.0
classical_baseline,distributed_edge,50,500,500,rician,1.5,10,1.0,0.0,1.0,1.0,0.998,0.006324555320336764,0.99408,1.00192,871.5,19.08606239583686,859.6703359679528,883.3296640320472,1053.5957,11.495101820340729,1046.4709620771864,1060.7204379228137,362.36969999999997,7.93598474418896,357.4509256954747,367.2884743045252,226.476,6.379667702945035,222.52184099136113,230.43015900863887,348.75,0.0,348.75,348.75,0.0,0.0,0.0,0.0,0.0,0.0,0.0,0.0,0.0,0.0,0.0,0.0,26032.2,2301.921699604726,24605.4541490411,27458.945850958902,0.45740000000000003,0.29471884530477144,0.2747313671745718,0.6400686328254283,348.75,0.0
intelligent_dstep,dstep_full,50,500,500,rician,1.5,10,1.0,0.0,1.0,1.0,1.0,0.0,1.0,1.0,92.2,6.876691711054734,87.93778231954825,96.46221768045176,1099.0134600000001,37.139582804011155,1075.994108090217,1122.0328119097833,35.92096,2.663522629151102,34.270091570926574,37.57182842907343,146.916,18.572844693261178,135.40443159558177,158.42756840441822,348.75,0.0,348.75,348.75,78.75,0.0,78.75,78.75,283.944,12.38189646217412,276.2696210637212,291.6183789362788,88.7325,3.869342644429412,86.33425658241288,91.13074341758713,1262.9,108.25838433016528,1195.800758222532,1329.9992417774681,2.78362,0.6847004094249299,2.359238289508011,3.208001710491989,800.1765,16.251239106603556
classical_baseline,event_driven,50,500,500,rician,1.5,10,1.0,0.0,1.0,1.0,0.998,0.006324555320336764,0.99408,1.00192,871.5,19.08606239583686,859.6703359679528,883.3296640320472,704.8457,11.495101820340672,697.7209620771864,711.9704379228135,362.36969999999997,7.93598474418896,357.4509256954747,367.2884743045252,226.476,6.379667702945035,222.52184099136113,230.43015900863887,0.0,0.0,0.0,0.0,0.0,0.0,0.0,0.0,0.0,0.0,0.0,0.0,0.0,0.0,0.0,0.0,26032.2,2301.921699604726,24605.4541490411,27458.945850958902,0.46140000000000003,0.29471884530477144,0.2787313671745718,0.6440686328254283,0.0,0.0
classical_baseline,periodic,50,500,500,rician,1.5,10,1.0,0.0,1.0,1.0,0.998,0.006324555320336764,0.99408,1.00192,1500.0,0.0,1500.0,1500.0,1009.7,0.0,1009.7,1009.7,623.7,0.0,623.7,623.7,270.0,0.0,270.0,270.0,0.0,0.0,0.0,0.0,0.0,0.0,0.0,0.0,0.0,0.0,0.0,0.0,0.0,0.0,0.0,0.0,44929.7,3086.826527537806,43016.4650965058,46842.93490349419,0.46140000000000003,0.29471884530477144,0.2787313671745718,0.6440686328254283,0.0,0.0
classical_baseline,distributed_edge,50,500,500,rician,2.0,10,1.0,0.0,1.0,1.0,0.998,0.006324555320336764,0.99408,1.00192,871.5,19.08606239583686,859.6703359679528,883.3296640320472,1169.8457,11.495101820340729,1162.7209620771864,1176.9704379228137,362.36969999999997,7.93598474418896,357.4509256954747,367.2884743045252,226.476,6.379667702945035,222.52184099136113,230.43015900863887,465.0,0.0,465.0,465.0,0.0,0.0,0.0,0.0,0.0,0.0,0.0,0.0,0.0,0.0,0.0,0.0,26032.2,2301.921699604726,24605.4541490411,27458.945850958902,0.45740000000000003,0.29471884530477144,0.2747313671745718,0.6400686328254283,465.0,0.0
intelligent_dstep,dstep_full,50,500,500,rician,2.0,10,1.0,0.0,1.0,1.0,1.0,0.0,1.0,1.0,92.2,6.876691711054734,87.93778231954825,96.46221768045176,1365.73897,42.55349928230343,1339.364037892086,1392.1139021079143,35.92096,2.663522629151102,34.270091570926574,37.57182842907343,146.916,18.572844693261178,135.40443159558177,158.42756840441822,465.0,0.0,465.0,465.0,105.0,0.0,105.0,105.0,378.592,16.509195282898826,368.35949475162823,388.82450524837174,118.31,5.159123525905881,115.11234210988383,121.50765789011618,1262.9,108.25838433016528,1195.800758222532,1329.9992417774681,2.78362,0.6847004094249299,2.359238289508011,3.208001710491989,1066.902,21.668318808804706
classical_baseline,event_driven,50,500,500,rician,2.0,10,1.0,0.0,1.0,1.0,0.998,0.006324555320336764,0.99408,1.00192,871.5,19.08606239583686,859.6703359679528,883.3296640320472,704.8457,11.495101820340672,697.7209620771864,711.9704379228135,362.36969999999997,7.93598474418896,357.4509256954747,367.2884743045252,226.476,6.379667702945035,222.52184099136113,230.43015900863887,0.0,0.0,0.0,0.0,0.0,0.0,0.0,0.0,0.0,0.0,0.0,0.0,0.0,0.0,0.0,0.0,26032.2,2301.921699604726,24605.4541490411,27458.945850958902,0.46140000000000003,0.29471884530477144,0.2787313671745718,0.6440686328254283,0.0,0.0
classical_baseline,periodic,50,500,500,rician,2.0,10,1.0,0.0,1.0,1.0,0.998,0.006324555320336764,0.99408,1.00192,1500.0,0.0,1500.0,1500.0,1009.7,0.0,1009.7,1009.7,623.7,0.0,623.7,623.7,270.0,0.0,270.0,270.0,0.0,0.0,0.0,0.0,0.0,0.0,0.0,0.0,0.0,0.0,0.0,0.0,0.0,0.0,0.0,0.0,44929.7,3086.826527537806,43016.4650965058,46842.93490349419,0.46140000000000003,0.29471884530477144,0.2787313671745718,0.6440686328254283,0.0,0.0
classical_baseline,distributed_edge,50,500,500,rician,3.0,10,1.0,0.0,1.0,1.0,0.998,0.006324555320336764,0.99408,1.00192,871.5,19.08606239583686,859.6703359679528,883.3296640320472,1402.3457,11.495101820340729,1395.2209620771864,1409.4704379228137,362.36969999999997,7.93598474418896,357.4509256954747,367.2884743045252,226.476,6.379667702945035,222.52184099136113,230.43015900863887,697.5,0.0,697.5,697.5,0.0,0.0,0.0,0.0,0.0,0.0,0.0,0.0,0.0,0.0,0.0,0.0,26032.2,2301.921699604726,24605.4541490411,27458.945850958902,0.45740000000000003,0.29471884530477144,0.2747313671745718,0.6400686328254283,697.5,0.0
intelligent_dstep,dstep_full,50,500,500,rician,3.0,10,1.0,0.0,1.0,1.0,1.0,0.0,1.0,1.0,92.2,6.876691711054734,87.93778231954825,96.46221768045176,1899.18996,53.38326668213553,1866.1026685154773,1932.2772514845226,35.92096,2.663522629151102,34.270091570926574,37.57182842907343,146.916,18.572844693261178,135.40443159558177,158.42756840441822,697.5,0.0,697.5,697.5,157.5,0.0,157.5,157.5,567.888,24.76379292434824,552.5392421274424,583.2367578725576,177.465,7.738685288858824,172.66851316482575,182.26148683517425,1262.9,108.25838433016528,1195.800758222532,1329.9992417774681,2.78362,0.6847004094249299,2.359238289508011,3.208001710491989,1600.353,32.50247821320711
classical_baseline,event_driven,50,500,500,rician,3.0,10,1.0,0.0,1.0,1.0,0.998,0.006324555320336764,0.99408,1.00192,871.5,19.08606239583686,859.6703359679528,883.3296640320472,704.8457,11.495101820340672,697.7209620771864,711.9704379228135,362.36969999999997,7.93598474418896,357.4509256954747,367.2884743045252,226.476,6.379667702945035,222.52184099136113,230.43015900863887,0.0,0.0,0.0,0.0,0.0,0.0,0.0,0.0,0.0,0.0,0.0,0.0,0.0,0.0,0.0,0.0,26032.2,2301.921699604726,24605.4541490411,27458.945850958902,0.46140000000000003,0.29471884530477144,0.2787313671745718,0.6440686328254283,0.0,0.0
classical_baseline,periodic,50,500,500,rician,3.0,10,1.0,0.0,1.0,1.0,0.998,0.006324555320336764,0.99408,1.00192,1500.0,0.0,1500.0,1500.0,1009.7,0.0,1009.7,1009.7,623.7,0.0,623.7,623.7,270.0,0.0,270.0,270.0,0.0,0.0,0.0,0.0,0.0,0.0,0.0,0.0,0.0,0.0,0.0,0.0,0.0,0.0,0.0,0.0,44929.7,3086.826527537806,43016.4650965058,46842.93490349419,0.46140000000000003,0.29471884530477144,0.2787313671745718,0.6440686328254283,0.0,0.0
classical_baseline,distributed_edge,50,500,500,rician,4.0,10,1.0,0.0,1.0,1.0,0.998,0.006324555320336764,0.99408,1.00192,871.5,19.08606239583686,859.6703359679528,883.3296640320472,1634.8457,11.495101820340729,1627.7209620771864,1641.9704379228137,362.36969999999997,7.93598474418896,357.4509256954747,367.2884743045252,226.476,6.379667702945035,222.52184099136113,230.43015900863887,930.0,0.0,930.0,930.0,0.0,0.0,0.0,0.0,0.0,0.0,0.0,0.0,0.0,0.0,0.0,0.0,26032.2,2301.921699604726,24605.4541490411,27458.945850958902,0.45740000000000003,0.29471884530477144,0.2747313671745718,0.6400686328254283,930.0,0.0
intelligent_dstep,dstep_full,50,500,500,rician,4.0,10,1.0,0.0,1.0,1.0,1.0,0.0,1.0,1.0,92.2,6.876691711054734,87.93778231954825,96.46221768045176,2432.64097,64.21449218545354,2392.840415396965,2472.441524603035,35.92096,2.663522629151102,34.270091570926574,37.57182842907343,146.916,18.572844693261178,135.40443159558177,158.42756840441822,930.0,0.0,930.0,930.0,210.0,0.0,210.0,210.0,757.184,33.01839056579765,736.7189895032565,777.6490104967435,236.62,10.318247051811761,230.22468421976765,243.01531578023236,1262.9,108.25838433016528,1195.800758222532,1329.9992417774681,2.78362,0.6847004094249299,2.359238289508011,3.208001710491989,2133.804,43.33663761760941
classical_baseline,event_driven,50,500,500,rician,4.0,10,1.0,0.0,1.0,1.0,0.998,0.006324555320336764,0.99408,1.00192,871.5,19.08606239583686,859.6703359679528,883.3296640320472,704.8457,11.495101820340672,697.7209620771864,711.9704379228135,362.36969999999997,7.93598474418896,357.4509256954747,367.2884743045252,226.476,6.379667702945035,222.52184099136113,230.43015900863887,0.0,0.0,0.0,0.0,0.0,0.0,0.0,0.0,0.0,0.0,0.0,0.0,0.0,0.0,0.0,0.0,26032.2,2301.921699604726,24605.4541490411,27458.945850958902,0.46140000000000003,0.29471884530477144,0.2787313671745718,0.6440686328254283,0.0,0.0
classical_baseline,periodic,50,500,500,rician,4.0,10,1.0,0.0,1.0,1.0,0.998,0.006324555320336764,0.99408,1.00192,1500.0,0.0,1500.0,1500.0,1009.7,0.0,1009.7,1009.7,623.7,0.0,623.7,623.7,270.0,0.0,270.0,270.0,0.0,0.0,0.0,0.0,0.0,0.0,0.0,0.0,0.0,0.0,0.0,0.0,0.0,0.0,0.0,0.0,44929.7,3086.826527537806,43016.4650965058,46842.93490349419,0.46140000000000003,0.29471884530477144,0.2787313671745718,0.6440686328254283,0.0,0.0
classical_baseline,distributed_edge,100,500,500,log_normal,0.1,10,1.0,0.0,1.0,1.0,1.0,0.0,1.0,1.0,1730.7,29.265261925285337,1712.56120273496,1748.83879726504,1496.40106,20.11585026480366,1483.9331268340945,1508.8689931659053,719.62506,12.168495908533657,712.0829480971963,727.1671719028036,498.276,10.674537929109636,491.6598528461347,504.8921471538653,46.5,0.0,46.5,46.5,0.0,0.0,0.0,0.0,0.0,0.0,0.0,0.0,0.0,0.0,0.0,0.0,114778.0,5127.539197531523,111599.91827942563,117956.08172057437,0.62354,0.26575263853608094,0.4588248081332036,0.7882551918667964,46.5,0.0
intelligent_dstep,dstep_full,100,500,500,log_normal,0.1,10,1.0,0.0,1.0,1.0,1.0,0.0,1.0,1.0,195.4,6.850790708621402,191.15383592717694,199.64616407282307,795.07656,24.940891485857783,779.6180353017993,810.5350846982006,72.16210000000001,2.048626403227293,70.89234820024448,73.43185179975553,379.242,22.396071977023126,365.3607707746612,393.12322922533883,46.5,0.0,46.5,46.5,10.5,0.0,10.5,10.5,41.6552,0.9953809767565815,41.03825647887383,42.27214352112617,13.01725,0.3110565552364319,12.824455149648074,13.210044850351927,5764.5,326.95030203381066,5561.854103323062,5967.145896676938,3.9939999999999998,0.8969736512914473,3.438049971109233,4.549950028890766,111.67245,1.3064375319930175
classical_baseline,event_driven,100,500,500,log_normal,0.1,10,1.0,0.0,1.0,1.0,1.0,0.0,1.0,1.0,1730.7,29.265261925285337,1712.56120273496,1748.83879726504,1449.90106,20.11585026480366,1437.4331268340945,1462.3689931659053,719.62506,12.168495908533657,712.0829480971963,727.1671719028036,498.276,10.674537929109636,491.6598528461347,504.8921471538653,0.0,0.0,0.0,0.0,0.0,0.0,0.0,0.0,0.0,0.0,0.0,0.0,0.0,0.0,0.0,0.0,114778.0,5127.539197531523,111599.91827942563,117956.08172057437,0.62754,0.26575263853608094,0.4628248081332036,0.7922551918667964,0.0,0.0
classical_baseline,periodic,100,500,500,log_normal,0.1,10,1.0,0.0,1.0,1.0,1.0,0.0,1.0,1.0,3000.0,0.0,3000.0,3000.0,2019.4,0.0,2019.4,2019.4,1247.4,0.0,1247.4,1247.4,540.0,0.0,540.0,540.0,0.0,0.0,0.0,0.0,0.0,0.0,0.0,0.0,0.0,0.0,0.0,0.0,0.0,0.0,0.0,0.0,198759.5,6898.644073697059,194483.67610421777,203035.32389578223,0.62754,0.26575263853608094,0.4628248081332036,0.7922551918667964,0.0,0.0
classical_baseline,distributed_edge,100,500,500,log_normal,0.25,10,1.0,0.0,1.0,1.0,1.0,0.0,1.0,1.0,1730.7,29.265261925285337,1712.56120273496,1748.83879726504,1566.15106,20.11585026480366,1553.6831268340945,1578.6189931659053,719.62506,12.168495908533657,712.0829480971963,727.1671719028036,498.276,10.674537929109636,491.6598528461347,504.8921471538653,116.25,0.0,116.25,116.25,0.0,0.0,0.0,0.0,0.0,0.0,0.0,0.0,0.0,0.0,0.0,0.0,114778.0,5127.539197531523,111599.91827942563,117956.08172057437,0.62354,0.26575263853608094,0.4588248081332036,0.7882551918667964,116.25,0.0
intelligent_dstep,dstep_full,100,500,500,log_normal,0.25,10,1.0,0.0,1.0,1.0,1.0,0.0,1.0,1.0,195.4,6.850790708621402,191.15383592717694,199.64616407282307,962.58525,26.89644638209662,945.9146598197239,979.2558401802761,72.16210000000001,2.048626403227293,70.89234820024448,73.43185179975553,379.242,22.396071977023126,365.3607707746612,393.12322922533883,116.25,0.0,116.25,116.25,26.25,0.0,26.25,26.25,104.138,2.488452441891455,102.59564119718459,105.68035880281542,32.5431,0.777651100001366,32.06110685461582,33.02509314538418,5764.5,326.95030203381066,5561.854103323062,5967.145896676938,3.9939999999999998,0.8969736512914473,3.438049971109233,4.549950028890766,279.1811,3.266103541598831
classical_baseline,event_driven,100,500,500,log_normal,0.25,10,1.0,0.0,1.0,1.0,1.0,0.0,1.0,1.0,1730.7,29.265261925285337,1712.56120273496,1748.83879726504,1449.90106,20.11585026480366,1437.4331268340945,1462.3689931659053,719.62506,12.168495908533657,712.0829480971963,727.1671719028036,498.276,10.674537929109636,491.6598528461347,504.8921471538653,0.0,0.0,0.0,0.0,0.0,0.0,0.0,0.0,0.0,0.0,0.0,0.0,0.0,0.0,0.0,0.0,114778.0,5127.539197531523,111599.91827942563,117956.08172057437,0.62754,0.26575263853608094,0.4628248081332036,0.7922551918667964,0.0,0.0
classical_baseline,periodic,100,500,500,log_normal,0.25,10,1.0,0.0,1.0,1.0,1.0,0.0,1.0,1.0,3000.0,0.0,3000.0,3000.0,2019.4,0.0,2019.4,2019.4,1247.4,0.0,1247.4,1247.4,540.0,0.0,540.0,540.0,0.0,0.0,0.0,0.0,0.0,0.0,0.0,0.0,0.0,0.0,0.0,0.0,0.0,0.0,0.0,0.0,198759.5,6898.644073697059,194483.67610421777,203035.32389578223,0.62754,0.26575263853608094,0.4628248081332036,0.7922551918667964,0.0,0.0
classical_baseline,distributed_edge,100,500,500,log_normal,0.5,10,1.0,0.0,1.0,1.0,1.0,0.0,1.0,1.0,1730.7,29.265261925285337,1712.56120273496,1748.83879726504,1682.40106,20.11585026480366,1669.9331268340945,1694.8689931659053,719.62506,12.168495908533657,712.0829480971963,727.1671719028036,498.276,10.674537929109636,491.6598528461347,504.8921471538653,232.5,0.0,232.5,232.5,0.0,0.0,0.0,0.0,0.0,0.0,0.0,0.0,0.0,0.0,0.0,0.0,114778.0,5127.539197531523,111599.91827942563,117956.08172057437,0.62354,0.26575263853608094,0.4588248081332036,0.7882551918667964,232.5,0.0
intelligent_dstep,dstep_full,100,500,500,log_normal,0.5,10,1.0,0.0,1.0,1.0,1.0,0.0,1.0,1.0,195.4,6.850790708621402,191.15383592717694,199.64616407282307,1241.76636,30.156907562546923,1223.0749150433783,1260.4578049566219,72.16210000000001,2.048626403227293,70.89234820024448,73.43185179975553,379.242,22.396071977023126,365.3607707746612,393.12322922533883,232.5,0.0,232.5,232.5,52.5,0.0,52.5,52.5,208.276,4.97690488378291,205.19128239436918,211.36071760563084,65.08625,1.5552827761821622,64.12227574824037,66.05022425175964,5764.5,326.95030203381066,5561.854103323062,5967.145896676938,3.9939999999999998,0.8969736512914473,3.438049971109233,4.549950028890766,558.36225,6.5321876599650635
classical_baseline,event_driven,100,500,500,log_normal,0.5,10,1.0,0.0,1.0,1.0,1.0,0.0,1.0,1.0,1730.7,29.265261925285337,1712.56120273496,1748.83879726504,1449.90106,20.11585026480366,1437.4331268340945,1462.3689931659053,719.62506,12.168495908533657,712.0829480971963,727.1671719028036,498.276,10.674537929109636,491.6598528461347,504.8921471538653,0.0,0.0,0.0,0.0,0.0,0.0,0.0,0.0,0.0,0.0,0.0,0.0,0.0,0.0,0.0,0.0,114778.0,5127.539197531523,111599.91827942563,117956.08172057437,0.62754,0.26575263853608094,0.4628248081332036,0.7922551918667964,0.0,0.0
classical_baseline,periodic,100,500,500,log_normal,0.5,10,1.0,0.0,1.0,1.0,1.0,0.0,1.0,1.0,3000.0,0.0,3000.0,3000.0,2019.4,0.0,2019.4,2019.4,1247.4,0.0,1247.4,1247.4,540.0,0.0,540.0,540.0,0.0,0.0,0.0,0.0,0.0,0.0,0.0,0.0,0.0,0.0,0.0,0.0,0.0,0.0,0.0,0.0,198759.5,6898.644073697059,194483.67610421777,203035.32389578223,0.62754,0.26575263853608094,0.4628248081332036,0.7922551918667964,0.0,0.0
classical_baseline,distributed_edge,100,500,500,log_normal,0.75,10,1.0,0.0,1.0,1.0,1.0,0.0,1.0,1.0,1730.7,29.265261925285337,1712.56120273496,1748.83879726504,1798.65106,20.11585026480366,1786.1831268340945,1811.1189931659053,719.62506,12.168495908533657,712.0829480971963,727.1671719028036,498.276,10.674537929109636,491.6598528461347,504.8921471538653,348.75,0.0,348.75,348.75,0.0,0.0,0.0,0.0,0.0,0.0,0.0,0.0,0.0,0.0,0.0,0.0,114778.0,5127.539197531523,111599.91827942563,117956.08172057437,0.62354,0.26575263853608094,0.4588248081332036,0.7882551918667964,348.75,0.0
intelligent_dstep,dstep_full,100,500,500,log_normal,0.75,10,1.0,0.0,1.0,1.0,1.0,0.0,1.0,1.0,195.4,6.850790708621402,191.15383592717694,199.64616407282307,1520.9475,33.41845384205162,1500.2345277156708,1541.6604722843292,72.16210000000001,2.048626403227293,70.89234820024448,73.43185179975553,379.242,22.396071977023126,365.3607707746612,393.12322922533883,348.75,0.0,348.75,348.75,78.75,0.0,78.75,78.75,312.414,7.465357325674384,307.7869235915537,317.04107640844626,97.6294,2.332914452877438,96.18344464154603,99.07535535845398,5764.5,326.95030203381066,5561.854103323062,5967.145896676938,3.9939999999999998,0.8969736512914473,3.438049971109233,4.549950028890766,837.5434,9.798271778453827
classical_baseline,event_driven,100,500,500,log_normal,0.75,10,1.0,0.0,1.0,1.0,1.0,0.0,1.0,1.0,1730.7,29.265261925285337,1712.56120273496,1748.83879726504,1449.90106,20.11585026480366,1437.4331268340945,1462.3689931659053,719.62506,12.168495908533657,712.0829480971963,727.1671719028036,498.276,10.674537929109636,491.6598528461347,504.8921471538653,0.0,0.0,0.0,0.0,0.0,0.0,0.0,0.0,0.0,0.0,0.0,0.0,0.0,0.0,0.0,0.0,114778.0,5127.539197531523,111599.91827942563,117956.08172057437,0.62754,0.26575263853608094,0.4628248081332036,0.7922551918667964,0.0,0.0
classical_baseline,periodic,100,500,500,log_normal,0.75,10,1.0,0.0,1.0,1.0,1.0,0.0,1.0,1.0,3000.0,0.0,3000.0,3000.0,2019.4,0.0,2019.4,2019.4,1247.4,0.0,1247.4,1247.4,540.0,0.0,540.0,540.0,0.0,0.0,0.0,0.0,0.0,0.0,0.0,0.0,0.0,0.0,0.0,0.0,0.0,0.0,0.0,0.0,198759.5,6898.644073697059,194483.67610421777,203035.32389578223,0.62754,0.26575263853608094,0.4628248081332036,0.7922551918667964,0.0,0.0
classical_baseline,distributed_edge,100,500,500,log_normal,1.0,10,1.0,0.0,1.0,1.0,1.0,0.0,1.0,1.0,1730.7,29.265261925285337,1712.56120273496,1748.83879726504,1914.90106,20.11585026480366,1902.4331268340945,1927.3689931659053,719.62506,12.168495908533657,712.0829480971963,727.1671719028036,498.276,10.674537929109636,491.6598528461347,504.8921471538653,465.0,0.0,465.0,465.0,0.0,0.0,0.0,0.0,0.0,0.0,0.0,0.0,0.0,0.0,0.0,0.0,114778.0,5127.539197531523,111599.91827942563,117956.08172057437,0.62354,0.26575263853608094,0.4588248081332036,0.7882551918667964,465.0,0.0
intelligent_dstep,dstep_full,100,500,500,log_normal,1.0,10,1.0,0.0,1.0,1.0,1.0,0.0,1.0,1.0,195.4,6.850790708621402,191.15383592717694,199.64616407282307,1800.12861,36.68082451219347,1777.3935994253527,1822.8636205746473,72.16210000000001,2.048626403227293,70.89234820024448,73.43185179975553,379.242,22.396071977023126,365.3607707746612,393.12322922533883,465.0,0.0,465.0,465.0,105.0,0.0,105.0,105.0,416.552,9.95380976756582,410.38256478873836,422.7214352112617,130.1725,3.1105655523643243,128.24455149648074,132.1004485035193,5764.5,326.95030203381066,5561.854103323062,5967.145896676938,3.9939999999999998,0.8969736512914473,3.438049971109233,4.549950028890766,1116.7245,13.064375319930127
classical_baseline,event_driven,100,500,500,log_normal,1.0,10,1.0,0.0,1.0,1.0,1.0,0.0,1.0,1.0,1730.7,29.265261925285337,1712.56120273496,1748.83879726504,1449.90106,20.11585026480366,1437.4331268340945,1462.3689931659053,719.62506,12.168495908533657,712.0829480971963,727.1671719028036,498.276,10.674537929109636,491.6598528461347,504.8921471538653,0.0,0.0,0.0,0.0,0.0,0.0,0.0,0.0,0.0,0.0,0.0,0.0,0.0,0.0,0.0,0.0,114778.0,5127.539197531523,111599.91827942563,117956.08172057437,0.62754,0.26575263853608094,0.4628248081332036,0.7922551918667964,0.0,0.0
classical_baseline,periodic,100,500,500,log_normal,1.0,10,1.0,0.0,1.0,1.0,1.0,0.0,1.0,1.0,3000.0,0.0,3000.0,3000.0,2019.4,0.0,2019.4,2019.4,1247.4,0.0,1247.4,1247.4,540.0,0.0,540.0,540.0,0.0,0.0,0.0,0.0,0.0,0.0,0.0,0.0,0.0,0.0,0.0,0.0,0.0,0.0,0.0,0.0,198759.5,6898.644073697059,194483.67610421777,203035.32389578223,0.62754,0.26575263853608094,0.4628248081332036,0.7922551918667964,0.0,0.0
classical_baseline,distributed_edge,100,500,500,log_normal,1.25,10,1.0,0.0,1.0,1.0,1.0,0.0,1.0,1.0,1730.7,29.265261925285337,1712.56120273496,1748.83879726504,2031.15106,20.115850264803615,2018.6831268340945,2043.6189931659053,719.62506,12.168495908533657,712.0829480971963,727.1671719028036,498.276,10.674537929109636,491.6598528461347,504.8921471538653,581.25,0.0,581.25,581.25,0.0,0.0,0.0,0.0,0.0,0.0,0.0,0.0,0.0,0.0,0.0,0.0,114778.0,5127.539197531523,111599.91827942563,117956.08172057437,0.62354,0.26575263853608094,0.4588248081332036,0.7882551918667964,581.25,0.0
intelligent_dstep,dstep_full,100,500,500,log_normal,1.25,10,1.0,0.0,1.0,1.0,1.0,0.0,1.0,1.0,195.4,6.850790708621402,191.15383592717694,199.64616407282307,2079.30968,39.94379203185392,2054.5522612038703,2104.0670987961294,72.16210000000001,2.048626403227293,70.89234820024448,73.43185179975553,379.242,22.396071977023126,365.3607707746612,393.12322922533883,581.25,0.0,581.25,581.25,131.25,0.0,131.25,131.25,520.69,12.442262209457297,512.978205985923,528.4017940140772,162.71562,3.888222028068295,160.30567501920154,165.12556498079846,5764.5,326.95030203381066,5561.854103323062,5967.145896676938,3.9939999999999998,0.8969736512914473,3.438049971109233,4.549950028890766,1395.90562,16.330484237414527
classical_baseline,event_driven,100,500,500,log_normal,1.25,10,1.0,0.0,1.0,1.0,1.0,0.0,1.0,1.0,1730.7,29.265261925285337,1712.56120273496,1748.83879726504,1449.90106,20.11585026480366,1437.4331268340945,1462.3689931659053,719.62506,12.168495908533657,712.0829480971963,727.1671719028036,498.276,10.674537929109636,491.6598528461347,504.8921471538653,0.0,0.0,0.0,0.0,0.0,0.0,0.0,0.0,0.0,0.0,0.0,0.0,0.0,0.0,0.0,0.0,114778.0,5127.539197531523,111599.91827942563,117956.08172057437,0.62754,0.26575263853608094,0.4628248081332036,0.7922551918667964,0.0,0.0
classical_baseline,periodic,100,500,500,log_normal,1.25,10,1.0,0.0,1.0,1.0,1.0,0.0,1.0,1.0,3000.0,0.0,3000.0,3000.0,2019.4,0.0,2019.4,2019.4,1247.4,0.0,1247.4,1247.4,540.0,0.0,540.0,540.0,0.0,0.0,0.0,0.0,0.0,0.0,0.0,0.0,0.0,0.0,0.0,0.0,0.0,0.0,0.0,0.0,198759.5,6898.644073697059,194483.67610421777,203035.32389578223,0.62754,0.26575263853608094,0.4628248081332036,0.7922551918667964,0.0,0.0
classical_baseline,distributed_edge,100,500,500,log_normal,1.5,10,1.0,0.0,1.0,1.0,1.0,0.0,1.0,1.0,1730.7,29.265261925285337,1712.56120273496,1748.83879726504,2147.40106,20.11585026480359,2134.9331268340948,2159.8689931659055,719.62506,12.168495908533657,712.0829480971963,727.1671719028036,498.276,10.674537929109636,491.6598528461347,504.8921471538653,697.5,0.0,697.5,697.5,0.0,0.0,0.0,0.0,0.0,0.0,0.0,0.0,0.0,0.0,0.0,0.0,114778.0,5127.539197531523,111599.91827942563,117956.08172057437,0.62354,0.26575263853608094,0.4588248081332036,0.7882551918667964,697.5,0.0
intelligent_dstep,dstep_full,100,500,500,log_normal,1.5,10,1.0,0.0,1.0,1.0,1.0,0.0,1.0,1.0,195.4,6.850790708621402,191.15383592717694,199.64616407282307,2358.49086,43.20724072771449,2331.7107347462893,2385.2709852537105,72.16210000000001,2.048626403227293,70.89234820024448,73.43185179975553,379.242,22.396071977023126,365.3607707746612,393.12322922533883,697.5,0.0,697.5,697.5,157.5,0.0,157.5,157.5,624.828,14.930714651348769,615.5738471831074,634.0821528168925,195.25875,4.665848328546479,192.36682724472107,198.15067275527892,5764.5,326.95030203381066,5561.854103323062,5967.145896676938,3.9939999999999998,0.8969736512914473,3.438049971109233,4.549950028890766,1675.08675,19.59656297989527
classical_baseline,event_driven,100,500,500,log_normal,1.5,10,1.0,0.0,1.0,1.0,1.0,0.0,1.0,1.0,1730.7,29.265261925285337,1712.56120273496,1748.83879726504,1449.90106,20.11585026480366,1437.4331268340945,1462.3689931659053,719.62506,12.168495908533657,712.0829480971963,727.1671719028036,498.276,10.674537929109636,491.6598528461347,504.8921471538653,0.0,0.0,0.0,0.0,0.0,0.0,0.0,0.0,0.0,0.0,0.0,0.0,0.0,0.0,0.0,0.0,114778.0,5127.539197531523,111599.91827942563,117956.08172057437,0.62754,0.26575263853608094,0.4628248081332036,0.7922551918667964,0.0,0.0
classical_baseline,periodic,100,500,500,log_normal,1.5,10,1.0,0.0,1.0,1.0,1.0,0.0,1.0,1.0,3000.0,0.0,3000.0,3000.0,2019.4,0.0,2019.4,2019.4,1247.4,0.0,1247.4,1247.4,540.0,0.0,540.0,540.0,0.0,0.0,0.0,0.0,0.0,0.0,0.0,0.0,0.0,0.0,0.0,0.0,0.0,0.0,0.0,0.0,198759.5,6898.644073697059,194483.67610421777,203035.32389578223,0.62754,0.26575263853608094,0.4628248081332036,0.7922551918667964,0.0,0.0
classical_baseline,distributed_edge,100,500,500,log_normal,2.0,10,1.0,0.0,1.0,1.0,1.0,0.0,1.0,1.0,1730.7,29.265261925285337,1712.56120273496,1748.83879726504,2379.90106,20.11585026480359,2367.4331268340948,2392.3689931659055,719.62506,12.168495908533657,712.0829480971963,727.1671719028036,498.276,10.674537929109636,491.6598528461347,504.8921471538653,930.0,0.0,930.0,930.0,0.0,0.0,0.0,0.0,0.0,0.0,0.0,0.0,0.0,0.0,0.0,0.0,114778.0,5127.539197531523,111599.91827942563,117956.08172057437,0.62354,0.26575263853608094,0.4588248081332036,0.7882551918667964,930.0,0.0
intelligent_dstep,dstep_full,100,500,500,log_normal,2.0,10,1.0,0.0,1.0,1.0,1.0,0.0,1.0,1.0,195.4,6.850790708621402,191.15383592717694,199.64616407282307,2916.85311,49.73517233267617,2886.0269308191196,2947.6792891808805,72.16210000000001,2.048626403227293,70.89234820024448,73.43185179975553,379.242,22.396071977023126,365.3607707746612,393.12322922533883,930.0,0.0,930.0,930.0,210.0,0.0,210.0,210.0,833.104,19.90761953513164,820.7651295774767,845.4428704225234,260.345,6.221131104728649,256.4891029929615,264.2008970070386,5764.5,326.95030203381066,5561.854103323062,5967.145896676938,3.9939999999999998,0.8969736512914473,3.438049971109233,4.549950028890766,2233.449,26.128750639860254
classical_baseline,event_driven,100,500,500,log_normal,2.0,10,1.0,0.0,1.0,1.0,1.0,0.0,1.0,1.0,1730.7,29.265261925285337,1712.56120273496,1748.83879726504,1449.90106,20.11585026480366,1437.4331268340945,1462.3689931659053,719.62506,12.168495908533657,712.0829480971963,727.1671719028036,498.276,10.674537929109636,491.6598528461347,504.8921471538653,0.0,0.0,0.0,0.0,0.0,0.0,0.0,0.0,0.0,0.0,0.0,0.0,0.0,0.0,0.0,0.0,114778.0,5127.539197531523,111599.91827942563,117956.08172057437,0.62754,0.26575263853608094,0.4628248081332036,0.7922551918667964,0.0,0.0
classical_baseline,periodic,100,500,500,log_normal,2.0,10,1.0,0.0,1.0,1.0,1.0,0.0,1.0,1.0,3000.0,0.0,3000.0,3000.0,2019.4,0.0,2019.4,2019.4,1247.4,0.0,1247.4,1247.4,540.0,0.0,540.0,540.0,0.0,0.0,0.0,0.0,0.0,0.0,0.0,0.0,0.0,0.0,0.0,0.0,0.0,0.0,0.0,0.0,198759.5,6898.644073697059,194483.67610421777,203035.32389578223,0.62754,0.26575263853608094,0.4628248081332036,0.7922551918667964,0.0,0.0
classical_baseline,distributed_edge,100,500,500,log_normal,3.0,10,1.0,0.0,1.0,1.0,1.0,0.0,1.0,1.0,1730.7,29.265261925285337,1712.56120273496,1748.83879726504,2844.90106,20.11585026480359,2832.4331268340948,2857.3689931659055,719.62506,12.168495908533657,712.0829480971963,727.1671719028036,498.276,10.674537929109636,491.6598528461347,504.8921471538653,1395.0,0.0,1395.0,1395.0,0.0,0.0,0.0,0.0,0.0,0.0,0.0,0.0,0.0,0.0,0.0,0.0,114778.0,5127.539197531523,111599.91827942563,117956.08172057437,0.62354,0.26575263853608094,0.4588248081332036,0.7882551918667964,1395.0,0.0
intelligent_dstep,dstep_full,100,500,500,log_normal,3.0,10,1.0,0.0,1.0,1.0,1.0,0.0,1.0,1.0,195.4,6.850790708621402,191.15383592717694,199.64616407282307,4033.5776,62.79366400075732,3994.657683829536,4072.497516170464,72.16210000000001,2.048626403227293,70.89234820024448,73.43185179975553,379.242,22.396071977023126,365.3607707746612,393.12322922533883,1395.0,0.0,1395.0,1395.0,315.0,0.0,315.0,315.0,1249.656,29.861429302697537,1231.1476943662149,1268.164305633785,390.5175,9.331696657092959,384.73365448944213,396.30134551055784,5764.5,326.95030203381066,5561.854103323062,5967.145896676938,3.9939999999999998,0.8969736512914473,3.438049971109233,4.549950028890766,3350.1735,39.19312595979054
classical_baseline,event_driven,100,500,500,log_normal,3.0,10,1.0,0.0,1.0,1.0,1.0,0.0,1.0,1.0,1730.7,29.265261925285337,1712.56120273496,1748.83879726504,1449.90106,20.11585026480366,1437.4331268340945,1462.3689931659053,719.62506,12.168495908533657,712.0829480971963,727.1671719028036,498.276,10.674537929109636,491.6598528461347,504.8921471538653,0.0,0.0,0.0,0.0,0.0,0.0,0.0,0.0,0.0,0.0,0.0,0.0,0.0,0.0,0.0,0.0,114778.0,5127.539197531523,111599.91827942563,117956.08172057437,0.62754,0.26575263853608094,0.4628248081332036,0.7922551918667964,0.0,0.0
classical_baseline,periodic,100,500,500,log_normal,3.0,10,1.0,0.0,1.0,1.0,1.0,0.0,1.0,1.0,3000.0,0.0,3000.0,3000.0,2019.4,0.0,2019.4,2019.4,1247.4,0.0,1247.4,1247.4,540.0,0.0,540.0,540.0,0.0,0.0,0.0,0.0,0.0,0.0,0.0,0.0,0.0,0.0,0.0,0.0,0.0,0.0,0.0,0.0,198759.5,6898.644073697059,194483.67610421777,203035.32389578223,0.62754,0.26575263853608094,0.4628248081332036,0.7922551918667964,0.0,0.0
classical_baseline,distributed_edge,100,500,500,log_normal,4.0,10,1.0,0.0,1.0,1.0,1.0,0.0,1.0,1.0,1730.7,29.265261925285337,1712.56120273496,1748.83879726504,3309.90106,20.11585026480359,3297.4331268340948,3322.3689931659055,719.62506,12.168495908533657,712.0829480971963,727.1671719028036,498.276,10.674537929109636,491.6598528461347,504.8921471538653,1860.0,0.0,1860.0,1860.0,0.0,0.0,0.0,0.0,0.0,0.0,0.0,0.0,0.0,0.0,0.0,0.0,114778.0,5127.539197531523,111599.91827942563,117956.08172057437,0.62354,0.26575263853608094,0.4588248081332036,0.7882551918667964,1860.0,0.0
intelligent_dstep,dstep_full,100,500,500,log_normal,4.0,10,1.0,0.0,1.0,1.0,1.0,0.0,1.0,1.0,195.4,6.850790708621402,191.15383592717694,199.64616407282307,5150.30211,75.854226923055,5103.287173063288,5197.317046936711,72.16210000000001,2.048626403227293,70.89234820024448,73.43185179975553,379.242,22.396071977023126,365.3607707746612,393.12322922533883,1860.0,0.0,1860.0,1860.0,420.0,0.0,420.0,420.0,1666.208,39.81523907026328,1641.5302591549535,1690.8857408450467,520.69,12.442262209457297,512.978205985923,528.4017940140772,5764.5,326.95030203381066,5561.854103323062,5967.145896676938,3.9939999999999998,0.8969736512914473,3.438049971109233,4.549950028890766,4466.898,52.25750127972051
classical_baseline,event_driven,100,500,500,log_normal,4.0,10,1.0,0.0,1.0,1.0,1.0,0.0,1.0,1.0,1730.7,29.265261925285337,1712.56120273496,1748.83879726504,1449.90106,20.11585026480366,1437.4331268340945,1462.3689931659053,719.62506,12.168495908533657,712.0829480971963,727.1671719028036,498.276,10.674537929109636,491.6598528461347,504.8921471538653,0.0,0.0,0.0,0.0,0.0,0.0,0.0,0.0,0.0,0.0,0.0,0.0,0.0,0.0,0.0,0.0,114778.0,5127.539197531523,111599.91827942563,117956.08172057437,0.62754,0.26575263853608094,0.4628248081332036,0.7922551918667964,0.0,0.0
classical_baseline,periodic,100,500,500,log_normal,4.0,10,1.0,0.0,1.0,1.0,1.0,0.0,1.0,1.0,3000.0,0.0,3000.0,3000.0,2019.4,0.0,2019.4,2019.4,1247.4,0.0,1247.4,1247.4,540.0,0.0,540.0,540.0,0.0,0.0,0.0,0.0,0.0,0.0,0.0,0.0,0.0,0.0,0.0,0.0,0.0,0.0,0.0,0.0,198759.5,6898.644073697059,194483.67610421777,203035.32389578223,0.62754,0.26575263853608094,0.4628248081332036,0.7922551918667964,0.0,0.0
classical_baseline,distributed_edge,100,500,500,rician,0.1,10,1.0,0.0,1.0,1.0,1.0,0.0,1.0,1.0,1730.7,29.265261925285337,1712.56120273496,1748.83879726504,1491.25306,21.265107906521465,1478.0728095679228,1504.4333104320772,719.62506,12.168495908533657,712.0829480971963,727.1671719028036,493.128,12.075422973958304,485.643575299704,500.61242470029595,46.5,0.0,46.5,46.5,0.0,0.0,0.0,0.0,0.0,0.0,0.0,0.0,0.0,0.0,0.0,0.0,104520.3,4665.878267926748,101628.35868810094,107412.24131189907,0.62354,0.26575263853608094,0.4588248081332036,0.7882551918667964,46.5,0.0
intelligent_dstep,dstep_full,100,500,500,rician,0.1,10,1.0,0.0,1.0,1.0,1.0,0.0,1.0,1.0,194.6,8.591985930052623,189.27463194803505,199.92536805196494,794.99527,29.73305772327606,776.5665298954647,813.4240101045353,72.44277,2.57972600140661,70.84383925889368,74.04170074110631,378.9,26.73011784485808,362.33250131516525,395.4674986848347,46.5,0.0,46.5,46.5,10.5,0.0,10.5,10.5,41.64,1.1880052375492476,40.903666725118455,42.376333274881546,13.0125,0.37125163673413974,12.782395851599517,13.242604148400481,5256.2,279.630232032709,5082.883386570512,5429.516613429488,3.53312,0.8209846023728662,3.0242684715845165,4.041971528415483,111.65249999999999,1.559256874283383
classical_baseline,event_driven,100,500,500,rician,0.1,10,1.0,0.0,1.0,1.0,1.0,0.0,1.0,1.0,1730.7,29.265261925285337,1712.56120273496,1748.83879726504,1444.75306,21.265107906521465,1431.5728095679228,1457.9333104320772,719.62506,12.168495908533657,712.0829480971963,727.1671719028036,493.128,12.075422973958304,485.643575299704,500.61242470029595,0.0,0.0,0.0,0.0,0.0,0.0,0.0,0.0,0.0,0.0,0.0,0.0,0.0,0.0,0.0,0.0,104520.3,4665.878267926748,101628.35868810094,107412.24131189907,0.62754,0.26575263853608094,0.4628248081332036,0.7922551918667964,0.0,0.0
classical_baseline,periodic,100,500,500,rician,0.1,10,1.0,0.0,1.0,1.0,1.0,0.0,1.0,1.0,3000.0,0.0,3000.0,3000.0,2019.4,0.0,2019.4,2019.4,1247.4,0.0,1247.4,1247.4,540.0,0.0,540.0,540.0,0.0,0.0,0.0,0.0,0.0,0.0,0.0,0.0,0.0,0.0,0.0,0.0,0.0,0.0,0.0,0.0,181147.6,6208.787396370835,177299.35370266542,184995.8462973346,0.62754,0.26575263853608094,0.4628248081332036,0.7922551918667964,0.0,0.0
classical_baseline,distributed_edge,100,500,500,rician,0.25,10,1.0,0.0,1.0,1.0,1.0,0.0,1.0,1.0,1730.7,29.265261925285337,1712.56120273496,1748.83879726504,1561.00306,21.265107906521465,1547.8228095679228,1574.1833104320772,719.62506,12.168495908533657,712.0829480971963,727.1671719028036,493.128,12.075422973958304,485.643575299704,500.61242470029595,116.25,0.0,116.25,116.25,0.0,0.0,0.0,0.0,0.0,0.0,0.0,0.0,0.0,0.0,0.0,0.0,104520.3,4665.878267926748,101628.35868810094,107412.24131189907,0.62354,0.26575263853608094,0.4588248081332036,0.7882551918667964,116.25,0.0
intelligent_dstep,dstep_full,100,500,500,rician,0.25,10,1.0,0.0,1.0,1.0,1.0,0.0,1.0,1.0,194.6,8.591985930052623,189.27463194803505,199.92536805196494,962.47405,32.06604308119417,942.5993105896113,982.3487894103888,72.44277,2.57972600140661,70.84383925889368,74.04170074110631,378.9,26.73011784485808,362.33250131516525,395.4674986848347,116.25,0.0,116.25,116.25,26.25,0.0,26.25,26.25,104.1,2.970013093873118,102.25916681279614,105.94083318720385,32.53122,0.9281363498969325,31.955955130405616,33.10648486959438,5256.2,279.630232032709,5082.883386570512,5429.516613429488,3.53312,0.8209846023728662,3.0242684715845165,4.041971528415483,279.13122,3.8981494435180486
classical_baseline,event_driven,100,500,500,rician,0.25,10,1.0,0.0,1.0,1.0,1.0,0.0,1.0,1.0,1730.7,29.265261925285337,1712.56120273496,1748.83879726504,1444.75306,21.265107906521465,1431.5728095679228,1457.9333104320772,719.62506,12.168495908533657,712.0829480971963,727.1671719028036,493.128,12.075422973958304,485.643575299704,500.61242470029595,0.0,0.0,0.0,0.0,0.0,0.0,0.0,0.0,0.0,0.0,0.0,0.0,0.0,0.0,0.0,0.0,104520.3,4665.878267926748,101628.35868810094,107412.24131189907,0.62754,0.26575263853608094,0.4628248081332036,0.7922551918667964,0.0,0.0
classical_baseline,periodic,100,500,500,rician,0.25,10,1.0,0.0,1.0,1.0,1.0,0.0,1.0,1.0,3000.0,0.0,3000.0,3000.0,2019.4,0.0,2019.4,2019.4,1247.4,0.0,1247.4,1247.4,540.0,0.0,540.0,540.0,0.0,0.0,0.0,0.0,0.0,0.0,0.0,0.0,0.0,0.0,0.0,0.0,0.0,0.0,0.0,0.0,181147.6,6208.787396370835,177299.35370266542,184995.8462973346,0.62754,0.26575263853608094,0.4628248081332036,0.7922551918667964,0.0,0.0
classical_baseline,distributed_edge,100,500,500,rician,0.5,10,1.0,0.0,1.0,1.0,1.0,0.0,1.0,1.0,1730.7,29.265261925285337,1712.56120273496,1748.83879726504,1677.25306,21.265107906521465,1664.0728095679228,1690.4333104320772,719.62506,12.168495908533657,712.0829480971963,727.1671719028036,493.128,12.075422973958304,485.643575299704,500.61242470029595,232.5,0.0,232.5,232.5,0.0,0.0,0.0,0.0,0.0,0.0,0.0,0.0,0.0,0.0,0.0,0.0,104520.3,4665.878267926748,101628.35868810094,107412.24131189907,0.62354,0.26575263853608094,0.4588248081332036,0.7882551918667964,232.5,0.0
intelligent_dstep,dstep_full,100,500,500,rician,0.5,10,1.0,0.0,1.0,1.0,1.0,0.0,1.0,1.0,194.6,8.591985930052623,189.27463194803505,199.92536805196494,1241.60527,35.956074631541725,1219.3194640552845,1263.8910759447156,72.44277,2.57972600140661,70.84383925889368,74.04170074110631,378.9,26.73011784485808,362.33250131516525,395.4674986848347,232.5,0.0,232.5,232.5,52.5,0.0,52.5,52.5,208.2,5.940026187746236,204.51833362559228,211.8816663744077,65.0625,1.8562581836706984,63.91197925799759,66.21302074200241,5256.2,279.630232032709,5082.883386570512,5429.516613429488,3.53312,0.8209846023728662,3.0242684715845165,4.041971528415483,558.2625,7.79628437141696
classical_baseline,event_driven,100,500,500,rician,0.5,10,1.0,0.0,1.0,1.0,1.0,0.0,1.0,1.0,1730.7,29.265261925285337,1712.56120273496,1748.83879726504,1444.75306,21.265107906521465,1431.5728095679228,1457.9333104320772,719.62506,12.168495908533657,712.0829480971963,727.1671719028036,493.128,12.075422973958304,485.643575299704,500.61242470029595,0.0,0.0,0.0,0.0,0.0,0.0,0.0,0.0,0.0,0.0,0.0,0.0,0.0,0.0,0.0,0.0,104520.3,4665.878267926748,101628.35868810094,107412.24131189907,0.62754,0.26575263853608094,0.4628248081332036,0.7922551918667964,0.0,0.0
classical_baseline,periodic,100,500,500,rician,0.5,10,1.0,0.0,1.0,1.0,1.0,0.0,1.0,1.0,3000.0,0.0,3000.0,3000.0,2019.4,0.0,2019.4,2019.4,1247.4,0.0,1247.4,1247.4,540.0,0.0,540.0,540.0,0.0,0.0,0.0,0.0,0.0,0.0,0.0,0.0,0.0,0.0,0.0,0.0,0.0,0.0,0.0,0.0,181147.6,6208.787396370835,177299.35370266542,184995.8462973346,0.62754,0.26575263853608094,0.4628248081332036,0.7922551918667964,0.0,0.0
classical_baseline,distributed_edge,100,500,500,rician,0.75,10,1.0,0.0,1.0,1.0,1.0,0.0,1.0,1.0,1730.7,29.265261925285337,1712.56120273496,1748.83879726504,1793.50306,21.265107906521465,1780.3228095679228,1806.6833104320772,719.62506,12.168495908533657,712.0829480971963,727.1671719028036,493.128,12.075422973958304,485.643575299704,500.61242470029595,348.75,0.0,348.75,348.75,0.0,0.0,0.0,0.0,0.0,0.0,0.0,0.0,0.0,0.0,0.0,0.0,104520.3,4665.878267926748,101628.35868810094,107412.24131189907,0.62354,0.26575263853608094,0.4588248081332036,0.7882551918667964,348.75,0.0
intelligent_dstep,dstep_full,100,500,500,rician,0.75,10,1.0,0.0,1.0,1.0,1.0,0.0,1.0,1.0,194.6,8.591985930052623,189.27463194803505,199.92536805196494,1520.73655,39.84767712659046,1496.0387038393442,1545.434396160656,72.44277,2.57972600140661,70.84383925889368,74.04170074110631,378.9,26.73011784485808,362.33250131516525,395.4674986848347,348.75,0.0,348.75,348.75,78.75,0.0,78.75,78.75,312.3,8.910039281619364,306.7775004383884,317.8224995616116,97.59378,2.7843800178854887,95.8680033853162,99.31955661468379,5256.2,279.630232032709,5082.883386570512,5429.516613429488,3.53312,0.8209846023728662,3.0242684715845165,4.041971528415483,837.39378,11.694419299420858
classical_baseline,event_driven,100,500,500,rician,0.75,10,1.0,0.0,1.0,1.0,1.0,0.0,1.0,1.0,1730.7,29.265261925285337,1712.56120273496,1748.83879726504,1444.75306,21.265107906521465,1431.5728095679228,1457.9333104320772,719.62506,12.168495908533657,712.0829480971963,727.1671719028036,493.128,12.075422973958304,485.643575299704,500.61242470029595,0.0,0.0,0.0,0.0,0.0,0.0,0.0,0.0,0.0,0.0,0.0,0.0,0.0,0.0,0.0,0.0,104520.3,4665.878267926748,101628.35868810094,107412.24131189907,0.62754,0.26575263853608094,0.4628248081332036,0.7922551918667964,0.0,0.0
classical_baseline,periodic,100,500,500,rician,0.75,10,1.0,0.0,1.0,1.0,1.0,0.0,1.0,1.0,3000.0,0.0,3000.0,3000.0,2019.4,0.0,2019.4,2019.4,1247.4,0.0,1247.4,1247.4,540.0,0.0,540.0,540.0,0.0,0.0,0.0,0.0,0.0,0.0,0.0,0.0,0.0,0.0,0.0,0.0,0.0,0.0,0.0,0.0,181147.6,6208.787396370835,177299.35370266542,184995.8462973346,0.62754,0.26575263853608094,0.4628248081332036,0.7922551918667964,0.0,0.0
classical_baseline,distributed_edge,100,500,500,rician,1.0,10,1.0,0.0,1.0,1.0,1.0,0.0,1.0,1.0,1730.7,29.265261925285337,1712.56120273496,1748.83879726504,1909.75306,21.265107906521465,1896.5728095679228,1922.9333104320772,719.62506,12.168495908533657,712.0829480971963,727.1671719028036,493.128,12.075422973958304,485.643575299704,500.61242470029595,465.0,0.0,465.0,465.0,0.0,0.0,0.0,0.0,0.0,0.0,0.0,0.0,0.0,0.0,0.0,0.0,104520.3,4665.878267926748,101628.35868810094,107412.24131189907,0.62354,0.26575263853608094,0.4588248081332036,0.7882551918667964,465.0,0.0
intelligent_dstep,dstep_full,100,500,500,rician,1.0,10,1.0,0.0,1.0,1.0,1.0,0.0,1.0,1.0,194.6,8.591985930052623,189.27463194803505,199.92536805196494,1799.86777,43.74045861185806,1772.7571528776955,1826.9783871223046,72.44277,2.57972600140661,70.84383925889368,74.04170074110631,378.9,26.73011784485808,362.33250131516525,395.4674986848347,465.0,0.0,465.0,465.0,105.0,0.0,105.0,105.0,416.4,11.880052375492472,409.03666725118455,423.7633327488154,130.125,3.712516367341397,127.82395851599517,132.42604148400483,5256.2,279.630232032709,5082.883386570512,5429.516613429488,3.53312,0.8209846023728662,3.0242684715845165,4.041971528415483,1116.525,15.59256874283392
classical_baseline,event_driven,100,500,500,rician,1.0,10,1.0,0.0,1.0,1.0,1.0,0.0,1.0,1.0,1730.7,29.265261925285337,1712.56120273496,1748.83879726504,1444.75306,21.265107906521465,1431.5728095679228,1457.9333104320772,719.62506,12.168495908533657,712.0829480971963,727.1671719028036,493.128,12.075422973958304,485.643575299704,500.61242470029595,0.0,0.0,0.0,0.0,0.0,0.0,0.0,0.0,0.0,0.0,0.0,0.0,0.0,0.0,0.0,0.0,104520.3,4665.878267926748,101628.35868810094,107412.24131189907,0.62754,0.26575263853608094,0.4628248081332036,0.7922551918667964,0.0,0.0
classical_baseline,periodic,100,500,500,rician,1.0,10,1.0,0.0,1.0,1.0,1.0,0.0,1.0,1.0,3000.0,0.0,3000.0,3000.0,2019.4,0.0,2019.4,2019.4,1247.4,0.0,1247.4,1247.4,540.0,0.0,540.0,540.0,0.0,0.0,0.0,0.0,0.0,0.0,0.0,0.0,0.0,0.0,0.0,0.0,0.0,0.0,0.0,0.0,181147.6,6208.787396370835,177299.35370266542,184995.8462973346,0.62754,0.26575263853608094,0.4628248081332036,0.7922551918667964,0.0,0.0
classical_baseline,distributed_edge,100,500,500,rician,1.25,10,1.0,0.0,1.0,1.0,1.0,0.0,1.0,1.0,1730.7,29.265261925285337,1712.56120273496,1748.83879726504,2026.00306,21.265107906521422,2012.8228095679228,2039.1833104320772,719.62506,12.168495908533657,712.0829480971963,727.1671719028036,493.128,12.075422973958304,485.643575299704,500.61242470029595,581.25,0.0,581.25,581.25,0.0,0.0,0.0,0.0,0.0,0.0,0.0,0.0,0.0,0.0,0.0,0.0,104520.3,4665.878267926748,101628.35868810094,107412.24131189907,0.62354,0.26575263853608094,0.4588248081332036,0.7882551918667964,581.25,0.0
intelligent_dstep,dstep_full,100,500,500,rician,1.25,10,1.0,0.0,1.0,1.0,1.0,0.0,1.0,1.0,194.6,8.591985930052623,189.27463194803505,199.92536805196494,2078.99896,47.63411087945274,2049.475032199569,2108.522887800431,72.44277,2.57972600140661,70.84383925889368,74.04170074110631,378.9,26.73011784485808,362.33250131516525,395.4674986848347,581.25,0.0,581.25,581.25,131.25,0.0,131.25,131.25,520.5,14.850065469365587,511.2958340639807,529.7041659360193,162.65625,4.640642990230749,159.77994967526257,165.53255032473743,5256.2,279.630232032709,5082.883386570512,5429.516613429488,3.53312,0.8209846023728662,3.0242684715845165,4.041971528415483,1395.65625,19.49070845946003
classical_baseline,event_driven,100,500,500,rician,1.25,10,1.0,0.0,1.0,1.0,1.0,0.0,1.0,1.0,1730.7,29.265261925285337,1712.56120273496,1748.83879726504,1444.75306,21.265107906521465,1431.5728095679228,1457.9333104320772,719.62506,12.168495908533657,712.0829480971963,727.1671719028036,493.128,12.075422973958304,485.643575299704,500.61242470029595,0.0,0.0,0.0,0.0,0.0,0.0,0.0,0.0,0.0,0.0,0.0,0.0,0.0,0.0,0.0,0.0,104520.3,4665.878267926748,101628.35868810094,107412.24131189907,0.62754,0.26575263853608094,0.4628248081332036,0.7922551918667964,0.0,0.0
classical_baseline,periodic,100,500,500,rician,1.25,10,1.0,0.0,1.0,1.0,1.0,0.0,1.0,1.0,3000.0,0.0,3000.0,3000.0,2019.4,0.0,2019.4,2019.4,1247.4,0.0,1247.4,1247.4,540.0,0.0,540.0,540.0,0.0,0.0,0.0,0.0,0.0,0.0,0.0,0.0,0.0,0.0,0.0,0.0,0.0,0.0,0.0,0.0,181147.6,6208.787396370835,177299.35370266542,184995.8462973346,0.62754,0.26575263853608094,0.4628248081332036,0.7922551918667964,0.0,0.0
classical_baseline,distributed_edge,100,500,500,rician,1.5,10,1.0,0.0,1.0,1.0,1.0,0.0,1.0,1.0,1730.7,29.265261925285337,1712.56120273496,1748.83879726504,2142.25306,21.265107906521372,2129.072809567923,2155.433310432077,719.62506,12.168495908533657,712.0829480971963,727.1671719028036,493.128,12.075422973958304,485.643575299704,500.61242470029595,697.5,0.0,697.5,697.5,0.0,0.0,0.0,0.0,0.0,0.0,0.0,0.0,0.0,0.0,0.0,0.0,104520.3,4665.878267926748,101628.35868810094,107412.24131189907,0.62354,0.26575263853608094,0.4588248081332036,0.7882551918667964,697.5,0.0
intelligent_dstep,dstep_full,100,500,500,rician,1.5,10,1.0,0.0,1.0,1.0,1.0,0.0,1.0,1.0,194.6,8.591985930052623,189.27463194803505,199.92536805196494,2358.13027,51.52844104222764,2326.1926113576565,2390.0679286423438,72.44277,2.57972600140661,70.84383925889368,74.04170074110631,378.9,26.73011784485808,362.33250131516525,395.4674986848347,697.5,0.0,697.5,697.5,157.5,0.0,157.5,157.5,624.6,17.820078563238727,613.5550008767768,635.6449991232232,195.1875,5.568774551012097,191.73593777399276,198.63906222600724,5256.2,279.630232032709,5082.883386570512,5429.516613429488,3.53312,0.8209846023728662,3.0242684715845165,4.041971528415483,1674.7875,23.38885311425084
classical_baseline,event_driven,100,500,500,rician,1.5,10,1.0,0.0,1.0,1.0,1.0,0.0,1.0,1.0,1730.7,29.265261925285337,1712.56120273496,1748.83879726504,1444.75306,21.265107906521465,1431.5728095679228,1457.9333104320772,719.62506,12.168495908533657,712.0829480971963,727.1671719028036,493.128,12.075422973958304,485.643575299704,500.61242470029595,0.0,0.0,0.0,0.0,0.0,0.0,0.0,0.0,0.0,0.0,0.0,0.0,0.0,0.0,0.0,0.0,104520.3,4665.878267926748,101628.35868810094,107412.24131189907,0.62754,0.26575263853608094,0.4628248081332036,0.7922551918667964,0.0,0.0
classical_baseline,periodic,100,500,500,rician,1.5,10,1.0,0.0,1.0,1.0,1.0,0.0,1.0,1.0,3000.0,0.0,3000.0,3000.0,2019.4,0.0,2019.4,2019.4,1247.4,0.0,1247.4,1247.4,540.0,0.0,540.0,540.0,0.0,0.0,0.0,0.0,0.0,0.0,0.0,0.0,0.0,0.0,0.0,0.0,0.0,0.0,0.0,0.0,181147.6,6208.787396370835,177299.35370266542,184995.8462973346,0.62754,0.26575263853608094,0.4628248081332036,0.7922551918667964,0.0,0.0
classical_baseline,distributed_edge,100,500,500,rician,2.0,10,1.0,0.0,1.0,1.0,1.0,0.0,1.0,1.0,1730.7,29.265261925285337,1712.56120273496,1748.83879726504,2374.75306,21.265107906521372,2361.572809567923,2387.933310432077,719.62506,12.168495908533657,712.0829480971963,727.1671719028036,493.128,12.075422973958304,485.643575299704,500.61242470029595,930.0,0.0,930.0,930.0,0.0,0.0,0.0,0.0,0.0,0.0,0.0,0.0,0.0,0.0,0.0,0.0,104520.3,4665.878267926748,101628.35868810094,107412.24131189907,0.62354,0.26575263853608094,0.4588248081332036,0.7882551918667964,930.0,0.0
intelligent_dstep,dstep_full,100,500,500,rician,2.0,10,1.0,0.0,1.0,1.0,1.0,0.0,1.0,1.0,194.6,8.591985930052623,189.27463194803505,199.92536805196494,2916.39277,59.31860461026541,2879.626717954485,2953.158822045515,72.44277,2.57972600140661,70.84383925889368,74.04170074110631,378.9,26.73011784485808,362.33250131516525,395.4674986848347,930.0,0.0,930.0,930.0,210.0,0.0,210.0,210.0,832.8,23.760104750984944,818.0733345023691,847.5266654976308,260.25,7.425032734682794,255.64791703199035,264.85208296800965,5256.2,279.630232032709,5082.883386570512,5429.516613429488,3.53312,0.8209846023728662,3.0242684715845165,4.041971528415483,2233.05,31.18513748566784
classical_baseline,event_driven,100,500,500,rician,2.0,10,1.0,0.0,1.0,1.0,1.0,0.0,1.0,1.0,1730.7,29.265261925285337,1712.56120273496,1748.83879726504,1444.75306,21.265107906521465,1431.5728095679228,1457.9333104320772,719.62506,12.168495908533657,712.0829480971963,727.1671719028036,493.128,12.075422973958304,485.643575299704,500.61242470029595,0.0,0.0,0.0,0.0,0.0,0.0,0.0,0.0,0.0,0.0,0.0,0.0,0.0,0.0,0.0,0.0,104520.3,4665.878267926748,101628.35868810094,107412.24131189907,0.62754,0.26575263853608094,0.4628248081332036,0.7922551918667964,0.0,0.0
classical_baseline,periodic,100,500,500,rician,2.0,10,1.0,0.0,1.0,1.0,1.0,0.0,1.0,1.0,3000.0,0.0,3000.0,3000.0,2019.4,0.0,2019.4,2019.4,1247.4,0.0,1247.4,1247.4,540.0,0.0,540.0,540.0,0.0,0.0,0.0,0.0,0.0,0.0,0.0,0.0,0.0,0.0,0.0,0.0,0.0,0.0,0.0,0.0,181147.6,6208.787396370835,177299.35370266542,184995.8462973346,0.62754,0.26575263853608094,0.4628248081332036,0.7922551918667964,0.0,0.0
classical_baseline,distributed_edge,100,500,500,rician,3.0,10,1.0,0.0,1.0,1.0,1.0,0.0,1.0,1.0,1730.7,29.265261925285337,1712.56120273496,1748.83879726504,2839.75306,21.265107906521372,2826.572809567923,2852.933310432077,719.62506,12.168495908533657,712.0829480971963,727.1671719028036,493.128,12.075422973958304,485.643575299704,500.61242470029595,1395.0,0.0,1395.0,1395.0,0.0,0.0,0.0,0.0,0.0,0.0,0.0,0.0,0.0,0.0,0.0,0.0,104520.3,4665.878267926748,101628.35868810094,107412.24131189907,0.62354,0.26575263853608094,0.4588248081332036,0.7882551918667964,1395.0,0.0
intelligent_dstep,dstep_full,100,500,500,rician,3.0,10,1.0,0.0,1.0,1.0,1.0,0.0,1.0,1.0,194.6,8.591985930052623,189.27463194803505,199.92536805196494,4032.9177600000003,74.90274333488424,3986.492558701087,4079.3429612989135,72.44277,2.57972600140661,70.84383925889368,74.04170074110631,378.9,26.73011784485808,362.33250131516525,395.4674986848347,1395.0,0.0,1395.0,1395.0,315.0,0.0,315.0,315.0,1249.2,35.640157126477455,1227.1100017535537,1271.2899982464464,390.375,11.137549102024193,383.4718755479855,397.2781244520145,5256.2,279.630232032709,5082.883386570512,5429.516613429488,3.53312,0.8209846023728662,3.0242684715845165,4.041971528415483,3349.575,46.77770622850168
classical_baseline,event_driven,100,500,500,rician,3.0,10,1.0,0.0,1.0,1.0,1.0,0.0,1.0,1.0,1730.7,29.265261925285337,1712.56120273496,1748.83879726504,1444.75306,21.265107906521465,1431.5728095679228,1457.9333104320772,719.62506,12.168495908533657,712.0829480971963,727.1671719028036,493.128,12.075422973958304,485.643575299704,500.61242470029595,0.0,0.0,0.0,0.0,0.0,0.0,0.0,0.0,0.0,0.0,0.0,0.0,0.0,0.0,0.0,0.0,104520.3,4665.878267926748,101628.35868810094,107412.24131189907,0.62754,0.26575263853608094,0.4628248081332036,0.7922551918667964,0.0,0.0
classical_baseline,periodic,100,500,500,rician,3.0,10,1.0,0.0,1.0,1.0,1.0,0.0,1.0,1.0,3000.0,0.0,3000.0,3000.0,2019.4,0.0,2019.4,2019.4,1247.4,0.0,1247.4,1247.4,540.0,0.0,540.0,540.0,0.0,0.0,0.0,0.0,0.0,0.0,0.0,0.0,0.0,0.0,0.0,0.0,0.0,0.0,0.0,0.0,181147.6,6208.787396370835,177299.35370266542,184995.8462973346,0.62754,0.26575263853608094,0.4628248081332036,0.7922551918667964,0.0,0.0
classical_baseline,distributed_edge,100,500,500,rician,4.0,10,1.0,0.0,1.0,1.0,1.0,0.0,1.0,1.0,1730.7,29.265261925285337,1712.56120273496,1748.83879726504,3304.75306,21.265107906521372,3291.572809567923,3317.933310432077,719.62506,12.168495908533657,712.0829480971963,727.1671719028036,493.128,12.075422973958304,485.643575299704,500.61242470029595,1860.0,0.0,1860.0,1860.0,0.0,0.0,0.0,0.0,0.0,0.0,0.0,0.0,0.0,0.0,0.0,0.0,104520.3,4665.878267926748,101628.35868810094,107412.24131189907,0.62354,0.26575263853608094,0.4588248081332036,0.7882551918667964,1860.0,0.0
intelligent_dstep,dstep_full,100,500,500,rician,4.0,10,1.0,0.0,1.0,1.0,1.0,0.0,1.0,1.0,194.6,8.591985930052623,189.27463194803505,199.92536805196494,5149.44277,90.4898022960359,5093.356609466334,5205.5289305336655,72.44277,2.57972600140661,70.84383925889368,74.04170074110631,378.9,26.73011784485808,362.33250131516525,395.4674986848347,1860.0,0.0,1860.0,1860.0,420.0,0.0,420.0,420.0,1665.6,47.52020950196989,1636.1466690047382,1695.0533309952616,520.5,14.850065469365587,511.2958340639807,529.7041659360193,5256.2,279.630232032709,5082.883386570512,5429.516613429488,3.53312,0.8209846023728662,3.0242684715845165,4.041971528415483,4466.1,62.37027497133568
classical_baseline,event_driven,100,500,500,rician,4.0,10,1.0,0.0,1.0,1.0,1.0,0.0,1.0,1.0,1730.7,29.265261925285337,1712.56120273496,1748.83879726504,1444.75306,21.265107906521465,1431.5728095679228,1457.9333104320772,719.62506,12.168495908533657,712.0829480971963,727.1671719028036,493.128,12.075422973958304,485.643575299704,500.61242470029595,0.0,0.0,0.0,0.0,0.0,0.0,0.0,0.0,0.0,0.0,0.0,0.0,0.0,0.0,0.0,0.0,104520.3,4665.878267926748,101628.35868810094,107412.24131189907,0.62754,0.26575263853608094,0.4628248081332036,0.7922551918667964,0.0,0.0
classical_baseline,periodic,100,500,500,rician,4.0,10,1.0,0.0,1.0,1.0,1.0,0.0,1.0,1.0,3000.0,0.0,3000.0,3000.0,2019.4,0.0,2019.4,2019.4,1247.4,0.0,1247.4,1247.4,540.0,0.0,540.0,540.0,0.0,0.0,0.0,0.0,0.0,0.0,0.0,0.0,0.0,0.0,0.0,0.0,0.0,0.0,0.0,0.0,181147.6,6208.787396370835,177299.35370266542,184995.8462973346,0.62754,0.26575263853608094,0.4628248081332036,0.7922551918667964,0.0,0.0
